"city","minute","carNow","transitNow","activeNow","populationChange","vsDailyAverage","routeDerivedCarPopulation","curveCarPopulationSameCoverage"
"zurich","0","0","0","0","0","-52701","0","0"
"zurich","5","0","0","0","0","-52701","0","0"
"zurich","10","0","0","0","0","-52701","0","0"
"zurich","15","0","0","0","0","-52701","0","0"
"zurich","20","0","0","0","0","-52701","0","0"
"zurich","25","0","0","0","0","-52701","0","0"
"zurich","30","0","0","0","0","-52701","0","0"
"zurich","35","0","0","0","0","-52701","0","0"
"zurich","40","0","0","0","0","-52701","0","0"
"zurich","45","0","0","0","0","-52701","0","0"
"zurich","50","0","0","0","0","-52701","0","0"
"zurich","55","0","0","0","0","-52701","0","0"
"zurich","60","0","0","0","0","-52701","0","0"
"zurich","65","0","0","0","0","-52701","0","0"
"zurich","70","0","0","0","0","-52701","0","0"
"zurich","75","0","0","0","0","-52701","0","0"
"zurich","80","0","0","0","0","-52701","0","0"
"zurich","85","0","0","0","0","-52701","0","0"
"zurich","90","0","0","0","0","-52701","0","0"
"zurich","95","0","0","0","0","-52701","0","0"
"zurich","100","0","0","0","0","-52701","0","0"
"zurich","105","0","0","0","0","-52701","0","0"
"zurich","110","0","0","0","0","-52701","0","0"
"zurich","115","0","0","0","0","-52701","0","0"
"zurich","120","0","0","0","0","-52701","0","0"
"zurich","125","0","0","0","0","-52701","0","0"
"zurich","130","0","0","0","0","-52701","0","0"
"zurich","135","0","0","0","0","-52701","0","0"
"zurich","140","0","0","0","0","-52701","0","0"
"zurich","145","0","0","0","0","-52701","0","0"
"zurich","150","0","0","0","0","-52701","0","0"
"zurich","155","0","0","0","0","-52701","0","0"
"zurich","160","0","0","0","0","-52701","0","0"
"zurich","165","0","0","0","0","-52701","0","0"
"zurich","170","0","0","0","0","-52701","0","0"
"zurich","175","0","0","0","0","-52701","0","0"
"zurich","180","0","0","0","0","-52701","0","0"
"zurich","185","0","0","0","0","-52701","0","0"
"zurich","190","0","0","0","0","-52701","0","0"
"zurich","195","0","0","0","0","-52701","0","0"
"zurich","200","0","0","0","0","-52701","0","0"
"zurich","205","0","0","0","0","-52701","0","0"
"zurich","210","0","0","0","0","-52701","0","0"
"zurich","215","0","0","0","0","-52701","0","0"
"zurich","220","0","0","0","0","-52701","0","0"
"zurich","225","0","0","0","0","-52701","0","0"
"zurich","230","0","0","0","0","-52701","0","0"
"zurich","235","0","0","0","0","-52701","0","0"
"zurich","240","0","0","0","0","-52701","0","0"
"zurich","245","0","0","0","0","-52701","0","0"
"zurich","250","0","0","0","0","-52701","0","0"
"zurich","255","0","0","0","0","-52701","0","0"
"zurich","260","0","0","0","0","-52701","0","0"
"zurich","265","0","0","0","0","-52701","0","0"
"zurich","270","0","0","0","0","-52701","0","0"
"zurich","275","0","0","0","0","-52701","0","0"
"zurich","280","0","0","0","0","-52701","0","0"
"zurich","285","0","0","0","0","-52701","0","0"
"zurich","290","0","0","0","0","-52701","0","0"
"zurich","295","0","0","0","0","-52701","0","0"
"zurich","300","0","0","0","0","-52701","0","0"
"zurich","305","46","90","3","-30","-52731","-10","-10"
"zurich","310","183","361","12","-121","-52822","-41","-41"
"zurich","315","412","812","27","-271","-52972","-92","-92"
"zurich","320","732","1444","48","-482","-53183","-164","-164"
"zurich","325","1136","2255","75","-746","-53447","-250","-250"
"zurich","330","1604","3218","108","-1031","-53732","-337","-337"
"zurich","335","2120","4292","146","-1289","-53990","-411","-411"
"zurich","340","2663","5455","187","-1488","-54189","-456","-456"
"zurich","345","3224","6687","232","-1601","-54302","-465","-465"
"zurich","350","3795","7962","281","-1602","-54303","-430","-430"
"zurich","355","4371","9269","332","-1479","-54180","-350","-350"
"zurich","360","4949","10602","385","-1222","-53923","-221","-221"
"zurich","365","5529","11950","441","-824","-53525","-42","-42"
"zurich","370","6110","13310","499","-281","-52982","186","186"
"zurich","375","6691","14678","558","412","-52289","464","464"
"zurich","380","7273","16055","619","1254","-51447","792","792"
"zurich","385","7855","17437","682","2248","-50453","1171","1171"
"zurich","390","8437","18823","745","3395","-49306","1599","1599"
"zurich","395","9019","20213","809","4696","-48005","2079","2079"
"zurich","400","9601","21605","873","6153","-46548","2609","2609"
"zurich","405","10183","22999","938","7766","-44935","3190","3190"
"zurich","410","10766","24393","1003","9536","-43165","3821","3821"
"zurich","415","11348","25787","1068","11463","-41238","4503","4503"
"zurich","420","11930","27181","1133","13548","-39153","5235","5235"
"zurich","425","12512","28576","1198","15790","-36911","6018","6018"
"zurich","430","13094","29970","1264","18190","-34511","6851","6851"
"zurich","435","13676","31365","1329","20747","-31954","7735","7735"
"zurich","440","14258","32759","1394","23462","-29239","8669","8669"
"zurich","445","14840","34154","1459","26334","-26367","9654","9654"
"zurich","450","15422","35548","1524","29364","-23337","10690","10690"
"zurich","455","15913","36762","1583","32611","-20090","11796","11796"
"zurich","460","16221","37615","1630","36137","-16564","12994","12994"
"zurich","465","16345","38107","1665","39940","-12761","14284","14284"
"zurich","470","16287","38237","1688","44021","-8680","15664","15664"
"zurich","475","16061","38009","1699","48367","-4334","17125","17125"
"zurich","480","15706","37479","1699","52911","210","18639","18639"
"zurich","485","15258","36725","1689","57560","4859","20176","20176"
"zurich","490","14753","35793","1671","62247","9546","21706","21706"
"zurich","495","14214","34725","1646","66920","14219","23213","23213"
"zurich","500","13654","33568","1615","71528","18827","24685","24685"
"zurich","505","13084","32348","1578","76043","23342","26116","26116"
"zurich","510","12510","31078","1536","80450","27749","27499","27499"
"zurich","515","11932","29776","1489","84731","32030","28835","28835"
"zurich","520","11352","28451","1439","88878","36177","30123","30123"
"zurich","525","10771","27108","1385","92886","40185","31360","31360"
"zurich","530","10190","25750","1328","96751","44050","32548","32548"
"zurich","535","9608","24380","1268","100470","47769","33686","33686"
"zurich","540","9026","23001","1207","104041","51340","34773","34773"
"zurich","545","8444","21616","1144","107461","54760","35810","35810"
"zurich","550","7862","20226","1081","110727","58026","36796","36796"
"zurich","555","7280","18834","1017","113837","61136","37732","37732"
"zurich","560","6698","17440","952","116792","64091","38617","38617"
"zurich","565","6116","16046","887","119590","66889","39451","39451"
"zurich","570","5534","14651","822","122230","69529","40236","40236"
"zurich","575","4951","13257","756","124713","72012","40969","40969"
"zurich","580","4369","11863","691","127038","74337","41652","41652"
"zurich","585","3787","10468","626","129206","76505","42285","42285"
"zurich","590","3205","9074","561","131216","78515","42867","42867"
"zurich","595","2623","7679","496","133069","80368","43398","43398"
"zurich","600","2041","6285","431","134764","82063","43879","43879"
"zurich","605","1505","4981","368","136272","83571","44299","44299"
"zurich","610","1060","3857","312","137562","84861","44648","44648"
"zurich","615","706","2914","262","138634","85933","44926","44926"
"zurich","620","444","2151","218","139489","86788","45133","45133"
"zurich","625","266","1568","180","140132","87431","45275","45275"
"zurich","630","153","1136","148","140598","87897","45365","45365"
"zurich","635","86","816","120","140932","88231","45418","45418"
"zurich","640","47","585","97","141169","88468","45450","45450"
"zurich","645","26","422","77","141334","88633","45467","45467"
"zurich","650","14","303","60","141453","88752","45477","45477"
"zurich","655","8","216","46","141539","88838","45482","45482"
"zurich","660","5","153","34","141601","88900","45486","45486"
"zurich","665","2","107","25","141647","88946","45488","45488"
"zurich","670","1","72","17","141681","88980","45489","45489"
"zurich","675","1","47","12","141706","89005","45489","45489"
"zurich","680","0","29","7","141723","89022","45490","45490"
"zurich","685","0","16","5","141735","89034","45490","45490"
"zurich","690","0","9","3","141742","89041","45490","45490"
"zurich","695","0","4","2","141746","89045","45490","45490"
"zurich","700","0","2","1","141749","89048","45490","45490"
"zurich","705","0","0","0","141750","89049","45490","45490"
"zurich","710","0","0","0","141750","89049","45490","45490"
"zurich","715","0","0","0","141750","89049","45490","45490"
"zurich","720","0","0","0","141750","89049","45490","45490"
"zurich","725","0","0","0","141750","89049","45490","45490"
"zurich","730","0","0","0","141750","89049","45490","45490"
"zurich","735","0","0","0","141750","89049","45490","45490"
"zurich","740","0","0","0","141750","89049","45490","45490"
"zurich","745","0","0","0","141750","89049","45490","45490"
"zurich","750","0","0","0","141750","89049","45490","45490"
"zurich","755","0","0","0","141750","89049","45490","45490"
"zurich","760","0","0","0","141750","89049","45490","45490"
"zurich","765","0","0","0","141750","89049","45490","45490"
"zurich","770","0","0","0","141750","89049","45490","45490"
"zurich","775","0","0","0","141750","89049","45490","45490"
"zurich","780","0","0","0","141750","89049","45490","45490"
"zurich","785","0","0","0","141750","89049","45490","45490"
"zurich","790","0","0","0","141750","89049","45490","45490"
"zurich","795","0","0","0","141750","89049","45490","45490"
"zurich","800","0","0","0","141750","89049","45490","45490"
"zurich","805","0","0","0","141750","89049","45490","45490"
"zurich","810","0","0","0","141750","89049","45490","45490"
"zurich","815","0","0","0","141750","89049","45490","45490"
"zurich","820","0","0","0","141750","89049","45490","45490"
"zurich","825","0","0","0","141750","89049","45490","45490"
"zurich","830","0","0","0","141750","89049","45490","45490"
"zurich","835","0","0","0","141750","89049","45490","45490"
"zurich","840","0","0","0","141750","89049","45490","45490"
"zurich","845","0","0","0","141750","89049","45490","45490"
"zurich","850","0","0","0","141750","89049","45490","45490"
"zurich","855","0","0","0","141750","89049","45490","45490"
"zurich","860","0","0","0","141750","89049","45490","45490"
"zurich","865","0","0","0","141750","89049","45490","45490"
"zurich","870","0","0","0","141750","89049","45490","45490"
"zurich","875","0","0","0","141750","89049","45490","45490"
"zurich","880","0","0","0","141750","89049","45490","45490"
"zurich","885","0","0","0","141750","89049","45490","45490"
"zurich","890","0","0","0","141750","89049","45490","45490"
"zurich","895","0","0","0","141750","89049","45490","45490"
"zurich","900","0","0","0","141750","89049","45490","45490"
"zurich","905","46","90","3","141641","88940","45454","45454"
"zurich","910","183","361","12","141314","88613","45348","45348"
"zurich","915","412","812","27","140770","88069","45170","45170"
"zurich","920","732","1444","48","140008","87307","44922","44922"
"zurich","925","1137","2255","75","139031","86330","44605","44605"
"zurich","930","1610","3218","108","137853","85152","44226","44226"
"zurich","935","2133","4292","146","136488","83787","43787","43787"
"zurich","940","2687","5455","188","134942","82241","43293","43293"
"zurich","945","3259","6687","233","133223","80522","42746","42746"
"zurich","950","3843","7962","282","131335","78634","42146","42146"
"zurich","955","4432","9269","333","129283","76582","41495","41495"
"zurich","960","5024","10602","387","127068","74367","40793","40793"
"zurich","965","5618","11950","444","124692","71991","40040","40040"
"zurich","970","6213","13310","502","122155","69454","39237","39237"
"zurich","975","6808","14678","562","119459","66758","38383","38383"
"zurich","980","7403","16055","624","116604","63903","37479","37479"
"zurich","985","7998","17437","687","113589","60888","36524","36524"
"zurich","990","8593","18823","751","110416","57715","35519","35519"
"zurich","995","9188","20213","815","107085","54384","34463","34463"
"zurich","1000","9783","21605","881","103595","50894","33356","33356"
"zurich","1005","10379","22999","946","99948","47247","32199","32199"
"zurich","1010","10974","24393","1012","96142","43441","30992","30992"
"zurich","1015","11569","25787","1078","92179","39478","29733","29733"
"zurich","1020","12164","27181","1144","88059","35358","28425","28425"
"zurich","1025","12759","28576","1209","83781","31080","27065","27065"
"zurich","1030","13354","29970","1275","79345","26644","25656","25656"
"zurich","1035","13950","31365","1341","74752","22051","24195","24195"
"zurich","1040","14545","32759","1407","70002","17301","22684","22684"
"zurich","1045","15140","34154","1473","65094","12393","21123","21123"
"zurich","1050","15735","35548","1539","60028","7327","19511","19511"
"zurich","1055","16239","36762","1598","55023","2322","17920","17920"
"zurich","1060","16560","37615","1646","50296","-2405","16420","16420"
"zurich","1065","16697","38107","1682","45847","-6854","15011","15011"
"zurich","1070","16652","38237","1705","41676","-11025","13694","13694"
"zurich","1075","16437","38009","1717","37776","-14925","12462","12462"
"zurich","1080","16086","37479","1717","34121","-18580","11306","11306"
"zurich","1085","15636","36725","1708","30684","-22017","10217","10217"
"zurich","1090","15123","35793","1690","27450","-25251","9189","9189"
"zurich","1095","14574","34725","1665","24406","-28295","8218","8218"
"zurich","1100","14002","33568","1634","21541","-31160","7300","7300"
"zurich","1105","13418","32348","1597","18847","-33854","6434","6434"
"zurich","1110","12829","31078","1554","16322","-36379","5619","5619"
"zurich","1115","12237","29776","1508","13961","-38740","4855","4855"
"zurich","1120","11643","28451","1457","11763","-40938","4142","4142"
"zurich","1125","11048","27108","1402","9728","-42973","3479","3479"
"zurich","1130","10453","25750","1345","7853","-44848","2867","2867"
"zurich","1135","9858","24380","1285","6139","-46562","2306","2306"
"zurich","1140","9263","23001","1222","4585","-48116","1795","1795"
"zurich","1145","8668","21616","1159","3190","-49511","1335","1335"
"zurich","1150","8072","20226","1094","1953","-50748","925","925"
"zurich","1155","7477","18834","1029","875","-51826","566","566"
"zurich","1160","6882","17440","964","-45","-52746","257","257"
"zurich","1165","6287","16046","898","-807","-53508","-1","-1"
"zurich","1170","5692","14651","832","-1411","-54112","-209","-209"
"zurich","1175","5096","13257","766","-1858","-54559","-366","-366"
"zurich","1180","4501","11863","700","-2148","-54849","-472","-472"
"zurich","1185","3906","10468","634","-2280","-54981","-528","-528"
"zurich","1190","3311","9074","569","-2254","-54955","-534","-534"
"zurich","1195","2716","7679","503","-2071","-54772","-489","-489"
"zurich","1200","2120","6285","437","-1731","-54432","-393","-393"
"zurich","1205","1571","4981","374","-1342","-54043","-283","-283"
"zurich","1210","1113","3857","317","-1013","-53714","-192","-192"
"zurich","1215","747","2914","266","-744","-53445","-123","-123"
"zurich","1220","472","2151","222","-536","-53237","-73","-73"
"zurich","1225","282","1568","183","-384","-53085","-42","-42"
"zurich","1230","160","1136","150","-277","-52978","-22","-22"
"zurich","1235","87","816","122","-199","-52900","-11","-11"
"zurich","1240","46","585","98","-144","-52845","-5","-5"
"zurich","1245","23","422","77","-106","-52807","-2","-2"
"zurich","1250","11","303","60","-78","-52779","-1","-1"
"zurich","1255","6","216","46","-57","-52758","0","0"
"zurich","1260","3","153","34","-42","-52743","0","0"
"zurich","1265","1","107","24","-30","-52731","0","0"
"zurich","1270","0","72","17","-21","-52722","0","0"
"zurich","1275","0","47","11","-14","-52715","0","0"
"zurich","1280","0","29","7","-9","-52710","0","0"
"zurich","1285","0","16","4","-5","-52706","0","0"
"zurich","1290","0","9","2","-3","-52704","0","0"
"zurich","1295","0","4","1","-2","-52703","0","0"
"zurich","1300","0","2","0","-1","-52702","0","0"
"zurich","1305","0","0","0","0","-52701","0","0"
"zurich","1310","0","0","0","0","-52701","0","0"
"zurich","1315","0","0","0","0","-52701","0","0"
"zurich","1320","0","0","0","0","-52701","0","0"
"zurich","1325","0","0","0","0","-52701","0","0"
"zurich","1330","0","0","0","0","-52701","0","0"
"zurich","1335","0","0","0","0","-52701","0","0"
"zurich","1340","0","0","0","0","-52701","0","0"
"zurich","1345","0","0","0","0","-52701","0","0"
"zurich","1350","0","0","0","0","-52701","0","0"
"zurich","1355","0","0","0","0","-52701","0","0"
"zurich","1360","0","0","0","0","-52701","0","0"
"zurich","1365","0","0","0","0","-52701","0","0"
"zurich","1370","0","0","0","0","-52701","0","0"
"zurich","1375","0","0","0","0","-52701","0","0"
"zurich","1380","0","0","0","0","-52701","0","0"
"zurich","1385","0","0","0","0","-52701","0","0"
"zurich","1390","0","0","0","0","-52701","0","0"
"zurich","1395","0","0","0","0","-52701","0","0"
"zurich","1400","0","0","0","0","-52701","0","0"
"zurich","1405","0","0","0","0","-52701","0","0"
"zurich","1410","0","0","0","0","-52701","0","0"
"zurich","1415","0","0","0","0","-52701","0","0"
"zurich","1420","0","0","0","0","-52701","0","0"
"zurich","1425","0","0","0","0","-52701","0","0"
"zurich","1430","0","0","0","0","-52701","0","0"
"zurich","1435","0","0","0","0","-52701","0","0"
"zurich","1440","0","0","0","0","-52701","0","0"
"geneva","0","0","0","0","0","-48676","0","0"
"geneva","5","0","0","0","0","-48676","0","0"
"geneva","10","0","0","0","0","-48676","0","0"
"geneva","15","0","0","0","0","-48676","0","0"
"geneva","20","0","0","0","0","-48676","0","0"
"geneva","25","0","0","0","0","-48676","0","0"
"geneva","30","0","0","0","0","-48676","0","0"
"geneva","35","0","0","0","0","-48676","0","0"
"geneva","40","0","0","0","0","-48676","0","0"
"geneva","45","0","0","0","0","-48676","0","0"
"geneva","50","0","0","0","0","-48676","0","0"
"geneva","55","0","0","0","0","-48676","0","0"
"geneva","60","0","0","0","0","-48676","0","0"
"geneva","65","0","0","0","0","-48676","0","0"
"geneva","70","0","0","0","0","-48676","0","0"
"geneva","75","0","0","0","0","-48676","0","0"
"geneva","80","0","0","0","0","-48676","0","0"
"geneva","85","0","0","0","0","-48676","0","0"
"geneva","90","0","0","0","0","-48676","0","0"
"geneva","95","0","0","0","0","-48676","0","0"
"geneva","100","0","0","0","0","-48676","0","0"
"geneva","105","0","0","0","0","-48676","0","0"
"geneva","110","0","0","0","0","-48676","0","0"
"geneva","115","0","0","0","0","-48676","0","0"
"geneva","120","0","0","0","0","-48676","0","0"
"geneva","125","0","0","0","0","-48676","0","0"
"geneva","130","0","0","0","0","-48676","0","0"
"geneva","135","0","0","0","0","-48676","0","0"
"geneva","140","0","0","0","0","-48676","0","0"
"geneva","145","0","0","0","0","-48676","0","0"
"geneva","150","0","0","0","0","-48676","0","0"
"geneva","155","0","0","0","0","-48676","0","0"
"geneva","160","0","0","0","0","-48676","0","0"
"geneva","165","0","0","0","0","-48676","0","0"
"geneva","170","0","0","0","0","-48676","0","0"
"geneva","175","0","0","0","0","-48676","0","0"
"geneva","180","0","0","0","0","-48676","0","0"
"geneva","185","0","0","0","0","-48676","0","0"
"geneva","190","0","0","0","0","-48676","0","0"
"geneva","195","0","0","0","0","-48676","0","0"
"geneva","200","0","0","0","0","-48676","0","0"
"geneva","205","0","0","0","0","-48676","0","0"
"geneva","210","0","0","0","0","-48676","0","0"
"geneva","215","0","0","0","0","-48676","0","0"
"geneva","220","0","0","0","0","-48676","0","0"
"geneva","225","0","0","0","0","-48676","0","0"
"geneva","230","0","0","0","0","-48676","0","0"
"geneva","235","0","0","0","0","-48676","0","0"
"geneva","240","0","0","0","0","-48676","0","0"
"geneva","245","0","0","0","0","-48676","0","0"
"geneva","250","0","0","0","0","-48676","0","0"
"geneva","255","0","0","0","0","-48676","0","0"
"geneva","260","0","0","0","0","-48676","0","0"
"geneva","265","0","0","0","0","-48676","0","0"
"geneva","270","0","0","0","0","-48676","0","0"
"geneva","275","0","0","0","0","-48676","0","0"
"geneva","280","0","0","0","0","-48676","0","0"
"geneva","285","0","0","0","0","-48676","0","0"
"geneva","290","0","0","0","0","-48676","0","0"
"geneva","295","0","0","0","0","-48676","0","0"
"geneva","300","0","0","0","0","-48676","0","0"
"geneva","305","55","17","3","-3","-48679","-1","-1"
"geneva","310","220","69","14","-11","-48687","-4","-4"
"geneva","315","493","156","31","-24","-48700","-8","-8"
"geneva","320","872","277","55","-39","-48715","-10","-10"
"geneva","325","1351","433","85","-48","-48724","-4","-4"
"geneva","330","1916","623","121","-37","-48713","23","23"
"geneva","335","2547","847","161","14","-48662","91","91"
"geneva","340","3229","1103","203","125","-48551","216","216"
"geneva","345","3945","1387","247","316","-48360","412","412"
"geneva","350","4684","1696","292","602","-48074","693","693"
"geneva","355","5435","2025","338","997","-47679","1068","1068"
"geneva","360","6194","2373","385","1509","-47167","1541","1541"
"geneva","365","6958","2735","433","2143","-46533","2114","2114"
"geneva","370","7726","3110","480","2902","-45774","2790","2790"
"geneva","375","8495","3495","529","3790","-44886","3570","3570"
"geneva","380","9266","3887","577","4810","-43866","4455","4455"
"geneva","385","10037","4286","625","5965","-42711","5444","5444"
"geneva","390","10808","4688","674","7256","-41420","6539","6539"
"geneva","395","11580","5093","722","8685","-39991","7739","7739"
"geneva","400","12352","5501","771","10252","-38424","9045","9045"
"geneva","405","13124","5909","819","11957","-36719","10456","10456"
"geneva","410","13896","6319","868","13802","-34874","11973","11973"
"geneva","415","14669","6730","916","15785","-32891","13596","13596"
"geneva","420","15441","7142","965","17908","-30768","15324","15324"
"geneva","425","16213","7554","1013","20171","-28505","17158","17158"
"geneva","430","16985","7966","1062","22574","-26102","19098","19098"
"geneva","435","17757","8378","1110","25117","-23559","21143","21143"
"geneva","440","18529","8790","1159","27800","-20876","23294","23294"
"geneva","445","19302","9202","1207","30623","-18053","25551","25551"
"geneva","450","20074","9615","1256","33585","-15091","27913","27913"
"geneva","455","20736","9992","1298","36694","-11982","30383","30383"
"geneva","460","21179","10301","1325","39954","-8722","32963","32963"
"geneva","465","21405","10540","1339","43363","-5313","35651","35651"
"geneva","470","21419","10710","1340","46915","-1761","38440","38440"
"geneva","475","21233","10810","1328","50597","1921","41319","41319"
"geneva","480","20876","10843","1305","54379","5703","44261","44261"
"geneva","485","20384","10808","1274","58220","9544","47228","47228"
"geneva","490","19794","10708","1238","62081","13405","50186","50186"
"geneva","495","19134","10552","1199","65923","17247","53106","53106"
"geneva","500","18427","10347","1157","69715","21039","55965","55965"
"geneva","505","17697","10100","1113","73427","24751","58740","58740"
"geneva","510","16952","9819","1068","77047","28371","61425","61425"
"geneva","515","16196","9506","1022","80564","31888","64013","64013"
"geneva","520","15433","9169","975","83971","35295","66504","66504"
"geneva","525","14666","8811","927","87258","38582","68892","68892"
"geneva","530","13897","8439","879","90421","41745","71177","71177"
"geneva","535","13127","8055","831","93456","44780","73357","73357"
"geneva","540","12356","7662","782","96358","47682","75432","75432"
"geneva","545","11585","7264","734","99125","50449","77402","77402"
"geneva","550","10813","6862","686","101756","53080","79267","79267"
"geneva","555","10041","6457","637","104250","55574","81026","81026"
"geneva","560","9269","6049","589","106606","57930","82680","82680"
"geneva","565","8497","5640","540","108823","60147","84228","84228"
"geneva","570","7725","5230","492","110902","62226","85670","85670"
"geneva","575","6952","4818","443","112841","64165","87007","87007"
"geneva","580","6180","4407","395","114640","65964","88238","88238"
"geneva","585","5408","3995","346","116300","67624","89363","89363"
"geneva","590","4636","3583","297","117819","69143","90383","90383"
"geneva","595","3864","3171","249","119199","70523","91297","91297"
"geneva","600","3092","2759","200","120439","71763","92105","92105"
"geneva","605","2374","2364","155","121536","72860","92806","92806"
"geneva","610","1767","2003","117","122487","73811","93400","93400"
"geneva","615","1268","1678","86","123293","74617","93888","93888"
"geneva","620","875","1386","61","123959","75283","94271","94271"
"geneva","625","582","1130","43","124489","75813","94556","94556"
"geneva","630","374","907","30","124899","76223","94758","94758"
"geneva","635","234","719","22","125209","76533","94894","94894"
"geneva","640","143","563","15","125439","76763","94982","94982"
"geneva","645","87","434","10","125609","76933","95036","95036"
"geneva","650","54","331","7","125734","77058","95067","95067"
"geneva","655","33","248","5","125829","77153","95088","95088"
"geneva","660","20","182","3","125900","77224","95101","95101"
"geneva","665","11","132","2","125952","77276","95109","95109"
"geneva","670","7","95","1","125989","77313","95113","95113"
"geneva","675","4","67","1","126016","77340","95116","95116"
"geneva","680","2","47","1","126035","77359","95118","95118"
"geneva","685","1","33","0","126048","77372","95119","95119"
"geneva","690","1","23","0","126058","77382","95119","95119"
"geneva","695","0","16","0","126065","77389","95120","95120"
"geneva","700","0","11","0","126070","77394","95120","95120"
"geneva","705","0","7","0","126073","77397","95120","95120"
"geneva","710","0","5","0","126075","77399","95120","95120"
"geneva","715","0","3","0","126077","77401","95120","95120"
"geneva","720","0","2","0","126078","77402","95120","95120"
"geneva","725","0","1","0","126079","77403","95120","95120"
"geneva","730","0","1","0","126079","77403","95120","95120"
"geneva","735","0","1","0","126079","77403","95120","95120"
"geneva","740","0","0","0","126080","77404","95120","95120"
"geneva","745","0","0","0","126080","77404","95120","95120"
"geneva","750","0","0","0","126080","77404","95120","95120"
"geneva","755","0","0","0","126080","77404","95120","95120"
"geneva","760","0","0","0","126080","77404","95120","95120"
"geneva","765","0","0","0","126080","77404","95120","95120"
"geneva","770","0","0","0","126080","77404","95120","95120"
"geneva","775","0","0","0","126080","77404","95120","95120"
"geneva","780","0","0","0","126080","77404","95120","95120"
"geneva","785","0","0","0","126080","77404","95120","95120"
"geneva","790","0","0","0","126080","77404","95120","95120"
"geneva","795","0","0","0","126080","77404","95120","95120"
"geneva","800","0","0","0","126080","77404","95120","95120"
"geneva","805","0","0","0","126080","77404","95120","95120"
"geneva","810","0","0","0","126080","77404","95120","95120"
"geneva","815","0","0","0","126080","77404","95120","95120"
"geneva","820","0","0","0","126080","77404","95120","95120"
"geneva","825","0","0","0","126080","77404","95120","95120"
"geneva","830","0","0","0","126080","77404","95120","95120"
"geneva","835","0","0","0","126080","77404","95120","95120"
"geneva","840","0","0","0","126080","77404","95120","95120"
"geneva","845","0","0","0","126080","77404","95120","95120"
"geneva","850","0","0","0","126080","77404","95120","95120"
"geneva","855","0","0","0","126080","77404","95120","95120"
"geneva","860","0","0","0","126080","77404","95120","95120"
"geneva","865","0","0","0","126080","77404","95120","95120"
"geneva","870","0","0","0","126080","77404","95120","95120"
"geneva","875","0","0","0","126080","77404","95120","95120"
"geneva","880","0","0","0","126080","77404","95120","95120"
"geneva","885","0","0","0","126080","77404","95120","95120"
"geneva","890","0","0","0","126080","77404","95120","95120"
"geneva","895","0","0","0","126080","77404","95120","95120"
"geneva","900","0","0","0","126080","77404","95120","95120"
"geneva","905","55","17","3","126007","77331","95066","95066"
"geneva","910","220","69","14","125789","77113","94905","94905"
"geneva","915","493","156","31","125424","76748","94635","94635"
"geneva","920","872","277","55","124914","76238","94258","94258"
"geneva","925","1349","433","86","124258","75582","93773","93773"
"geneva","930","1911","623","122","123457","74781","93181","93181"
"geneva","935","2539","847","162","122511","73835","92482","92482"
"geneva","940","3215","1105","206","121420","72744","91675","91675"
"geneva","945","3926","1391","252","120185","71509","90762","90762"
"geneva","950","4660","1703","299","118805","70129","89742","89742"
"geneva","955","5408","2036","348","117283","68607","88616","88616"
"geneva","960","6162","2386","397","115617","66941","87384","87384"
"geneva","965","6920","2752","447","113810","65134","86046","86046"
"geneva","970","7679","3131","498","111860","63184","84602","84602"
"geneva","975","8440","3521","549","109768","61092","83052","83052"
"geneva","980","9201","3919","601","107535","58859","81397","81397"
"geneva","985","9963","4323","653","105162","56486","79636","79636"
"geneva","990","10725","4730","704","102647","53971","77769","77769"
"geneva","995","11488","5141","756","99992","51316","75797","75797"
"geneva","1000","12251","5555","808","97196","48520","73719","73719"
"geneva","1005","13013","5969","860","94260","45584","71535","71535"
"geneva","1010","13776","6385","912","91183","42507","69246","69246"
"geneva","1015","14539","6802","963","87967","39291","66851","66851"
"geneva","1020","15302","7220","1015","84610","35934","64350","64350"
"geneva","1025","16065","7637","1067","81113","32437","61743","61743"
"geneva","1030","16828","8055","1119","77476","28800","59031","59031"
"geneva","1035","17591","8473","1171","73699","25023","56213","56213"
"geneva","1040","18354","8891","1223","69782","21106","53290","53290"
"geneva","1045","19117","9309","1275","65725","17049","50261","50261"
"geneva","1050","19879","9727","1327","61528","12852","47126","47126"
"geneva","1055","20533","10111","1372","57336","8660","43993","43993"
"geneva","1060","20966","10425","1403","53296","4620","40970","40970"
"geneva","1065","21182","10670","1420","49407","731","38056","38056"
"geneva","1070","21187","10845","1424","45670","-3006","35253","35253"
"geneva","1075","20996","10952","1415","42083","-6593","32559","32559"
"geneva","1080","20635","10990","1395","38648","-10028","29975","29975"
"geneva","1085","20143","10960","1366","35363","-13313","27499","27499"
"geneva","1090","19553","10864","1330","32227","-16449","25131","25131"
"geneva","1095","18894","10709","1291","29239","-19437","22871","22871"
"geneva","1100","18188","10504","1248","26400","-22276","20719","20719"
"geneva","1105","17456","10256","1203","23707","-24969","18674","18674"
"geneva","1110","16711","9973","1156","21159","-27517","16736","16736"
"geneva","1115","15958","9660","1107","18756","-29920","14903","14903"
"geneva","1120","15202","9321","1057","16498","-32178","13176","13176"
"geneva","1125","14443","8959","1007","14382","-34294","11555","11555"
"geneva","1130","13684","8581","956","12409","-36267","10039","10039"
"geneva","1135","12923","8192","905","10578","-38098","8630","8630"
"geneva","1140","12161","7795","853","8888","-39788","7325","7325"
"geneva","1145","11399","7391","802","7340","-41336","6127","6127"
"geneva","1150","10636","6982","750","5933","-42743","5034","5034"
"geneva","1155","9874","6571","698","4666","-44010","4048","4048"
"geneva","1160","9111","6157","646","3539","-45137","3166","3166"
"geneva","1165","8348","5742","594","2553","-46123","2391","2391"
"geneva","1170","7585","5325","543","1707","-46969","1721","1721"
"geneva","1175","6822","4908","491","1001","-47675","1157","1157"
"geneva","1180","6060","4491","439","435","-48241","698","698"
"geneva","1185","5297","4073","387","10","-48666","345","345"
"geneva","1190","4534","3655","335","-276","-48952","98","98"
"geneva","1195","3771","3237","283","-421","-49097","-43","-43"
"geneva","1200","3008","2819","231","-427","-49103","-79","-79"
"geneva","1205","2300","2419","183","-365","-49041","-63","-63"
"geneva","1210","1702","2052","141","-309","-48985","-49","-49"
"geneva","1215","1212","1721","107","-258","-48934","-37","-37"
"geneva","1220","828","1424","79","-213","-48889","-27","-27"
"geneva","1225","542","1162","57","-174","-48850","-19","-19"
"geneva","1230","341","934","42","-140","-48816","-13","-13"
"geneva","1235","206","739","30","-111","-48787","-8","-8"
"geneva","1240","119","579","22","-87","-48763","-5","-5"
"geneva","1245","67","447","16","-67","-48743","-3","-3"
"geneva","1250","39","340","11","-51","-48727","-1","-1"
"geneva","1255","24","255","8","-38","-48714","-1","-1"
"geneva","1260","15","187","5","-27","-48703","0","0"
"geneva","1265","10","135","4","-19","-48695","0","0"
"geneva","1270","6","95","2","-13","-48689","0","0"
"geneva","1275","4","67","2","-9","-48685","0","0"
"geneva","1280","3","47","1","-6","-48682","0","0"
"geneva","1285","1","32","1","-4","-48680","0","0"
"geneva","1290","1","22","1","-2","-48678","0","0"
"geneva","1295","1","15","1","-1","-48677","0","0"
"geneva","1300","0","10","0","-1","-48677","0","0"
"geneva","1305","0","6","0","0","-48676","0","0"
"geneva","1310","0","4","0","0","-48676","0","0"
"geneva","1315","0","3","0","0","-48676","0","0"
"geneva","1320","0","2","0","0","-48676","0","0"
"geneva","1325","0","1","0","0","-48676","0","0"
"geneva","1330","0","1","0","0","-48676","0","0"
"geneva","1335","0","1","0","0","-48676","0","0"
"geneva","1340","0","1","0","0","-48676","0","0"
"geneva","1345","0","0","0","0","-48676","0","0"
"geneva","1350","0","0","0","0","-48676","0","0"
"geneva","1355","0","0","0","0","-48676","0","0"
"geneva","1360","0","0","0","0","-48676","0","0"
"geneva","1365","0","0","0","0","-48676","0","0"
"geneva","1370","0","0","0","0","-48676","0","0"
"geneva","1375","0","0","0","0","-48676","0","0"
"geneva","1380","0","0","0","0","-48676","0","0"
"geneva","1385","0","0","0","0","-48676","0","0"
"geneva","1390","0","0","0","0","-48676","0","0"
"geneva","1395","0","0","0","0","-48676","0","0"
"geneva","1400","0","0","0","0","-48676","0","0"
"geneva","1405","0","0","0","0","-48676","0","0"
"geneva","1410","0","0","0","0","-48676","0","0"
"geneva","1415","0","0","0","0","-48676","0","0"
"geneva","1420","0","0","0","0","-48676","0","0"
"geneva","1425","0","0","0","0","-48676","0","0"
"geneva","1430","0","0","0","0","-48676","0","0"
"geneva","1435","0","0","0","0","-48676","0","0"
"geneva","1440","0","0","0","0","-48676","0","0"
"basel","0","0","0","0","0","-19473","0","0"
"basel","5","0","0","0","0","-19473","0","0"
"basel","10","0","0","0","0","-19473","0","0"
"basel","15","0","0","0","0","-19473","0","0"
"basel","20","0","0","0","0","-19473","0","0"
"basel","25","0","0","0","0","-19473","0","0"
"basel","30","0","0","0","0","-19473","0","0"
"basel","35","0","0","0","0","-19473","0","0"
"basel","40","0","0","0","0","-19473","0","0"
"basel","45","0","0","0","0","-19473","0","0"
"basel","50","0","0","0","0","-19473","0","0"
"basel","55","0","0","0","0","-19473","0","0"
"basel","60","0","0","0","0","-19473","0","0"
"basel","65","0","0","0","0","-19473","0","0"
"basel","70","0","0","0","0","-19473","0","0"
"basel","75","0","0","0","0","-19473","0","0"
"basel","80","0","0","0","0","-19473","0","0"
"basel","85","0","0","0","0","-19473","0","0"
"basel","90","0","0","0","0","-19473","0","0"
"basel","95","0","0","0","0","-19473","0","0"
"basel","100","0","0","0","0","-19473","0","0"
"basel","105","0","0","0","0","-19473","0","0"
"basel","110","0","0","0","0","-19473","0","0"
"basel","115","0","0","0","0","-19473","0","0"
"basel","120","0","0","0","0","-19473","0","0"
"basel","125","0","0","0","0","-19473","0","0"
"basel","130","0","0","0","0","-19473","0","0"
"basel","135","0","0","0","0","-19473","0","0"
"basel","140","0","0","0","0","-19473","0","0"
"basel","145","0","0","0","0","-19473","0","0"
"basel","150","0","0","0","0","-19473","0","0"
"basel","155","0","0","0","0","-19473","0","0"
"basel","160","0","0","0","0","-19473","0","0"
"basel","165","0","0","0","0","-19473","0","0"
"basel","170","0","0","0","0","-19473","0","0"
"basel","175","0","0","0","0","-19473","0","0"
"basel","180","0","0","0","0","-19473","0","0"
"basel","185","0","0","0","0","-19473","0","0"
"basel","190","0","0","0","0","-19473","0","0"
"basel","195","0","0","0","0","-19473","0","0"
"basel","200","0","0","0","0","-19473","0","0"
"basel","205","0","0","0","0","-19473","0","0"
"basel","210","0","0","0","0","-19473","0","0"
"basel","215","0","0","0","0","-19473","0","0"
"basel","220","0","0","0","0","-19473","0","0"
"basel","225","0","0","0","0","-19473","0","0"
"basel","230","0","0","0","0","-19473","0","0"
"basel","235","0","0","0","0","-19473","0","0"
"basel","240","0","0","0","0","-19473","0","0"
"basel","245","0","0","0","0","-19473","0","0"
"basel","250","0","0","0","0","-19473","0","0"
"basel","255","0","0","0","0","-19473","0","0"
"basel","260","0","0","0","0","-19473","0","0"
"basel","265","0","0","0","0","-19473","0","0"
"basel","270","0","0","0","0","-19473","0","0"
"basel","275","0","0","0","0","-19473","0","0"
"basel","280","0","0","0","0","-19473","0","0"
"basel","285","0","0","0","0","-19473","0","0"
"basel","290","0","0","0","0","-19473","0","0"
"basel","295","0","0","0","0","-19473","0","0"
"basel","300","0","0","0","0","-19473","0","0"
"basel","305","17","16","12","-8","-19481","-3","-3"
"basel","310","66","63","48","-33","-19506","-13","-13"
"basel","315","148","141","109","-73","-19546","-29","-29"
"basel","320","260","251","193","-126","-19599","-48","-48"
"basel","325","391","391","297","-180","-19653","-64","-64"
"basel","330","533","548","415","-213","-19686","-68","-68"
"basel","335","680","716","542","-210","-19683","-57","-57"
"basel","340","830","892","677","-167","-19640","-29","-29"
"basel","345","981","1073","819","-78","-19551","19","19"
"basel","350","1134","1258","965","59","-19414","86","86"
"basel","355","1287","1446","1116","246","-19227","172","172"
"basel","360","1440","1636","1270","484","-18989","279","279"
"basel","365","1594","1828","1427","774","-18699","406","406"
"basel","370","1747","2021","1586","1118","-18355","554","554"
"basel","375","1900","2215","1746","1516","-17957","721","721"
"basel","380","2054","2409","1908","1969","-17504","909","909"
"basel","385","2207","2604","2070","2477","-16996","1117","1117"
"basel","390","2360","2798","2232","3041","-16432","1345","1345"
"basel","395","2514","2993","2394","3662","-15811","1594","1594"
"basel","400","2667","3188","2557","4338","-15135","1862","1862"
"basel","405","2820","3383","2719","5071","-14402","2151","2151"
"basel","410","2974","3578","2881","5860","-13613","2461","2461"
"basel","415","3127","3773","3044","6705","-12768","2790","2790"
"basel","420","3280","3968","3206","7607","-11866","3140","3140"
"basel","425","3434","4162","3368","8564","-10909","3510","3510"
"basel","430","3587","4357","3531","9578","-9895","3900","3900"
"basel","435","3741","4552","3693","10648","-8825","4310","4310"
"basel","440","3894","4747","3855","11774","-7699","4741","4741"
"basel","445","4047","4942","4018","12956","-6517","5192","5192"
"basel","450","4201","5137","4180","14194","-5279","5663","5663"
"basel","455","4321","5300","4318","15505","-3968","6161","6161"
"basel","460","4375","5401","4408","16905","-2568","6692","6692"
"basel","465","4364","5439","4449","18392","-1081","7255","7255"
"basel","470","4294","5414","4442","19962","489","7846","7846"
"basel","475","4185","5330","4398","21590","2117","8450","8450"
"basel","480","4055","5210","4324","23230","3757","9051","9051"
"basel","485","3914","5069","4232","24856","5383","9642","9642"
"basel","490","3768","4913","4124","26457","6984","10219","10219"
"basel","495","3618","4745","4003","28024","8551","10777","10777"
"basel","500","3466","4570","3873","29550","10077","11317","11317"
"basel","505","3313","4389","3734","31033","11560","11837","11837"
"basel","510","3160","4203","3589","32469","12996","12338","12338"
"basel","515","3007","4015","3437","33857","14384","12818","12818"
"basel","520","2854","3823","3281","35195","15722","13278","13278"
"basel","525","2700","3630","3122","36480","17007","13717","13717"
"basel","530","2547","3437","2961","37711","18238","14137","14137"
"basel","535","2394","3242","2800","38888","19415","14536","14536"
"basel","540","2240","3048","2638","40009","20536","14915","14915"
"basel","545","2087","2853","2475","41074","21601","15274","15274"
"basel","550","1934","2658","2313","42083","22610","15613","15613"
"basel","555","1780","2463","2151","43035","23562","15931","15931"
"basel","560","1627","2268","1988","43932","24459","16229","16229"
"basel","565","1474","2073","1826","44772","25299","16507","16507"
"basel","570","1320","1878","1664","45556","26083","16764","16764"
"basel","575","1167","1684","1501","46284","26811","17002","17002"
"basel","580","1014","1489","1339","46956","27483","17219","17219"
"basel","585","860","1294","1177","47571","28098","17416","17416"
"basel","590","707","1099","1014","48130","28657","17592","17592"
"basel","595","553","904","852","48634","29161","17749","17749"
"basel","600","400","709","690","49081","29608","17885","17885"
"basel","605","263","530","540","49463","29990","17998","17998"
"basel","610","159","382","414","49773","30300","18084","18084"
"basel","615","88","266","312","50011","30538","18143","18143"
"basel","620","47","181","234","50180","30707","18179","18179"
"basel","625","25","126","175","50292","30819","18198","18198"
"basel","630","13","88","131","50370","30897","18209","18209"
"basel","635","6","61","96","50426","30953","18214","18214"
"basel","640","3","42","69","50467","30994","18217","18217"
"basel","645","1","28","48","50497","31024","18218","18218"
"basel","650","1","18","32","50519","31046","18219","18219"
"basel","655","0","11","20","50535","31062","18219","18219"
"basel","660","0","7","12","50546","31073","18219","18219"
"basel","665","0","4","6","50553","31080","18219","18219"
"basel","670","0","2","3","50557","31084","18219","18219"
"basel","675","0","1","1","50560","31087","18219","18219"
"basel","680","0","0","0","50561","31088","18219","18219"
"basel","685","0","0","0","50561","31088","18219","18219"
"basel","690","0","0","0","50561","31088","18219","18219"
"basel","695","0","0","0","50561","31088","18219","18219"
"basel","700","0","0","0","50561","31088","18219","18219"
"basel","705","0","0","0","50561","31088","18219","18219"
"basel","710","0","0","0","50561","31088","18219","18219"
"basel","715","0","0","0","50561","31088","18219","18219"
"basel","720","0","0","0","50561","31088","18219","18219"
"basel","725","0","0","0","50561","31088","18219","18219"
"basel","730","0","0","0","50561","31088","18219","18219"
"basel","735","0","0","0","50561","31088","18219","18219"
"basel","740","0","0","0","50561","31088","18219","18219"
"basel","745","0","0","0","50561","31088","18219","18219"
"basel","750","0","0","0","50561","31088","18219","18219"
"basel","755","0","0","0","50561","31088","18219","18219"
"basel","760","0","0","0","50561","31088","18219","18219"
"basel","765","0","0","0","50561","31088","18219","18219"
"basel","770","0","0","0","50561","31088","18219","18219"
"basel","775","0","0","0","50561","31088","18219","18219"
"basel","780","0","0","0","50561","31088","18219","18219"
"basel","785","0","0","0","50561","31088","18219","18219"
"basel","790","0","0","0","50561","31088","18219","18219"
"basel","795","0","0","0","50561","31088","18219","18219"
"basel","800","0","0","0","50561","31088","18219","18219"
"basel","805","0","0","0","50561","31088","18219","18219"
"basel","810","0","0","0","50561","31088","18219","18219"
"basel","815","0","0","0","50561","31088","18219","18219"
"basel","820","0","0","0","50561","31088","18219","18219"
"basel","825","0","0","0","50561","31088","18219","18219"
"basel","830","0","0","0","50561","31088","18219","18219"
"basel","835","0","0","0","50561","31088","18219","18219"
"basel","840","0","0","0","50561","31088","18219","18219"
"basel","845","0","0","0","50561","31088","18219","18219"
"basel","850","0","0","0","50561","31088","18219","18219"
"basel","855","0","0","0","50561","31088","18219","18219"
"basel","860","0","0","0","50561","31088","18219","18219"
"basel","865","0","0","0","50561","31088","18219","18219"
"basel","870","0","0","0","50561","31088","18219","18219"
"basel","875","0","0","0","50561","31088","18219","18219"
"basel","880","0","0","0","50561","31088","18219","18219"
"basel","885","0","0","0","50561","31088","18219","18219"
"basel","890","0","0","0","50561","31088","18219","18219"
"basel","895","0","0","0","50561","31088","18219","18219"
"basel","900","0","0","0","50561","31088","18219","18219"
"basel","905","17","16","12","50525","31052","18206","18206"
"basel","910","66","63","48","50416","30943","18166","18166"
"basel","915","148","141","109","50235","30762","18099","18099"
"basel","920","260","251","193","49983","30510","18007","18007"
"basel","925","393","391","297","49663","30190","17892","17892"
"basel","930","536","548","415","49279","29806","17755","17755"
"basel","935","685","716","543","48835","29362","17598","17598"
"basel","940","837","892","679","48330","28857","17420","17420"
"basel","945","991","1073","822","47768","28295","17221","17221"
"basel","950","1146","1258","969","47147","27674","17002","17002"
"basel","955","1301","1446","1120","46469","26996","16763","16763"
"basel","960","1457","1636","1275","45734","26261","16503","16503"
"basel","965","1613","1828","1433","44942","25469","16224","16224"
"basel","970","1768","2021","1593","44093","24620","15923","15923"
"basel","975","1924","2215","1755","43187","23714","15603","15603"
"basel","980","2080","2409","1919","42225","22752","15262","15262"
"basel","985","2236","2604","2083","41207","21734","14902","14902"
"basel","990","2392","2798","2248","40133","20660","14520","14520"
"basel","995","2547","2993","2414","39002","19529","14119","14119"
"basel","1000","2703","3188","2579","37815","18342","13697","13697"
"basel","1005","2859","3383","2745","36572","17099","13256","13256"
"basel","1010","3015","3578","2910","35273","15800","12794","12794"
"basel","1015","3171","3773","3076","33918","14445","12311","12311"
"basel","1020","3326","3968","3241","32506","13033","11809","11809"
"basel","1025","3482","4162","3407","31039","11566","11286","11286"
"basel","1030","3638","4357","3572","29515","10042","10743","10743"
"basel","1035","3794","4552","3738","27935","8462","10180","10180"
"basel","1040","3950","4747","3903","26298","6825","9596","9596"
"basel","1045","4105","4942","4069","24606","5133","8992","8992"
"basel","1050","4261","5137","4234","22857","3384","8368","8368"
"basel","1055","4384","5300","4376","21125","1652","7751","7751"
"basel","1060","4441","5401","4468","19481","8","7166","7166"
"basel","1065","4432","5439","4513","17926","-1547","6614","6614"
"basel","1070","4364","5414","4510","16457","-3016","6094","6094"
"basel","1075","4255","5330","4469","15068","-4405","5599","5599"
"basel","1080","4124","5210","4398","13749","-5724","5127","5127"
"basel","1085","3981","5069","4307","12497","-6976","4675","4675"
"basel","1090","3833","4913","4200","11307","-8166","4245","4245"
"basel","1095","3681","4745","4081","10178","-9295","3836","3836"
"basel","1100","3527","4570","3952","9109","-10364","3448","3448"
"basel","1105","3372","4389","3815","8098","-11375","3080","3080"
"basel","1110","3217","4203","3671","7146","-12327","2732","2732"
"basel","1115","3061","4015","3520","6252","-13221","2405","2405"
"basel","1120","2906","3823","3366","5414","-14059","2098","2098"
"basel","1125","2750","3630","3207","4634","-14839","1811","1811"
"basel","1130","2594","3437","3045","3910","-15563","1544","1544"
"basel","1135","2438","3242","2882","3243","-16230","1298","1298"
"basel","1140","2283","3048","2716","2632","-16841","1071","1071"
"basel","1145","2127","2853","2551","2077","-17396","865","865"
"basel","1150","1971","2658","2386","1579","-17894","680","680"
"basel","1155","1815","2463","2220","1136","-18337","514","514"
"basel","1160","1659","2268","2055","750","-18723","369","369"
"basel","1165","1504","2073","1889","420","-19053","244","244"
"basel","1170","1348","1878","1724","146","-19327","139","139"
"basel","1175","1192","1684","1558","-71","-19544","55","55"
"basel","1180","1036","1489","1393","-233","-19706","-9","-9"
"basel","1185","880","1294","1227","-338","-19811","-54","-54"
"basel","1190","725","1099","1062","-387","-19860","-77","-77"
"basel","1195","569","904","896","-380","-19853","-81","-81"
"basel","1200","413","709","731","-317","-19790","-64","-64"
"basel","1205","274","530","577","-234","-19707","-40","-40"
"basel","1210","167","382","448","-167","-19640","-23","-23"
"basel","1215","94","266","343","-116","-19589","-12","-12"
"basel","1220","50","181","262","-80","-19553","-7","-7"
"basel","1225","27","126","200","-56","-19529","-4","-4"
"basel","1230","14","88","152","-40","-19513","-2","-2"
"basel","1235","8","61","115","-28","-19501","-1","-1"
"basel","1240","4","42","86","-19","-19492","-1","-1"
"basel","1245","2","28","63","-13","-19486","0","0"
"basel","1250","1","18","44","-8","-19481","0","0"
"basel","1255","0","11","30","-5","-19478","0","0"
"basel","1260","0","7","19","-3","-19476","0","0"
"basel","1265","0","4","12","-2","-19475","0","0"
"basel","1270","0","2","6","-1","-19474","0","0"
"basel","1275","0","1","3","0","-19473","0","0"
"basel","1280","0","0","1","0","-19473","0","0"
"basel","1285","0","0","0","0","-19473","0","0"
"basel","1290","0","0","0","0","-19473","0","0"
"basel","1295","0","0","0","0","-19473","0","0"
"basel","1300","0","0","0","0","-19473","0","0"
"basel","1305","0","0","0","0","-19473","0","0"
"basel","1310","0","0","0","0","-19473","0","0"
"basel","1315","0","0","0","0","-19473","0","0"
"basel","1320","0","0","0","0","-19473","0","0"
"basel","1325","0","0","0","0","-19473","0","0"
"basel","1330","0","0","0","0","-19473","0","0"
"basel","1335","0","0","0","0","-19473","0","0"
"basel","1340","0","0","0","0","-19473","0","0"
"basel","1345","0","0","0","0","-19473","0","0"
"basel","1350","0","0","0","0","-19473","0","0"
"basel","1355","0","0","0","0","-19473","0","0"
"basel","1360","0","0","0","0","-19473","0","0"
"basel","1365","0","0","0","0","-19473","0","0"
"basel","1370","0","0","0","0","-19473","0","0"
"basel","1375","0","0","0","0","-19473","0","0"
"basel","1380","0","0","0","0","-19473","0","0"
"basel","1385","0","0","0","0","-19473","0","0"
"basel","1390","0","0","0","0","-19473","0","0"
"basel","1395","0","0","0","0","-19473","0","0"
"basel","1400","0","0","0","0","-19473","0","0"
"basel","1405","0","0","0","0","-19473","0","0"
"basel","1410","0","0","0","0","-19473","0","0"
"basel","1415","0","0","0","0","-19473","0","0"
"basel","1420","0","0","0","0","-19473","0","0"
"basel","1425","0","0","0","0","-19473","0","0"
"basel","1430","0","0","0","0","-19473","0","0"
"basel","1435","0","0","0","0","-19473","0","0"
"basel","1440","0","0","0","0","-19473","0","0"
"lausanne","0","0","0","0","0","-11591","0","0"
"lausanne","5","0","0","0","0","-11591","0","0"
"lausanne","10","0","0","0","0","-11591","0","0"
"lausanne","15","0","0","0","0","-11591","0","0"
"lausanne","20","0","0","0","0","-11591","0","0"
"lausanne","25","0","0","0","0","-11591","0","0"
"lausanne","30","0","0","0","0","-11591","0","0"
"lausanne","35","0","0","0","0","-11591","0","0"
"lausanne","40","0","0","0","0","-11591","0","0"
"lausanne","45","0","0","0","0","-11591","0","0"
"lausanne","50","0","0","0","0","-11591","0","0"
"lausanne","55","0","0","0","0","-11591","0","0"
"lausanne","60","0","0","0","0","-11591","0","0"
"lausanne","65","0","0","0","0","-11591","0","0"
"lausanne","70","0","0","0","0","-11591","0","0"
"lausanne","75","0","0","0","0","-11591","0","0"
"lausanne","80","0","0","0","0","-11591","0","0"
"lausanne","85","0","0","0","0","-11591","0","0"
"lausanne","90","0","0","0","0","-11591","0","0"
"lausanne","95","0","0","0","0","-11591","0","0"
"lausanne","100","0","0","0","0","-11591","0","0"
"lausanne","105","0","0","0","0","-11591","0","0"
"lausanne","110","0","0","0","0","-11591","0","0"
"lausanne","115","0","0","0","0","-11591","0","0"
"lausanne","120","0","0","0","0","-11591","0","0"
"lausanne","125","0","0","0","0","-11591","0","0"
"lausanne","130","0","0","0","0","-11591","0","0"
"lausanne","135","0","0","0","0","-11591","0","0"
"lausanne","140","0","0","0","0","-11591","0","0"
"lausanne","145","0","0","0","0","-11591","0","0"
"lausanne","150","0","0","0","0","-11591","0","0"
"lausanne","155","0","0","0","0","-11591","0","0"
"lausanne","160","0","0","0","0","-11591","0","0"
"lausanne","165","0","0","0","0","-11591","0","0"
"lausanne","170","0","0","0","0","-11591","0","0"
"lausanne","175","0","0","0","0","-11591","0","0"
"lausanne","180","0","0","0","0","-11591","0","0"
"lausanne","185","0","0","0","0","-11591","0","0"
"lausanne","190","0","0","0","0","-11591","0","0"
"lausanne","195","0","0","0","0","-11591","0","0"
"lausanne","200","0","0","0","0","-11591","0","0"
"lausanne","205","0","0","0","0","-11591","0","0"
"lausanne","210","0","0","0","0","-11591","0","0"
"lausanne","215","0","0","0","0","-11591","0","0"
"lausanne","220","0","0","0","0","-11591","0","0"
"lausanne","225","0","0","0","0","-11591","0","0"
"lausanne","230","0","0","0","0","-11591","0","0"
"lausanne","235","0","0","0","0","-11591","0","0"
"lausanne","240","0","0","0","0","-11591","0","0"
"lausanne","245","0","0","0","0","-11591","0","0"
"lausanne","250","0","0","0","0","-11591","0","0"
"lausanne","255","0","0","0","0","-11591","0","0"
"lausanne","260","0","0","0","0","-11591","0","0"
"lausanne","265","0","0","0","0","-11591","0","0"
"lausanne","270","0","0","0","0","-11591","0","0"
"lausanne","275","0","0","0","0","-11591","0","0"
"lausanne","280","0","0","0","0","-11591","0","0"
"lausanne","285","0","0","0","0","-11591","0","0"
"lausanne","290","0","0","0","0","-11591","0","0"
"lausanne","295","0","0","0","0","-11591","0","0"
"lausanne","300","0","0","0","0","-11591","0","0"
"lausanne","305","20","12","8","-11","-11602","-3","-3"
"lausanne","310","78","50","30","-44","-11635","-14","-14"
"lausanne","315","172","112","67","-95","-11686","-27","-27"
"lausanne","320","294","200","119","-159","-11750","-39","-39"
"lausanne","325","438","309","181","-227","-11818","-45","-45"
"lausanne","330","600","434","253","-293","-11884","-42","-42"
"lausanne","335","777","572","333","-350","-11941","-25","-25"
"lausanne","340","965","721","420","-394","-11985","8","8"
"lausanne","345","1162","879","514","-421","-12012","58","58"
"lausanne","350","1366","1044","612","-425","-12016","129","129"
"lausanne","355","1576","1215","715","-405","-11996","220","220"
"lausanne","360","1789","1391","823","-359","-11950","334","334"
"lausanne","365","2005","1573","933","-286","-11877","470","470"
"lausanne","370","2224","1758","1047","-183","-11774","629","629"
"lausanne","375","2443","1948","1164","-50","-11641","812","812"
"lausanne","380","2665","2140","1283","113","-11478","1019","1019"
"lausanne","385","2888","2336","1404","307","-11284","1250","1250"
"lausanne","390","3113","2534","1525","534","-11057","1505","1505"
"lausanne","395","3339","2731","1648","794","-10797","1784","1784"
"lausanne","400","3565","2928","1771","1089","-10502","2087","2087"
"lausanne","405","3793","3125","1894","1418","-10173","2415","2415"
"lausanne","410","4022","3323","2018","1781","-9810","2768","2768"
"lausanne","415","4251","3520","2141","2179","-9412","3145","3145"
"lausanne","420","4480","3717","2265","2613","-8978","3548","3548"
"lausanne","425","4710","3915","2389","3082","-8509","3976","3976"
"lausanne","430","4939","4112","2513","3587","-8004","4429","4429"
"lausanne","435","5168","4309","2637","4127","-7464","4908","4908"
"lausanne","440","5397","4506","2761","4702","-6889","5413","5413"
"lausanne","445","5626","4704","2885","5314","-6277","5942","5942"
"lausanne","450","5856","4901","3008","5960","-5631","6498","6498"
"lausanne","455","6046","5073","3117","6664","-4927","7085","7085"
"lausanne","460","6157","5196","3196","7447","-4144","7712","7712"
"lausanne","465","6199","5268","3245","8302","-3289","8370","8370"
"lausanne","470","6185","5291","3267","9219","-2372","9052","9052"
"lausanne","475","6126","5269","3266","10181","-1410","9746","9746"
"lausanne","480","6031","5217","3247","11171","-420","10446","10446"
"lausanne","485","5906","5139","3211","12181","590","11146","11146"
"lausanne","490","5759","5038","3160","13200","1609","11839","11839"
"lausanne","495","5594","4918","3097","14220","2629","12522","12522"
"lausanne","500","5415","4786","3023","15230","3639","13190","13190"
"lausanne","505","5225","4641","2941","16227","4636","13842","13842"
"lausanne","510","5028","4486","2850","17208","5617","14476","14476"
"lausanne","515","4825","4321","2752","18168","6577","15090","15090"
"lausanne","520","4618","4147","2648","19107","7516","15682","15682"
"lausanne","525","4407","3966","2539","20021","8430","16252","16252"
"lausanne","530","4193","3777","2425","20909","9318","16800","16800"
"lausanne","535","3977","3582","2308","21771","10180","17325","17325"
"lausanne","540","3756","3385","2188","22603","11012","17829","17829"
"lausanne","545","3534","3188","2067","23403","11812","18309","18309"
"lausanne","550","3309","2991","1945","24171","12580","18766","18766"
"lausanne","555","3083","2793","1822","24906","13315","19199","19199"
"lausanne","560","2855","2596","1699","25607","14016","19609","19609"
"lausanne","565","2626","2399","1576","26273","14682","19994","19994"
"lausanne","570","2397","2202","1452","26905","15314","20354","20354"
"lausanne","575","2167","2004","1328","27501","15910","20689","20689"
"lausanne","580","1938","1807","1205","28061","16470","20998","20998"
"lausanne","585","1709","1610","1081","28586","16995","21282","21282"
"lausanne","590","1480","1412","957","29075","17484","21540","21540"
"lausanne","595","1251","1215","833","29529","17938","21773","21773"
"lausanne","600","1021","1018","709","29948","18357","21980","21980"
"lausanne","605","812","833","593","30319","18728","22159","22159"
"lausanne","610","641","673","491","30634","19043","22305","22305"
"lausanne","615","506","538","405","30895","19304","22423","22423"
"lausanne","620","398","428","332","31108","19517","22516","22516"
"lausanne","625","313","340","270","31280","19689","22591","22591"
"lausanne","630","246","268","218","31419","19828","22649","22649"
"lausanne","635","194","208","174","31532","19941","22695","22695"
"lausanne","640","153","160","138","31622","20031","22732","22732"
"lausanne","645","120","121","107","31694","20103","22762","22762"
"lausanne","650","95","89","82","31753","20162","22785","22785"
"lausanne","655","76","63","61","31801","20210","22805","22805"
"lausanne","660","60","42","45","31840","20249","22820","22820"
"lausanne","665","47","26","32","31870","20279","22833","22833"
"lausanne","670","36","14","22","31894","20303","22844","22844"
"lausanne","675","26","6","14","31913","20322","22854","22854"
"lausanne","680","19","1","9","31926","20335","22861","22861"
"lausanne","685","12","0","6","31935","20344","22868","22868"
"lausanne","690","8","0","4","31942","20351","22872","22872"
"lausanne","695","4","0","3","31946","20355","22876","22876"
"lausanne","700","2","0","2","31949","20358","22878","22878"
"lausanne","705","1","0","1","31950","20359","22879","22879"
"lausanne","710","0","0","1","31951","20360","22880","22880"
"lausanne","715","0","0","0","31951","20360","22880","22880"
"lausanne","720","0","0","0","31951","20360","22880","22880"
"lausanne","725","0","0","0","31951","20360","22880","22880"
"lausanne","730","0","0","0","31951","20360","22880","22880"
"lausanne","735","0","0","0","31951","20360","22880","22880"
"lausanne","740","0","0","0","31951","20360","22880","22880"
"lausanne","745","0","0","0","31951","20360","22880","22880"
"lausanne","750","0","0","0","31951","20360","22880","22880"
"lausanne","755","0","0","0","31951","20360","22880","22880"
"lausanne","760","0","0","0","31951","20360","22880","22880"
"lausanne","765","0","0","0","31951","20360","22880","22880"
"lausanne","770","0","0","0","31951","20360","22880","22880"
"lausanne","775","0","0","0","31951","20360","22880","22880"
"lausanne","780","0","0","0","31951","20360","22880","22880"
"lausanne","785","0","0","0","31951","20360","22880","22880"
"lausanne","790","0","0","0","31951","20360","22880","22880"
"lausanne","795","0","0","0","31951","20360","22880","22880"
"lausanne","800","0","0","0","31951","20360","22880","22880"
"lausanne","805","0","0","0","31951","20360","22880","22880"
"lausanne","810","0","0","0","31951","20360","22880","22880"
"lausanne","815","0","0","0","31951","20360","22880","22880"
"lausanne","820","0","0","0","31951","20360","22880","22880"
"lausanne","825","0","0","0","31951","20360","22880","22880"
"lausanne","830","0","0","0","31951","20360","22880","22880"
"lausanne","835","0","0","0","31951","20360","22880","22880"
"lausanne","840","0","0","0","31951","20360","22880","22880"
"lausanne","845","0","0","0","31951","20360","22880","22880"
"lausanne","850","0","0","0","31951","20360","22880","22880"
"lausanne","855","0","0","0","31951","20360","22880","22880"
"lausanne","860","0","0","0","31951","20360","22880","22880"
"lausanne","865","0","0","0","31951","20360","22880","22880"
"lausanne","870","0","0","0","31951","20360","22880","22880"
"lausanne","875","0","0","0","31951","20360","22880","22880"
"lausanne","880","0","0","0","31951","20360","22880","22880"
"lausanne","885","0","0","0","31951","20360","22880","22880"
"lausanne","890","0","0","0","31951","20360","22880","22880"
"lausanne","895","0","0","0","31951","20360","22880","22880"
"lausanne","900","0","0","0","31951","20360","22880","22880"
"lausanne","905","20","12","8","31922","20331","22864","22864"
"lausanne","910","79","50","30","31836","20245","22815","22815"
"lausanne","915","173","112","68","31694","20103","22735","22735"
"lausanne","920","295","200","119","31497","19906","22626","22626"
"lausanne","925","440","309","182","31250","19659","22488","22488"
"lausanne","930","603","434","254","30957","19366","22323","22323"
"lausanne","935","780","572","336","30619","19028","22129","22129"
"lausanne","940","967","721","424","30238","18647","21909","21909"
"lausanne","945","1164","879","520","29815","18224","21661","21661"
"lausanne","950","1367","1044","620","29351","17760","21387","21387"
"lausanne","955","1576","1215","726","28846","17255","21086","21086"
"lausanne","960","1788","1391","836","28303","16712","20759","20759"
"lausanne","965","2003","1573","950","27720","16129","20408","20408"
"lausanne","970","2220","1758","1068","27099","15508","20030","20030"
"lausanne","975","2439","1948","1188","26440","14849","19627","19627"
"lausanne","980","2659","2140","1311","25743","14152","19199","19199"
"lausanne","985","2881","2336","1435","25009","13418","18745","18745"
"lausanne","990","3104","2534","1561","24237","12646","18266","18266"
"lausanne","995","3329","2731","1688","23431","11840","17762","17762"
"lausanne","1000","3554","2928","1816","22588","10997","17232","17232"
"lausanne","1005","3781","3125","1943","21710","10119","16677","16677"
"lausanne","1010","4007","3323","2072","20796","9205","16096","16096"
"lausanne","1015","4233","3520","2200","19847","8256","15490","15490"
"lausanne","1020","4460","3717","2329","18863","7272","14858","14858"
"lausanne","1025","4686","3915","2458","17843","6252","14201","14201"
"lausanne","1030","4912","4112","2587","16787","5196","13518","13518"
"lausanne","1035","5139","4309","2716","15696","4105","12810","12810"
"lausanne","1040","5365","4506","2845","14569","2978","12077","12077"
"lausanne","1045","5592","4704","2974","13407","1816","11318","11318"
"lausanne","1050","5818","4901","3103","12209","618","10534","10534"
"lausanne","1055","6005","5073","3217","11034","-557","9757","9757"
"lausanne","1060","6114","5196","3302","9937","-1654","9019","9019"
"lausanne","1065","6151","5268","3356","8918","-2673","8318","8318"
"lausanne","1070","6133","5291","3382","7971","-3620","7651","7651"
"lausanne","1075","6070","5269","3386","7091","-4500","7015","7015"
"lausanne","1080","5971","5217","3370","6267","-5324","6410","6410"
"lausanne","1085","5843","5139","3336","5497","-6094","5835","5835"
"lausanne","1090","5694","5038","3288","4777","-6814","5288","5288"
"lausanne","1095","5528","4918","3227","4106","-7485","4770","4770"
"lausanne","1100","5348","4786","3154","3482","-8109","4281","4281"
"lausanne","1105","5156","4641","3072","2902","-8689","3819","3819"
"lausanne","1110","4958","4486","2981","2365","-9226","3382","3382"
"lausanne","1115","4755","4321","2882","1871","-9720","2972","2972"
"lausanne","1120","4547","4147","2776","1418","-10173","2586","2586"
"lausanne","1125","4336","3966","2665","1006","-10585","2226","2226"
"lausanne","1130","4122","3777","2549","635","-10956","1892","1892"
"lausanne","1135","3905","3582","2429","303","-11288","1583","1583"
"lausanne","1140","3684","3385","2306","9","-11582","1299","1299"
"lausanne","1145","3461","3188","2182","-250","-11841","1041","1041"
"lausanne","1150","3237","2991","2056","-473","-12064","808","808"
"lausanne","1155","3011","2793","1930","-660","-12251","601","601"
"lausanne","1160","2784","2596","1802","-811","-12402","419","419"
"lausanne","1165","2558","2399","1675","-927","-12518","263","263"
"lausanne","1170","2331","2202","1547","-1007","-12598","132","132"
"lausanne","1175","2105","2004","1418","-1052","-12643","26","26"
"lausanne","1180","1879","1807","1289","-1062","-12653","-54","-54"
"lausanne","1185","1652","1610","1160","-1036","-12627","-109","-109"
"lausanne","1190","1426","1412","1031","-974","-12565","-138","-138"
"lausanne","1195","1200","1215","902","-877","-12468","-142","-142"
"lausanne","1200","973","1018","773","-744","-12335","-121","-121"
"lausanne","1205","767","833","651","-605","-12196","-90","-90"
"lausanne","1210","599","673","544","-487","-12078","-66","-66"
"lausanne","1215","467","538","453","-391","-11982","-48","-48"
"lausanne","1220","363","428","375","-313","-11904","-34","-34"
"lausanne","1225","281","340","308","-250","-11841","-23","-23"
"lausanne","1230","218","268","252","-198","-11789","-15","-15"
"lausanne","1235","168","208","204","-154","-11745","-9","-9"
"lausanne","1240","130","160","163","-119","-11710","-5","-5"
"lausanne","1245","99","121","129","-90","-11681","-2","-2"
"lausanne","1250","77","89","101","-66","-11657","-1","-1"
"lausanne","1255","59","63","78","-47","-11638","0","0"
"lausanne","1260","45","42","59","-32","-11623","0","0"
"lausanne","1265","33","26","43","-21","-11612","0","0"
"lausanne","1270","24","14","32","-12","-11603","0","0"
"lausanne","1275","16","6","23","-6","-11597","0","0"
"lausanne","1280","10","1","16","-2","-11593","0","0"
"lausanne","1285","6","0","12","-1","-11592","0","0"
"lausanne","1290","3","0","8","0","-11591","0","0"
"lausanne","1295","1","0","6","0","-11591","0","0"
"lausanne","1300","0","0","4","0","-11591","0","0"
"lausanne","1305","0","0","3","0","-11591","0","0"
"lausanne","1310","0","0","2","0","-11591","0","0"
"lausanne","1315","0","0","1","0","-11591","0","0"
"lausanne","1320","0","0","1","0","-11591","0","0"
"lausanne","1325","0","0","0","0","-11591","0","0"
"lausanne","1330","0","0","0","0","-11591","0","0"
"lausanne","1335","0","0","0","0","-11591","0","0"
"lausanne","1340","0","0","0","0","-11591","0","0"
"lausanne","1345","0","0","0","0","-11591","0","0"
"lausanne","1350","0","0","0","0","-11591","0","0"
"lausanne","1355","0","0","0","0","-11591","0","0"
"lausanne","1360","0","0","0","0","-11591","0","0"
"lausanne","1365","0","0","0","0","-11591","0","0"
"lausanne","1370","0","0","0","0","-11591","0","0"
"lausanne","1375","0","0","0","0","-11591","0","0"
"lausanne","1380","0","0","0","0","-11591","0","0"
"lausanne","1385","0","0","0","0","-11591","0","0"
"lausanne","1390","0","0","0","0","-11591","0","0"
"lausanne","1395","0","0","0","0","-11591","0","0"
"lausanne","1400","0","0","0","0","-11591","0","0"
"lausanne","1405","0","0","0","0","-11591","0","0"
"lausanne","1410","0","0","0","0","-11591","0","0"
"lausanne","1415","0","0","0","0","-11591","0","0"
"lausanne","1420","0","0","0","0","-11591","0","0"
"lausanne","1425","0","0","0","0","-11591","0","0"
"lausanne","1430","0","0","0","0","-11591","0","0"
"lausanne","1435","0","0","0","0","-11591","0","0"
"lausanne","1440","0","0","0","0","-11591","0","0"
"bern","0","0","0","0","0","-25132","0","0"
"bern","5","0","0","0","0","-25132","0","0"
"bern","10","0","0","0","0","-25132","0","0"
"bern","15","0","0","0","0","-25132","0","0"
"bern","20","0","0","0","0","-25132","0","0"
"bern","25","0","0","0","0","-25132","0","0"
"bern","30","0","0","0","0","-25132","0","0"
"bern","35","0","0","0","0","-25132","0","0"
"bern","40","0","0","0","0","-25132","0","0"
"bern","45","0","0","0","0","-25132","0","0"
"bern","50","0","0","0","0","-25132","0","0"
"bern","55","0","0","0","0","-25132","0","0"
"bern","60","0","0","0","0","-25132","0","0"
"bern","65","0","0","0","0","-25132","0","0"
"bern","70","0","0","0","0","-25132","0","0"
"bern","75","0","0","0","0","-25132","0","0"
"bern","80","0","0","0","0","-25132","0","0"
"bern","85","0","0","0","0","-25132","0","0"
"bern","90","0","0","0","0","-25132","0","0"
"bern","95","0","0","0","0","-25132","0","0"
"bern","100","0","0","0","0","-25132","0","0"
"bern","105","0","0","0","0","-25132","0","0"
"bern","110","0","0","0","0","-25132","0","0"
"bern","115","0","0","0","0","-25132","0","0"
"bern","120","0","0","0","0","-25132","0","0"
"bern","125","0","0","0","0","-25132","0","0"
"bern","130","0","0","0","0","-25132","0","0"
"bern","135","0","0","0","0","-25132","0","0"
"bern","140","0","0","0","0","-25132","0","0"
"bern","145","0","0","0","0","-25132","0","0"
"bern","150","0","0","0","0","-25132","0","0"
"bern","155","0","0","0","0","-25132","0","0"
"bern","160","0","0","0","0","-25132","0","0"
"bern","165","0","0","0","0","-25132","0","0"
"bern","170","0","0","0","0","-25132","0","0"
"bern","175","0","0","0","0","-25132","0","0"
"bern","180","0","0","0","0","-25132","0","0"
"bern","185","0","0","0","0","-25132","0","0"
"bern","190","0","0","0","0","-25132","0","0"
"bern","195","0","0","0","0","-25132","0","0"
"bern","200","0","0","0","0","-25132","0","0"
"bern","205","0","0","0","0","-25132","0","0"
"bern","210","0","0","0","0","-25132","0","0"
"bern","215","0","0","0","0","-25132","0","0"
"bern","220","0","0","0","0","-25132","0","0"
"bern","225","0","0","0","0","-25132","0","0"
"bern","230","0","0","0","0","-25132","0","0"
"bern","235","0","0","0","0","-25132","0","0"
"bern","240","0","0","0","0","-25132","0","0"
"bern","245","0","0","0","0","-25132","0","0"
"bern","250","0","0","0","0","-25132","0","0"
"bern","255","0","0","0","0","-25132","0","0"
"bern","260","0","0","0","0","-25132","0","0"
"bern","265","0","0","0","0","-25132","0","0"
"bern","270","0","0","0","0","-25132","0","0"
"bern","275","0","0","0","0","-25132","0","0"
"bern","280","0","0","0","0","-25132","0","0"
"bern","285","0","0","0","0","-25132","0","0"
"bern","290","0","0","0","0","-25132","0","0"
"bern","295","0","0","0","0","-25132","0","0"
"bern","300","0","0","0","0","-25132","0","0"
"bern","305","22","30","3","-9","-25141","-3","-3"
"bern","310","86","119","12","-35","-25167","-11","-11"
"bern","315","191","268","26","-78","-25210","-24","-24"
"bern","320","330","477","46","-128","-25260","-33","-33"
"bern","325","493","742","70","-179","-25311","-34","-34"
"bern","330","678","1048","98","-212","-25344","-21","-21"
"bern","335","876","1387","129","-215","-25347","11","11"
"bern","340","1082","1754","163","-177","-25309","68","68"
"bern","345","1294","2142","199","-92","-25224","151","151"
"bern","350","1509","2547","238","48","-25084","263","263"
"bern","355","1727","2964","279","248","-24884","405","405"
"bern","360","1946","3389","322","511","-24621","577","577"
"bern","365","2167","3820","367","840","-24292","780","780"
"bern","370","2388","4255","413","1237","-23895","1014","1014"
"bern","375","2610","4695","461","1702","-23430","1279","1279"
"bern","380","2832","5139","510","2236","-22896","1575","1575"
"bern","385","3054","5586","559","2839","-22293","1903","1903"
"bern","390","3276","6035","610","3513","-21619","2263","2263"
"bern","395","3499","6486","661","4259","-20873","2654","2654"
"bern","400","3721","6938","712","5076","-20056","3076","3076"
"bern","405","3944","7391","763","5966","-19166","3530","3530"
"bern","410","4167","7845","815","6928","-18204","4016","4016"
"bern","415","4390","8300","866","7962","-17170","4533","4533"
"bern","420","4612","8755","918","9069","-16063","5082","5082"
"bern","425","4835","9210","970","10249","-14883","5663","5663"
"bern","430","5058","9665","1021","11502","-13630","6275","6275"
"bern","435","5282","10121","1073","12828","-12304","6919","6919"
"bern","440","5505","10576","1124","14227","-10905","7594","7594"
"bern","445","5728","11031","1176","15699","-9433","8301","8301"
"bern","450","5951","11486","1227","17244","-7888","9039","9039"
"bern","455","6132","11882","1273","18880","-6252","9815","9815"
"bern","460","6226","12159","1307","20625","-4507","10634","10634"
"bern","465","6239","12316","1329","22473","-2659","11492","11492"
"bern","470","6186","12355","1341","24412","-720","12376","12376"
"bern","475","6081","12280","1345","26425","1293","13274","13274"
"bern","480","5937","12122","1341","28475","3343","14177","14177"
"bern","485","5764","11900","1330","30536","5404","15073","15073"
"bern","490","5575","11622","1314","32591","7459","15952","15952"
"bern","495","5375","11301","1293","34622","9490","16808","16808"
"bern","500","5167","10945","1266","36619","11487","17639","17639"
"bern","505","4955","10567","1236","38569","13437","18442","18442"
"bern","510","4740","10172","1202","40465","15333","19217","19217"
"bern","515","4522","9766","1164","42302","17170","19961","19961"
"bern","520","4303","9350","1123","44077","18945","20675","20675"
"bern","525","4083","8925","1080","45789","20657","21359","21359"
"bern","530","3863","8493","1033","47435","22303","22011","22011"
"bern","535","3642","8055","985","49016","23884","22632","22632"
"bern","540","3420","7612","936","50529","25397","23221","23221"
"bern","545","3199","7166","886","51972","26840","23779","23779"
"bern","550","2977","6717","835","53344","28212","24306","24306"
"bern","555","2755","6266","784","54646","29514","24801","24801"
"bern","560","2533","5813","732","55875","30743","25265","25265"
"bern","565","2311","5359","681","57033","31901","25697","25697"
"bern","570","2088","4904","629","58118","32986","26097","26097"
"bern","575","1866","4449","578","59131","33999","26466","26466"
"bern","580","1643","3994","526","60071","34939","26804","26804"
"bern","585","1420","3539","474","60938","35806","27110","27110"
"bern","590","1197","3083","423","61732","36600","27384","27384"
"bern","595","974","2628","371","62453","37321","27627","27627"
"bern","600","751","2173","320","63101","37969","27839","27839"
"bern","605","549","1747","271","63667","38535","28016","28016"
"bern","610","391","1381","228","64142","39010","28155","28155"
"bern","615","272","1075","191","64529","39397","28260","28260"
"bern","620","187","828","160","64834","39702","28335","28335"
"bern","625","128","638","132","65065","39933","28388","28388"
"bern","630","88","489","108","65242","40110","28422","28422"
"bern","635","63","373","88","65376","40244","28444","28444"
"bern","640","46","284","70","65476","40344","28459","28459"
"bern","645","34","217","55","65553","40421","28469","28469"
"bern","650","26","167","42","65609","40477","28476","28476"
"bern","655","20","129","32","65653","40521","28481","28481"
"bern","660","16","98","23","65687","40555","28485","28485"
"bern","665","14","73","16","65714","40582","28488","28488"
"bern","670","11","54","11","65735","40603","28490","28490"
"bern","675","10","39","7","65752","40620","28491","28491"
"bern","680","8","27","4","65764","40632","28493","28493"
"bern","685","7","18","2","65773","40641","28494","28494"
"bern","690","6","12","1","65780","40648","28495","28495"
"bern","695","5","8","1","65784","40652","28496","28496"
"bern","700","4","4","0","65788","40656","28497","28497"
"bern","705","3","2","0","65790","40658","28498","28498"
"bern","710","3","1","0","65792","40660","28498","28498"
"bern","715","2","0","0","65793","40661","28499","28499"
"bern","720","2","0","0","65793","40661","28499","28499"
"bern","725","1","0","0","65794","40662","28500","28500"
"bern","730","1","0","0","65794","40662","28500","28500"
"bern","735","1","0","0","65794","40662","28500","28500"
"bern","740","0","0","0","65795","40663","28501","28501"
"bern","745","0","0","0","65795","40663","28501","28501"
"bern","750","0","0","0","65795","40663","28501","28501"
"bern","755","0","0","0","65795","40663","28501","28501"
"bern","760","0","0","0","65795","40663","28501","28501"
"bern","765","0","0","0","65795","40663","28501","28501"
"bern","770","0","0","0","65795","40663","28501","28501"
"bern","775","0","0","0","65795","40663","28501","28501"
"bern","780","0","0","0","65795","40663","28501","28501"
"bern","785","0","0","0","65795","40663","28501","28501"
"bern","790","0","0","0","65795","40663","28501","28501"
"bern","795","0","0","0","65795","40663","28501","28501"
"bern","800","0","0","0","65795","40663","28501","28501"
"bern","805","0","0","0","65795","40663","28501","28501"
"bern","810","0","0","0","65795","40663","28501","28501"
"bern","815","0","0","0","65795","40663","28501","28501"
"bern","820","0","0","0","65795","40663","28501","28501"
"bern","825","0","0","0","65795","40663","28501","28501"
"bern","830","0","0","0","65795","40663","28501","28501"
"bern","835","0","0","0","65795","40663","28501","28501"
"bern","840","0","0","0","65795","40663","28501","28501"
"bern","845","0","0","0","65795","40663","28501","28501"
"bern","850","0","0","0","65795","40663","28501","28501"
"bern","855","0","0","0","65795","40663","28501","28501"
"bern","860","0","0","0","65795","40663","28501","28501"
"bern","865","0","0","0","65795","40663","28501","28501"
"bern","870","0","0","0","65795","40663","28501","28501"
"bern","875","0","0","0","65795","40663","28501","28501"
"bern","880","0","0","0","65795","40663","28501","28501"
"bern","885","0","0","0","65795","40663","28501","28501"
"bern","890","0","0","0","65795","40663","28501","28501"
"bern","895","0","0","0","65795","40663","28501","28501"
"bern","900","0","0","0","65795","40663","28501","28501"
"bern","905","22","30","3","65750","40618","28482","28482"
"bern","910","86","119","12","65613","40481","28426","28426"
"bern","915","192","268","26","65387","40255","28333","28333"
"bern","920","330","477","46","65071","39939","28205","28205"
"bern","925","494","742","71","64669","39537","28041","28041"
"bern","930","677","1048","98","64184","39052","27844","27844"
"bern","935","874","1387","129","63619","38487","27614","27614"
"bern","940","1080","1754","163","62974","37842","27351","27351"
"bern","945","1290","2142","200","62251","37119","27056","27056"
"bern","950","1505","2547","239","61452","36320","26728","26728"
"bern","955","1721","2964","280","60577","35445","26369","26369"
"bern","960","1939","3389","323","59626","34494","25977","25977"
"bern","965","2158","3820","368","58601","33469","25554","25554"
"bern","970","2378","4255","415","57501","32369","25098","25098"
"bern","975","2598","4695","463","56327","31195","24611","24611"
"bern","980","2819","5139","512","55078","29946","24093","24093"
"bern","985","3040","5586","562","53756","28624","23542","23542"
"bern","990","3261","6035","613","52359","27227","22960","22960"
"bern","995","3482","6486","665","50890","25758","22347","22347"
"bern","1000","3703","6938","716","49346","24214","21701","21701"
"bern","1005","3924","7391","768","47729","22597","21024","21024"
"bern","1010","4146","7845","820","46039","20907","20316","20316"
"bern","1015","4367","8300","872","44276","19144","19575","19575"
"bern","1020","4589","8755","924","42439","17307","18803","18803"
"bern","1025","4810","9210","976","40529","15397","18000","18000"
"bern","1030","5032","9665","1028","38546","13414","17164","17164"
"bern","1035","5253","10121","1080","36490","11358","16297","16297"
"bern","1040","5475","10576","1132","34361","9229","15399","15399"
"bern","1045","5697","11031","1184","32158","7026","14468","14468"
"bern","1050","5919","11486","1236","29883","4751","13506","13506"
"bern","1055","6098","11882","1283","27625","2493","12550","12550"
"bern","1060","6191","12159","1317","25476","344","11637","11637"
"bern","1065","6202","12316","1340","23435","-1697","10766","10766"
"bern","1070","6148","12355","1352","21498","-3634","9934","9934"
"bern","1075","6042","12280","1356","19661","-5471","9140","9140"
"bern","1080","5896","12122","1352","17917","-7215","8382","8382"
"bern","1085","5724","11900","1342","16261","-8871","7659","7659"
"bern","1090","5535","11622","1326","14690","-10442","6969","6969"
"bern","1095","5336","11301","1305","13201","-11931","6313","6313"
"bern","1100","5129","10945","1279","11794","-13338","5689","5689"
"bern","1105","4918","10567","1249","10465","-14667","5098","5098"
"bern","1110","4704","10172","1214","9213","-15919","4540","4540"
"bern","1115","4488","9766","1176","8038","-17094","4013","4013"
"bern","1120","4270","9350","1135","6939","-18193","3518","3518"
"bern","1125","4051","8925","1091","5916","-19216","3055","3055"
"bern","1130","3832","8493","1045","4967","-20165","2624","2624"
"bern","1135","3613","8055","997","4094","-21038","2224","2224"
"bern","1140","3393","7612","947","3295","-21837","1856","1856"
"bern","1145","3172","7166","896","2570","-22562","1519","1519"
"bern","1150","2952","6717","845","1919","-23213","1215","1215"
"bern","1155","2732","6266","793","1342","-23790","942","942"
"bern","1160","2511","5813","741","839","-24293","700","700"
"bern","1165","2290","5359","689","409","-24723","491","491"
"bern","1170","2069","4904","638","52","-25080","313","313"
"bern","1175","1848","4449","586","-231","-25363","166","166"
"bern","1180","1626","3994","534","-441","-25573","52","52"
"bern","1185","1405","3539","482","-578","-25710","-31","-31"
"bern","1190","1183","3083","429","-642","-25774","-83","-83"
"bern","1195","962","2628","377","-633","-25765","-102","-102"
"bern","1200","740","2173","325","-551","-25683","-90","-90"
"bern","1205","539","1747","276","-441","-25573","-65","-65"
"bern","1210","382","1381","233","-348","-25480","-46","-46"
"bern","1215","266","1075","196","-273","-25405","-32","-32"
"bern","1220","182","828","163","-214","-25346","-22","-22"
"bern","1225","124","638","136","-169","-25301","-15","-15"
"bern","1230","85","489","111","-133","-25265","-10","-10"
"bern","1235","60","373","90","-104","-25236","-7","-7"
"bern","1240","44","284","72","-82","-25214","-4","-4"
"bern","1245","32","217","57","-64","-25196","-3","-3"
"bern","1250","25","167","44","-50","-25182","-1","-1"
"bern","1255","19","129","33","-39","-25171","-1","-1"
"bern","1260","15","98","24","-30","-25162","0","0"
"bern","1265","13","73","17","-22","-25154","0","0"
"bern","1270","10","54","11","-17","-25149","0","0"
"bern","1275","9","39","7","-12","-25144","0","0"
"bern","1280","8","27","5","-9","-25141","0","0"
"bern","1285","6","18","3","-6","-25138","0","0"
"bern","1290","5","12","2","-4","-25136","0","0"
"bern","1295","4","8","1","-3","-25135","0","0"
"bern","1300","4","4","1","-1","-25133","0","0"
"bern","1305","3","2","0","-1","-25133","0","0"
"bern","1310","2","1","0","0","-25132","0","0"
"bern","1315","2","0","0","0","-25132","0","0"
"bern","1320","1","0","0","0","-25132","0","0"
"bern","1325","1","0","0","0","-25132","0","0"
"bern","1330","1","0","0","0","-25132","0","0"
"bern","1335","0","0","0","0","-25132","0","0"
"bern","1340","0","0","0","0","-25132","0","0"
"bern","1345","0","0","0","0","-25132","0","0"
"bern","1350","0","0","0","0","-25132","0","0"
"bern","1355","0","0","0","0","-25132","0","0"
"bern","1360","0","0","0","0","-25132","0","0"
"bern","1365","0","0","0","0","-25132","0","0"
"bern","1370","0","0","0","0","-25132","0","0"
"bern","1375","0","0","0","0","-25132","0","0"
"bern","1380","0","0","0","0","-25132","0","0"
"bern","1385","0","0","0","0","-25132","0","0"
"bern","1390","0","0","0","0","-25132","0","0"
"bern","1395","0","0","0","0","-25132","0","0"
"bern","1400","0","0","0","0","-25132","0","0"
"bern","1405","0","0","0","0","-25132","0","0"
"bern","1410","0","0","0","0","-25132","0","0"
"bern","1415","0","0","0","0","-25132","0","0"
"bern","1420","0","0","0","0","-25132","0","0"
"bern","1425","0","0","0","0","-25132","0","0"
"bern","1430","0","0","0","0","-25132","0","0"
"bern","1435","0","0","0","0","-25132","0","0"
"bern","1440","0","0","0","0","-25132","0","0"
"winterthur","0","0","0","0","0","-134","0","0"
"winterthur","5","0","0","0","0","-134","0","0"
"winterthur","10","0","0","0","0","-134","0","0"
"winterthur","15","0","0","0","0","-134","0","0"
"winterthur","20","0","0","0","0","-134","0","0"
"winterthur","25","0","0","0","0","-134","0","0"
"winterthur","30","0","0","0","0","-134","0","0"
"winterthur","35","0","0","0","0","-134","0","0"
"winterthur","40","0","0","0","0","-134","0","0"
"winterthur","45","0","0","0","0","-134","0","0"
"winterthur","50","0","0","0","0","-134","0","0"
"winterthur","55","0","0","0","0","-134","0","0"
"winterthur","60","0","0","0","0","-134","0","0"
"winterthur","65","0","0","0","0","-134","0","0"
"winterthur","70","0","0","0","0","-134","0","0"
"winterthur","75","0","0","0","0","-134","0","0"
"winterthur","80","0","0","0","0","-134","0","0"
"winterthur","85","0","0","0","0","-134","0","0"
"winterthur","90","0","0","0","0","-134","0","0"
"winterthur","95","0","0","0","0","-134","0","0"
"winterthur","100","0","0","0","0","-134","0","0"
"winterthur","105","0","0","0","0","-134","0","0"
"winterthur","110","0","0","0","0","-134","0","0"
"winterthur","115","0","0","0","0","-134","0","0"
"winterthur","120","0","0","0","0","-134","0","0"
"winterthur","125","0","0","0","0","-134","0","0"
"winterthur","130","0","0","0","0","-134","0","0"
"winterthur","135","0","0","0","0","-134","0","0"
"winterthur","140","0","0","0","0","-134","0","0"
"winterthur","145","0","0","0","0","-134","0","0"
"winterthur","150","0","0","0","0","-134","0","0"
"winterthur","155","0","0","0","0","-134","0","0"
"winterthur","160","0","0","0","0","-134","0","0"
"winterthur","165","0","0","0","0","-134","0","0"
"winterthur","170","0","0","0","0","-134","0","0"
"winterthur","175","0","0","0","0","-134","0","0"
"winterthur","180","0","0","0","0","-134","0","0"
"winterthur","185","0","0","0","0","-134","0","0"
"winterthur","190","0","0","0","0","-134","0","0"
"winterthur","195","0","0","0","0","-134","0","0"
"winterthur","200","0","0","0","0","-134","0","0"
"winterthur","205","0","0","0","0","-134","0","0"
"winterthur","210","0","0","0","0","-134","0","0"
"winterthur","215","0","0","0","0","-134","0","0"
"winterthur","220","0","0","0","0","-134","0","0"
"winterthur","225","0","0","0","0","-134","0","0"
"winterthur","230","0","0","0","0","-134","0","0"
"winterthur","235","0","0","0","0","-134","0","0"
"winterthur","240","0","0","0","0","-134","0","0"
"winterthur","245","0","0","0","0","-134","0","0"
"winterthur","250","0","0","0","0","-134","0","0"
"winterthur","255","0","0","0","0","-134","0","0"
"winterthur","260","0","0","0","0","-134","0","0"
"winterthur","265","0","0","0","0","-134","0","0"
"winterthur","270","0","0","0","0","-134","0","0"
"winterthur","275","0","0","0","0","-134","0","0"
"winterthur","280","0","0","0","0","-134","0","0"
"winterthur","285","0","0","0","0","-134","0","0"
"winterthur","290","0","0","0","0","-134","0","0"
"winterthur","295","0","0","0","0","-134","0","0"
"winterthur","300","0","0","0","0","-134","0","0"
"winterthur","305","15","17","1","-15","-149","-5","-5"
"winterthur","310","59","67","4","-61","-195","-21","-21"
"winterthur","315","131","150","10","-136","-270","-47","-47"
"winterthur","320","229","267","17","-238","-372","-79","-79"
"winterthur","325","347","417","27","-363","-497","-115","-115"
"winterthur","330","480","597","38","-505","-639","-152","-152"
"winterthur","335","624","803","51","-661","-795","-186","-186"
"winterthur","340","774","1032","66","-824","-958","-215","-215"
"winterthur","345","925","1276","82","-992","-1126","-237","-237"
"winterthur","350","1077","1527","100","-1161","-1295","-252","-252"
"winterthur","355","1230","1782","119","-1329","-1463","-259","-259"
"winterthur","360","1384","2040","139","-1496","-1630","-258","-258"
"winterthur","365","1538","2302","161","-1662","-1796","-249","-249"
"winterthur","370","1691","2565","183","-1825","-1959","-232","-232"
"winterthur","375","1845","2829","207","-1985","-2119","-207","-207"
"winterthur","380","1999","3095","231","-2143","-2277","-174","-174"
"winterthur","385","2154","3361","256","-2298","-2432","-132","-132"
"winterthur","390","2308","3629","282","-2449","-2583","-83","-83"
"winterthur","395","2462","3896","308","-2596","-2730","-25","-25"
"winterthur","400","2617","4164","334","-2740","-2874","41","41"
"winterthur","405","2771","4432","360","-2880","-3014","115","115"
"winterthur","410","2926","4700","386","-3016","-3150","197","197"
"winterthur","415","3080","4967","412","-3147","-3281","287","287"
"winterthur","420","3235","5235","439","-3275","-3409","386","386"
"winterthur","425","3389","5503","465","-3398","-3532","493","493"
"winterthur","430","3544","5771","491","-3518","-3652","608","608"
"winterthur","435","3698","6038","517","-3633","-3767","731","731"
"winterthur","440","3853","6306","544","-3744","-3878","863","863"
"winterthur","445","4007","6574","570","-3851","-3985","1003","1003"
"winterthur","450","4162","6842","596","-3954","-4088","1151","1151"
"winterthur","455","4287","7076","620","-4023","-4157","1317","1317"
"winterthur","460","4353","7244","640","-4026","-4160","1514","1514"
"winterthur","465","4363","7344","656","-3967","-4101","1738","1738"
"winterthur","470","4322","7378","667","-3849","-3983","1983","1983"
"winterthur","475","4241","7347","674","-3683","-3817","2245","2245"
"winterthur","480","4128","7255","678","-3476","-3610","2515","2515"
"winterthur","485","3994","7109","678","-3239","-3373","2789","2789"
"winterthur","490","3850","6920","675","-2982","-3116","3061","3061"
"winterthur","495","3702","6700","668","-2713","-2847","3327","3327"
"winterthur","500","3552","6466","659","-2437","-2571","3587","3587"
"winterthur","505","3400","6223","647","-2158","-2292","3839","3839"
"winterthur","510","3248","5974","633","-1878","-2012","4084","4084"
"winterthur","515","3095","5719","616","-1597","-1731","4321","4321"
"winterthur","520","2942","5461","597","-1316","-1450","4550","4550"
"winterthur","525","2788","5199","576","-1036","-1170","4771","4771"
"winterthur","530","2635","4936","554","-758","-892","4984","4984"
"winterthur","535","2481","4671","530","-482","-616","5189","5189"
"winterthur","540","2327","4404","505","-209","-343","5386","5386"
"winterthur","545","2172","4136","480","61","-73","5575","5575"
"winterthur","550","2018","3868","454","328","194","5756","5756"
"winterthur","555","1864","3601","428","590","456","5929","5929"
"winterthur","560","1709","3333","402","849","715","6093","6093"
"winterthur","565","1555","3065","376","1104","970","6249","6249"
"winterthur","570","1400","2797","349","1355","1221","6398","6398"
"winterthur","575","1246","2530","323","1601","1467","6537","6537"
"winterthur","580","1091","2262","297","1844","1710","6669","6669"
"winterthur","585","937","1994","271","2082","1948","6792","6792"
"winterthur","590","782","1726","244","2316","2182","6908","6908"
"winterthur","595","628","1459","218","2546","2412","7015","7015"
"winterthur","600","473","1191","192","2772","2638","7113","7113"
"winterthur","605","333","940","167","2979","2845","7199","7199"
"winterthur","610","223","722","144","3151","3017","7265","7265"
"winterthur","615","141","538","123","3290","3156","7313","7313"
"winterthur","620","84","387","104","3397","3263","7347","7347"
"winterthur","625","47","269","87","3478","3344","7368","7368"
"winterthur","630","26","181","72","3537","3403","7381","7381"
"winterthur","635","16","120","59","3579","3445","7388","7388"
"winterthur","640","11","81","47","3608","3474","7392","7392"
"winterthur","645","8","57","37","3630","3496","7395","7395"
"winterthur","650","6","40","29","3646","3512","7397","7397"
"winterthur","655","4","27","22","3659","3525","7398","7398"
"winterthur","660","3","18","16","3668","3534","7399","7399"
"winterthur","665","2","12","11","3675","3541","7400","7400"
"winterthur","670","2","7","8","3681","3547","7400","7400"
"winterthur","675","1","4","5","3685","3551","7401","7401"
"winterthur","680","1","2","3","3687","3553","7401","7401"
"winterthur","685","0","1","1","3689","3555","7402","7402"
"winterthur","690","0","0","1","3690","3556","7402","7402"
"winterthur","695","0","0","0","3691","3557","7402","7402"
"winterthur","700","0","0","0","3691","3557","7402","7402"
"winterthur","705","0","0","0","3691","3557","7402","7402"
"winterthur","710","0","0","0","3691","3557","7402","7402"
"winterthur","715","0","0","0","3691","3557","7402","7402"
"winterthur","720","0","0","0","3691","3557","7402","7402"
"winterthur","725","0","0","0","3691","3557","7402","7402"
"winterthur","730","0","0","0","3691","3557","7402","7402"
"winterthur","735","0","0","0","3691","3557","7402","7402"
"winterthur","740","0","0","0","3691","3557","7402","7402"
"winterthur","745","0","0","0","3691","3557","7402","7402"
"winterthur","750","0","0","0","3691","3557","7402","7402"
"winterthur","755","0","0","0","3691","3557","7402","7402"
"winterthur","760","0","0","0","3691","3557","7402","7402"
"winterthur","765","0","0","0","3691","3557","7402","7402"
"winterthur","770","0","0","0","3691","3557","7402","7402"
"winterthur","775","0","0","0","3691","3557","7402","7402"
"winterthur","780","0","0","0","3691","3557","7402","7402"
"winterthur","785","0","0","0","3691","3557","7402","7402"
"winterthur","790","0","0","0","3691","3557","7402","7402"
"winterthur","795","0","0","0","3691","3557","7402","7402"
"winterthur","800","0","0","0","3691","3557","7402","7402"
"winterthur","805","0","0","0","3691","3557","7402","7402"
"winterthur","810","0","0","0","3691","3557","7402","7402"
"winterthur","815","0","0","0","3691","3557","7402","7402"
"winterthur","820","0","0","0","3691","3557","7402","7402"
"winterthur","825","0","0","0","3691","3557","7402","7402"
"winterthur","830","0","0","0","3691","3557","7402","7402"
"winterthur","835","0","0","0","3691","3557","7402","7402"
"winterthur","840","0","0","0","3691","3557","7402","7402"
"winterthur","845","0","0","0","3691","3557","7402","7402"
"winterthur","850","0","0","0","3691","3557","7402","7402"
"winterthur","855","0","0","0","3691","3557","7402","7402"
"winterthur","860","0","0","0","3691","3557","7402","7402"
"winterthur","865","0","0","0","3691","3557","7402","7402"
"winterthur","870","0","0","0","3691","3557","7402","7402"
"winterthur","875","0","0","0","3691","3557","7402","7402"
"winterthur","880","0","0","0","3691","3557","7402","7402"
"winterthur","885","0","0","0","3691","3557","7402","7402"
"winterthur","890","0","0","0","3691","3557","7402","7402"
"winterthur","895","0","0","0","3691","3557","7402","7402"
"winterthur","900","0","0","0","3691","3557","7402","7402"
"winterthur","905","15","17","1","3674","3540","7393","7393"
"winterthur","910","59","67","4","3622","3488","7364","7364"
"winterthur","915","131","150","10","3536","3402","7318","7318"
"winterthur","920","229","267","17","3416","3282","7253","7253"
"winterthur","925","347","417","27","3263","3129","7170","7170"
"winterthur","930","480","597","38","3081","2947","7073","7073"
"winterthur","935","624","803","51","2872","2738","6963","6963"
"winterthur","940","774","1032","66","2642","2508","6841","6841"
"winterthur","945","925","1276","83","2397","2263","6711","6711"
"winterthur","950","1078","1527","101","2144","2010","6573","6573"
"winterthur","955","1231","1782","120","1884","1750","6425","6425"
"winterthur","960","1385","2040","141","1618","1484","6270","6270"
"winterthur","965","1539","2302","163","1346","1212","6106","6106"
"winterthur","970","1693","2565","186","1068","934","5934","5934"
"winterthur","975","1847","2829","210","786","652","5754","5754"
"winterthur","980","2001","3095","234","499","365","5566","5566"
"winterthur","985","2156","3361","260","207","73","5369","5369"
"winterthur","990","2310","3629","286","-90","-224","5164","5164"
"winterthur","995","2465","3896","312","-391","-525","4951","4951"
"winterthur","1000","2620","4164","339","-696","-830","4730","4730"
"winterthur","1005","2774","4432","365","-1006","-1140","4500","4500"
"winterthur","1010","2929","4700","392","-1319","-1453","4263","4263"
"winterthur","1015","3084","4967","419","-1637","-1771","4017","4017"
"winterthur","1020","3238","5235","446","-1959","-2093","3762","3762"
"winterthur","1025","3393","5503","473","-2285","-2419","3500","3500"
"winterthur","1030","3548","5771","500","-2615","-2749","3229","3229"
"winterthur","1035","3702","6038","527","-2949","-3083","2950","2950"
"winterthur","1040","3857","6306","554","-3287","-3421","2663","2663"
"winterthur","1045","4012","6574","581","-3629","-3763","2368","2368"
"winterthur","1050","4167","6842","608","-3975","-4109","2065","2065"
"winterthur","1055","4292","7076","632","-4291","-4425","1772","1772"
"winterthur","1060","4358","7244","653","-4542","-4676","1508","1508"
"winterthur","1065","4368","7344","669","-4729","-4863","1274","1274"
"winterthur","1070","4328","7378","681","-4852","-4986","1067","1067"
"winterthur","1075","4247","7347","689","-4913","-5047","887","887"
"winterthur","1080","4135","7255","693","-4920","-5054","728","728"
"winterthur","1085","4001","7109","693","-4877","-5011","588","588"
"winterthur","1090","3856","6920","691","-4797","-4931","461","461"
"winterthur","1095","3708","6700","684","-4690","-4824","344","344"
"winterthur","1100","3557","6466","675","-4570","-4704","236","236"
"winterthur","1105","3405","6223","663","-4442","-4576","136","136"
"winterthur","1110","3253","5974","648","-4305","-4439","45","45"
"winterthur","1115","3100","5719","631","-4160","-4294","-38","-38"
"winterthur","1120","2946","5461","613","-4010","-4144","-113","-113"
"winterthur","1125","2793","5199","592","-3853","-3987","-180","-180"
"winterthur","1130","2639","4936","569","-3690","-3824","-238","-238"
"winterthur","1135","2485","4671","545","-3522","-3656","-288","-288"
"winterthur","1140","2331","4404","520","-3349","-3483","-330","-330"
"winterthur","1145","2176","4136","494","-3171","-3305","-364","-364"
"winterthur","1150","2022","3868","468","-2989","-3123","-389","-389"
"winterthur","1155","1867","3601","442","-2802","-2936","-406","-406"
"winterthur","1160","1712","3333","415","-2612","-2746","-415","-415"
"winterthur","1165","1557","3065","388","-2417","-2551","-416","-416"
"winterthur","1170","1403","2797","361","-2219","-2353","-408","-408"
"winterthur","1175","1248","2530","334","-2016","-2150","-393","-393"
"winterthur","1180","1093","2262","307","-1809","-1943","-369","-369"
"winterthur","1185","939","1994","280","-1598","-1732","-337","-337"
"winterthur","1190","784","1726","253","-1383","-1517","-296","-296"
"winterthur","1195","629","1459","227","-1163","-1297","-248","-248"
"winterthur","1200","475","1191","200","-940","-1074","-191","-191"
"winterthur","1205","335","940","174","-730","-864","-135","-135"
"winterthur","1210","224","722","150","-550","-684","-90","-90"
"winterthur","1215","142","538","129","-401","-535","-56","-56"
"winterthur","1220","84","387","109","-281","-415","-31","-31"
"winterthur","1225","48","269","92","-190","-324","-15","-15"
"winterthur","1230","26","181","76","-124","-258","-6","-6"
"winterthur","1235","16","120","62","-81","-215","-2","-2"
"winterthur","1240","11","81","50","-54","-188","-1","-1"
"winterthur","1245","8","57","40","-39","-173","0","0"
"winterthur","1250","6","40","31","-28","-162","0","0"
"winterthur","1255","4","27","24","-20","-154","0","0"
"winterthur","1260","3","18","18","-14","-148","0","0"
"winterthur","1265","2","12","13","-9","-143","0","0"
"winterthur","1270","2","7","9","-6","-140","0","0"
"winterthur","1275","1","4","6","-3","-137","0","0"
"winterthur","1280","1","2","3","-1","-135","0","0"
"winterthur","1285","0","1","2","-1","-135","0","0"
"winterthur","1290","0","0","1","0","-134","0","0"
"winterthur","1295","0","0","1","0","-134","0","0"
"winterthur","1300","0","0","0","0","-134","0","0"
"winterthur","1305","0","0","0","0","-134","0","0"
"winterthur","1310","0","0","0","0","-134","0","0"
"winterthur","1315","0","0","0","0","-134","0","0"
"winterthur","1320","0","0","0","0","-134","0","0"
"winterthur","1325","0","0","0","0","-134","0","0"
"winterthur","1330","0","0","0","0","-134","0","0"
"winterthur","1335","0","0","0","0","-134","0","0"
"winterthur","1340","0","0","0","0","-134","0","0"
"winterthur","1345","0","0","0","0","-134","0","0"
"winterthur","1350","0","0","0","0","-134","0","0"
"winterthur","1355","0","0","0","0","-134","0","0"
"winterthur","1360","0","0","0","0","-134","0","0"
"winterthur","1365","0","0","0","0","-134","0","0"
"winterthur","1370","0","0","0","0","-134","0","0"
"winterthur","1375","0","0","0","0","-134","0","0"
"winterthur","1380","0","0","0","0","-134","0","0"
"winterthur","1385","0","0","0","0","-134","0","0"
"winterthur","1390","0","0","0","0","-134","0","0"
"winterthur","1395","0","0","0","0","-134","0","0"
"winterthur","1400","0","0","0","0","-134","0","0"
"winterthur","1405","0","0","0","0","-134","0","0"
"winterthur","1410","0","0","0","0","-134","0","0"
"winterthur","1415","0","0","0","0","-134","0","0"
"winterthur","1420","0","0","0","0","-134","0","0"
"winterthur","1425","0","0","0","0","-134","0","0"
"winterthur","1430","0","0","0","0","-134","0","0"
"winterthur","1435","0","0","0","0","-134","0","0"
"winterthur","1440","0","0","0","0","-134","0","0"
"lucerne","0","0","0","0","0","-6149","0","0"
"lucerne","5","0","0","0","0","-6149","0","0"
"lucerne","10","0","0","0","0","-6149","0","0"
"lucerne","15","0","0","0","0","-6149","0","0"
"lucerne","20","0","0","0","0","-6149","0","0"
"lucerne","25","0","0","0","0","-6149","0","0"
"lucerne","30","0","0","0","0","-6149","0","0"
"lucerne","35","0","0","0","0","-6149","0","0"
"lucerne","40","0","0","0","0","-6149","0","0"
"lucerne","45","0","0","0","0","-6149","0","0"
"lucerne","50","0","0","0","0","-6149","0","0"
"lucerne","55","0","0","0","0","-6149","0","0"
"lucerne","60","0","0","0","0","-6149","0","0"
"lucerne","65","0","0","0","0","-6149","0","0"
"lucerne","70","0","0","0","0","-6149","0","0"
"lucerne","75","0","0","0","0","-6149","0","0"
"lucerne","80","0","0","0","0","-6149","0","0"
"lucerne","85","0","0","0","0","-6149","0","0"
"lucerne","90","0","0","0","0","-6149","0","0"
"lucerne","95","0","0","0","0","-6149","0","0"
"lucerne","100","0","0","0","0","-6149","0","0"
"lucerne","105","0","0","0","0","-6149","0","0"
"lucerne","110","0","0","0","0","-6149","0","0"
"lucerne","115","0","0","0","0","-6149","0","0"
"lucerne","120","0","0","0","0","-6149","0","0"
"lucerne","125","0","0","0","0","-6149","0","0"
"lucerne","130","0","0","0","0","-6149","0","0"
"lucerne","135","0","0","0","0","-6149","0","0"
"lucerne","140","0","0","0","0","-6149","0","0"
"lucerne","145","0","0","0","0","-6149","0","0"
"lucerne","150","0","0","0","0","-6149","0","0"
"lucerne","155","0","0","0","0","-6149","0","0"
"lucerne","160","0","0","0","0","-6149","0","0"
"lucerne","165","0","0","0","0","-6149","0","0"
"lucerne","170","0","0","0","0","-6149","0","0"
"lucerne","175","0","0","0","0","-6149","0","0"
"lucerne","180","0","0","0","0","-6149","0","0"
"lucerne","185","0","0","0","0","-6149","0","0"
"lucerne","190","0","0","0","0","-6149","0","0"
"lucerne","195","0","0","0","0","-6149","0","0"
"lucerne","200","0","0","0","0","-6149","0","0"
"lucerne","205","0","0","0","0","-6149","0","0"
"lucerne","210","0","0","0","0","-6149","0","0"
"lucerne","215","0","0","0","0","-6149","0","0"
"lucerne","220","0","0","0","0","-6149","0","0"
"lucerne","225","0","0","0","0","-6149","0","0"
"lucerne","230","0","0","0","0","-6149","0","0"
"lucerne","235","0","0","0","0","-6149","0","0"
"lucerne","240","0","0","0","0","-6149","0","0"
"lucerne","245","0","0","0","0","-6149","0","0"
"lucerne","250","0","0","0","0","-6149","0","0"
"lucerne","255","0","0","0","0","-6149","0","0"
"lucerne","260","0","0","0","0","-6149","0","0"
"lucerne","265","0","0","0","0","-6149","0","0"
"lucerne","270","0","0","0","0","-6149","0","0"
"lucerne","275","0","0","0","0","-6149","0","0"
"lucerne","280","0","0","0","0","-6149","0","0"
"lucerne","285","0","0","0","0","-6149","0","0"
"lucerne","290","0","0","0","0","-6149","0","0"
"lucerne","295","0","0","0","0","-6149","0","0"
"lucerne","300","0","0","0","0","-6149","0","0"
"lucerne","305","14","13","2","-9","-6158","-4","-4"
"lucerne","310","54","50","8","-37","-6186","-17","-17"
"lucerne","315","120","113","19","-81","-6230","-36","-36"
"lucerne","320","205","201","33","-138","-6287","-57","-57"
"lucerne","325","303","312","51","-201","-6350","-76","-76"
"lucerne","330","412","438","72","-262","-6411","-91","-91"
"lucerne","335","528","577","96","-318","-6467","-101","-101"
"lucerne","340","648","726","122","-364","-6513","-103","-103"
"lucerne","345","771","884","151","-399","-6548","-97","-97"
"lucerne","350","898","1048","180","-420","-6569","-82","-82"
"lucerne","355","1026","1217","212","-427","-6576","-58","-58"
"lucerne","360","1154","1391","244","-419","-6568","-24","-24"
"lucerne","365","1283","1569","278","-393","-6542","20","20"
"lucerne","370","1413","1748","313","-351","-6500","75","75"
"lucerne","375","1542","1928","349","-290","-6439","139","139"
"lucerne","380","1672","2109","385","-211","-6360","214","214"
"lucerne","385","1802","2291","422","-114","-6263","299","299"
"lucerne","390","1932","2473","460","2","-6147","395","395"
"lucerne","395","2062","2656","498","137","-6012","500","500"
"lucerne","400","2192","2839","536","291","-5858","617","617"
"lucerne","405","2322","3022","574","464","-5685","743","743"
"lucerne","410","2453","3206","613","655","-5494","880","880"
"lucerne","415","2583","3390","651","867","-5282","1027","1027"
"lucerne","420","2713","3574","689","1097","-5052","1185","1185"
"lucerne","425","2843","3758","728","1346","-4803","1353","1353"
"lucerne","430","2973","3942","766","1615","-4534","1531","1531"
"lucerne","435","3104","4127","804","1903","-4246","1720","1720"
"lucerne","440","3234","4311","843","2211","-3938","1919","1919"
"lucerne","445","3364","4495","881","2538","-3611","2129","2129"
"lucerne","450","3494","4679","919","2884","-3265","2349","2349"
"lucerne","455","3597","4838","953","3268","-2881","2588","2588"
"lucerne","460","3646","4947","979","3708","-2441","2854","2854"
"lucerne","465","3645","5006","997","4201","-1948","3143","3143"
"lucerne","470","3606","5014","1007","4737","-1412","3446","3446"
"lucerne","475","3539","4976","1009","5306","-843","3757","3757"
"lucerne","480","3452","4908","1005","5890","-259","4070","4070"
"lucerne","485","3351","4815","995","6482","333","4382","4382"
"lucerne","490","3241","4701","981","7075","926","4690","4690"
"lucerne","495","3124","4570","963","7665","1516","4991","4991"
"lucerne","500","3001","4426","942","8247","2098","5286","5286"
"lucerne","505","2876","4271","918","8819","2670","5572","5572"
"lucerne","510","2749","4107","891","9380","3231","5848","5848"
"lucerne","515","2621","3936","862","9927","3778","6115","6115"
"lucerne","520","2492","3762","830","10458","4309","6372","6372"
"lucerne","525","2363","3586","797","10972","4823","6619","6619"
"lucerne","530","2234","3408","762","11470","5321","6855","6855"
"lucerne","535","2104","3229","726","11949","5800","7082","7082"
"lucerne","540","1975","3049","689","12411","6262","7298","7298"
"lucerne","545","1845","2868","651","12854","6705","7504","7504"
"lucerne","550","1715","2686","613","13279","7130","7700","7700"
"lucerne","555","1585","2503","575","13685","7536","7885","7885"
"lucerne","560","1455","2320","537","14072","7923","8060","8060"
"lucerne","565","1324","2136","499","14440","8291","8225","8225"
"lucerne","570","1194","1952","460","14789","8640","8379","8379"
"lucerne","575","1064","1768","422","15119","8970","8523","8523"
"lucerne","580","934","1584","384","15430","9281","8657","8657"
"lucerne","585","804","1399","345","15721","9572","8780","8780"
"lucerne","590","673","1215","307","15993","9844","8893","8893"
"lucerne","595","543","1031","269","16245","10096","8995","8995"
"lucerne","600","413","847","230","16478","10329","9087","9087"
"lucerne","605","296","675","194","16683","10534","9164","9164"
"lucerne","610","207","529","162","16850","10701","9223","9223"
"lucerne","615","142","407","134","16981","10832","9265","9265"
"lucerne","620","97","311","110","17081","10932","9294","9294"
"lucerne","625","65","238","90","17154","11005","9315","9315"
"lucerne","630","44","180","73","17210","11061","9329","9329"
"lucerne","635","29","134","58","17253","11104","9339","9339"
"lucerne","640","19","99","46","17286","11137","9346","9346"
"lucerne","645","12","73","36","17310","11161","9350","9350"
"lucerne","650","8","53","28","17329","11180","9353","9353"
"lucerne","655","6","38","20","17343","11194","9355","9355"
"lucerne","660","4","27","15","17353","11204","9356","9356"
"lucerne","665","3","21","10","17361","11212","9357","9357"
"lucerne","670","2","16","7","17366","11217","9358","9358"
"lucerne","675","2","12","4","17370","11221","9358","9358"
"lucerne","680","1","9","2","17374","11225","9359","9359"
"lucerne","685","1","6","1","17376","11227","9359","9359"
"lucerne","690","1","4","1","17378","11229","9359","9359"
"lucerne","695","1","3","0","17379","11230","9359","9359"
"lucerne","700","0","2","0","17380","11231","9360","9360"
"lucerne","705","0","1","0","17380","11231","9360","9360"
"lucerne","710","0","0","0","17381","11232","9360","9360"
"lucerne","715","0","0","0","17381","11232","9360","9360"
"lucerne","720","0","0","0","17381","11232","9360","9360"
"lucerne","725","0","0","0","17381","11232","9360","9360"
"lucerne","730","0","0","0","17381","11232","9360","9360"
"lucerne","735","0","0","0","17381","11232","9360","9360"
"lucerne","740","0","0","0","17381","11232","9360","9360"
"lucerne","745","0","0","0","17381","11232","9360","9360"
"lucerne","750","0","0","0","17381","11232","9360","9360"
"lucerne","755","0","0","0","17381","11232","9360","9360"
"lucerne","760","0","0","0","17381","11232","9360","9360"
"lucerne","765","0","0","0","17381","11232","9360","9360"
"lucerne","770","0","0","0","17381","11232","9360","9360"
"lucerne","775","0","0","0","17381","11232","9360","9360"
"lucerne","780","0","0","0","17381","11232","9360","9360"
"lucerne","785","0","0","0","17381","11232","9360","9360"
"lucerne","790","0","0","0","17381","11232","9360","9360"
"lucerne","795","0","0","0","17381","11232","9360","9360"
"lucerne","800","0","0","0","17381","11232","9360","9360"
"lucerne","805","0","0","0","17381","11232","9360","9360"
"lucerne","810","0","0","0","17381","11232","9360","9360"
"lucerne","815","0","0","0","17381","11232","9360","9360"
"lucerne","820","0","0","0","17381","11232","9360","9360"
"lucerne","825","0","0","0","17381","11232","9360","9360"
"lucerne","830","0","0","0","17381","11232","9360","9360"
"lucerne","835","0","0","0","17381","11232","9360","9360"
"lucerne","840","0","0","0","17381","11232","9360","9360"
"lucerne","845","0","0","0","17381","11232","9360","9360"
"lucerne","850","0","0","0","17381","11232","9360","9360"
"lucerne","855","0","0","0","17381","11232","9360","9360"
"lucerne","860","0","0","0","17381","11232","9360","9360"
"lucerne","865","0","0","0","17381","11232","9360","9360"
"lucerne","870","0","0","0","17381","11232","9360","9360"
"lucerne","875","0","0","0","17381","11232","9360","9360"
"lucerne","880","0","0","0","17381","11232","9360","9360"
"lucerne","885","0","0","0","17381","11232","9360","9360"
"lucerne","890","0","0","0","17381","11232","9360","9360"
"lucerne","895","0","0","0","17381","11232","9360","9360"
"lucerne","900","0","0","0","17381","11232","9360","9360"
"lucerne","905","14","13","2","17362","11213","9351","9351"
"lucerne","910","54","50","8","17305","11156","9322","9322"
"lucerne","915","121","113","19","17211","11062","9276","9276"
"lucerne","920","207","201","33","17082","10933","9213","9213"
"lucerne","925","308","312","51","16918","10769","9135","9135"
"lucerne","930","419","438","72","16726","10577","9044","9044"
"lucerne","935","537","577","96","16505","10356","8940","8940"
"lucerne","940","660","726","123","16258","10109","8825","8825"
"lucerne","945","788","884","151","15986","9837","8698","8698"
"lucerne","950","918","1048","182","15690","9541","8559","8559"
"lucerne","955","1049","1217","214","15371","9222","8409","8409"
"lucerne","960","1181","1391","247","15030","8881","8249","8249"
"lucerne","965","1314","1569","281","14667","8518","8078","8078"
"lucerne","970","1447","1748","317","14284","8135","7897","7897"
"lucerne","975","1580","1928","354","13880","7731","7705","7705"
"lucerne","980","1714","2109","392","13456","7307","7503","7503"
"lucerne","985","1847","2291","430","13013","6864","7290","7290"
"lucerne","990","1981","2473","469","12550","6401","7067","7067"
"lucerne","995","2115","2656","508","12067","5918","6834","6834"
"lucerne","1000","2249","2839","548","11565","5416","6590","6590"
"lucerne","1005","2382","3022","587","11044","4895","6336","6336"
"lucerne","1010","2516","3206","627","10502","4353","6072","6072"
"lucerne","1015","2650","3390","667","9942","3793","5797","5797"
"lucerne","1020","2784","3574","706","9362","3213","5511","5511"
"lucerne","1025","2917","3758","746","8762","2613","5215","5215"
"lucerne","1030","3051","3942","786","8144","1995","4909","4909"
"lucerne","1035","3185","4127","826","7506","1357","4593","4593"
"lucerne","1040","3319","4311","866","6848","699","4266","4266"
"lucerne","1045","3453","4495","906","6172","23","3928","3928"
"lucerne","1050","3586","4679","945","5476","-673","3581","3581"
"lucerne","1055","3693","4838","981","4798","-1351","3241","3241"
"lucerne","1060","3745","4947","1008","4178","-1971","2929","2929"
"lucerne","1065","3746","5006","1027","3612","-2537","2642","2642"
"lucerne","1070","3708","5014","1039","3098","-3051","2379","2379"
"lucerne","1075","3640","4976","1042","2632","-3517","2135","2135"
"lucerne","1080","3551","4908","1039","2206","-3943","1908","1908"
"lucerne","1085","3449","4815","1031","1815","-4334","1694","1694"
"lucerne","1090","3336","4701","1018","1459","-4690","1494","1494"
"lucerne","1095","3215","4570","1001","1133","-5016","1307","1307"
"lucerne","1100","3089","4426","980","836","-5313","1133","1133"
"lucerne","1105","2960","4271","956","565","-5584","970","970"
"lucerne","1110","2829","4107","929","320","-5829","818","818"
"lucerne","1115","2698","3936","900","99","-6050","677","677"
"lucerne","1120","2566","3762","868","-100","-6249","546","546"
"lucerne","1125","2433","3586","835","-278","-6427","426","426"
"lucerne","1130","2300","3408","799","-436","-6585","316","316"
"lucerne","1135","2167","3229","762","-574","-6723","216","216"
"lucerne","1140","2033","3049","724","-691","-6840","127","127"
"lucerne","1145","1899","2868","686","-789","-6938","49","49"
"lucerne","1150","1766","2686","647","-867","-7016","-19","-19"
"lucerne","1155","1632","2503","607","-925","-7074","-77","-77"
"lucerne","1160","1498","2320","568","-963","-7112","-125","-125"
"lucerne","1165","1365","2136","528","-982","-7131","-162","-162"
"lucerne","1170","1231","1952","488","-982","-7131","-188","-188"
"lucerne","1175","1097","1768","448","-962","-7111","-205","-205"
"lucerne","1180","964","1584","408","-922","-7071","-210","-210"
"lucerne","1185","830","1399","369","-864","-7013","-206","-206"
"lucerne","1190","696","1215","329","-786","-6935","-191","-191"
"lucerne","1195","562","1031","289","-688","-6837","-165","-165"
"lucerne","1200","428","847","249","-572","-6721","-130","-130"
"lucerne","1205","308","675","211","-455","-6604","-93","-93"
"lucerne","1210","215","529","178","-357","-6506","-65","-65"
"lucerne","1215","148","407","148","-276","-6425","-44","-44"
"lucerne","1220","100","311","123","-212","-6361","-29","-29"
"lucerne","1225","67","238","101","-162","-6311","-19","-19"
"lucerne","1230","44","180","83","-122","-6271","-13","-13"
"lucerne","1235","29","134","67","-91","-6240","-8","-8"
"lucerne","1240","18","99","53","-67","-6216","-4","-4"
"lucerne","1245","12","73","42","-49","-6198","-2","-2"
"lucerne","1250","8","53","33","-35","-6184","-1","-1"
"lucerne","1255","6","38","25","-25","-6174","0","0"
"lucerne","1260","4","27","18","-18","-6167","0","0"
"lucerne","1265","3","21","13","-13","-6162","0","0"
"lucerne","1270","2","16","9","-10","-6159","0","0"
"lucerne","1275","1","12","6","-7","-6156","0","0"
"lucerne","1280","1","9","4","-5","-6154","0","0"
"lucerne","1285","1","6","2","-3","-6152","0","0"
"lucerne","1290","1","4","1","-2","-6151","0","0"
"lucerne","1295","1","3","1","-1","-6150","0","0"
"lucerne","1300","0","2","0","-1","-6150","0","0"
"lucerne","1305","0","1","0","0","-6149","0","0"
"lucerne","1310","0","0","0","0","-6149","0","0"
"lucerne","1315","0","0","0","0","-6149","0","0"
"lucerne","1320","0","0","0","0","-6149","0","0"
"lucerne","1325","0","0","0","0","-6149","0","0"
"lucerne","1330","0","0","0","0","-6149","0","0"
"lucerne","1335","0","0","0","0","-6149","0","0"
"lucerne","1340","0","0","0","0","-6149","0","0"
"lucerne","1345","0","0","0","0","-6149","0","0"
"lucerne","1350","0","0","0","0","-6149","0","0"
"lucerne","1355","0","0","0","0","-6149","0","0"
"lucerne","1360","0","0","0","0","-6149","0","0"
"lucerne","1365","0","0","0","0","-6149","0","0"
"lucerne","1370","0","0","0","0","-6149","0","0"
"lucerne","1375","0","0","0","0","-6149","0","0"
"lucerne","1380","0","0","0","0","-6149","0","0"
"lucerne","1385","0","0","0","0","-6149","0","0"
"lucerne","1390","0","0","0","0","-6149","0","0"
"lucerne","1395","0","0","0","0","-6149","0","0"
"lucerne","1400","0","0","0","0","-6149","0","0"
"lucerne","1405","0","0","0","0","-6149","0","0"
"lucerne","1410","0","0","0","0","-6149","0","0"
"lucerne","1415","0","0","0","0","-6149","0","0"
"lucerne","1420","0","0","0","0","-6149","0","0"
"lucerne","1425","0","0","0","0","-6149","0","0"
"lucerne","1430","0","0","0","0","-6149","0","0"
"lucerne","1435","0","0","0","0","-6149","0","0"
"lucerne","1440","0","0","0","0","-6149","0","0"
"st-gallen","0","0","0","0","0","-10853","0","0"
"st-gallen","5","0","0","0","0","-10853","0","0"
"st-gallen","10","0","0","0","0","-10853","0","0"
"st-gallen","15","0","0","0","0","-10853","0","0"
"st-gallen","20","0","0","0","0","-10853","0","0"
"st-gallen","25","0","0","0","0","-10853","0","0"
"st-gallen","30","0","0","0","0","-10853","0","0"
"st-gallen","35","0","0","0","0","-10853","0","0"
"st-gallen","40","0","0","0","0","-10853","0","0"
"st-gallen","45","0","0","0","0","-10853","0","0"
"st-gallen","50","0","0","0","0","-10853","0","0"
"st-gallen","55","0","0","0","0","-10853","0","0"
"st-gallen","60","0","0","0","0","-10853","0","0"
"st-gallen","65","0","0","0","0","-10853","0","0"
"st-gallen","70","0","0","0","0","-10853","0","0"
"st-gallen","75","0","0","0","0","-10853","0","0"
"st-gallen","80","0","0","0","0","-10853","0","0"
"st-gallen","85","0","0","0","0","-10853","0","0"
"st-gallen","90","0","0","0","0","-10853","0","0"
"st-gallen","95","0","0","0","0","-10853","0","0"
"st-gallen","100","0","0","0","0","-10853","0","0"
"st-gallen","105","0","0","0","0","-10853","0","0"
"st-gallen","110","0","0","0","0","-10853","0","0"
"st-gallen","115","0","0","0","0","-10853","0","0"
"st-gallen","120","0","0","0","0","-10853","0","0"
"st-gallen","125","0","0","0","0","-10853","0","0"
"st-gallen","130","0","0","0","0","-10853","0","0"
"st-gallen","135","0","0","0","0","-10853","0","0"
"st-gallen","140","0","0","0","0","-10853","0","0"
"st-gallen","145","0","0","0","0","-10853","0","0"
"st-gallen","150","0","0","0","0","-10853","0","0"
"st-gallen","155","0","0","0","0","-10853","0","0"
"st-gallen","160","0","0","0","0","-10853","0","0"
"st-gallen","165","0","0","0","0","-10853","0","0"
"st-gallen","170","0","0","0","0","-10853","0","0"
"st-gallen","175","0","0","0","0","-10853","0","0"
"st-gallen","180","0","0","0","0","-10853","0","0"
"st-gallen","185","0","0","0","0","-10853","0","0"
"st-gallen","190","0","0","0","0","-10853","0","0"
"st-gallen","195","0","0","0","0","-10853","0","0"
"st-gallen","200","0","0","0","0","-10853","0","0"
"st-gallen","205","0","0","0","0","-10853","0","0"
"st-gallen","210","0","0","0","0","-10853","0","0"
"st-gallen","215","0","0","0","0","-10853","0","0"
"st-gallen","220","0","0","0","0","-10853","0","0"
"st-gallen","225","0","0","0","0","-10853","0","0"
"st-gallen","230","0","0","0","0","-10853","0","0"
"st-gallen","235","0","0","0","0","-10853","0","0"
"st-gallen","240","0","0","0","0","-10853","0","0"
"st-gallen","245","0","0","0","0","-10853","0","0"
"st-gallen","250","0","0","0","0","-10853","0","0"
"st-gallen","255","0","0","0","0","-10853","0","0"
"st-gallen","260","0","0","0","0","-10853","0","0"
"st-gallen","265","0","0","0","0","-10853","0","0"
"st-gallen","270","0","0","0","0","-10853","0","0"
"st-gallen","275","0","0","0","0","-10853","0","0"
"st-gallen","280","0","0","0","0","-10853","0","0"
"st-gallen","285","0","0","0","0","-10853","0","0"
"st-gallen","290","0","0","0","0","-10853","0","0"
"st-gallen","295","0","0","0","0","-10853","0","0"
"st-gallen","300","0","0","0","0","-10853","0","0"
"st-gallen","305","18","10","1","-6","-10859","-4","-4"
"st-gallen","310","70","42","2","-25","-10878","-15","-15"
"st-gallen","315","155","94","5","-56","-10909","-32","-32"
"st-gallen","320","265","167","8","-90","-10943","-48","-48"
"st-gallen","325","389","261","13","-122","-10975","-56","-56"
"st-gallen","330","523","371","19","-143","-10996","-51","-51"
"st-gallen","335","664","495","25","-146","-10999","-30","-30"
"st-gallen","340","809","626","33","-129","-10982","7","7"
"st-gallen","345","958","765","41","-88","-10941","62","62"
"st-gallen","350","1109","910","49","-21","-10874","135","135"
"st-gallen","355","1262","1059","58","72","-10781","228","228"
"st-gallen","360","1417","1213","67","194","-10659","340","340"
"st-gallen","365","1573","1369","77","344","-10509","472","472"
"st-gallen","370","1730","1528","87","523","-10330","623","623"
"st-gallen","375","1887","1690","97","733","-10120","795","795"
"st-gallen","380","2043","1855","108","973","-9880","988","988"
"st-gallen","385","2200","2022","118","1243","-9610","1201","1201"
"st-gallen","390","2357","2191","129","1544","-9309","1435","1435"
"st-gallen","395","2514","2362","140","1876","-8977","1689","1689"
"st-gallen","400","2671","2534","151","2239","-8614","1963","1963"
"st-gallen","405","2827","2707","162","2633","-8220","2258","2258"
"st-gallen","410","2984","2882","173","3058","-7795","2574","2574"
"st-gallen","415","3141","3058","184","3515","-7338","2910","2910"
"st-gallen","420","3298","3234","195","4003","-6850","3267","3267"
"st-gallen","425","3454","3411","206","4523","-6330","3644","3644"
"st-gallen","430","3611","3587","217","5075","-5778","4042","4042"
"st-gallen","435","3768","3763","229","5659","-5194","4460","4460"
"st-gallen","440","3925","3939","240","6275","-4578","4898","4898"
"st-gallen","445","4082","4116","251","6922","-3931","5358","5358"
"st-gallen","450","4238","4292","262","7601","-3252","5837","5837"
"st-gallen","455","4360","4447","272","8325","-2528","6345","6345"
"st-gallen","460","4412","4561","280","9106","-1747","6888","6888"
"st-gallen","465","4398","4632","286","9941","-912","7463","7463"
"st-gallen","470","4336","4662","290","10817","-36","8057","8057"
"st-gallen","475","4244","4652","291","11718","865","8655","8655"
"st-gallen","480","4133","4606","291","12630","1777","9248","9248"
"st-gallen","485","4009","4537","289","13539","2686","9830","9830"
"st-gallen","490","3875","4449","286","14439","3586","10400","10400"
"st-gallen","495","3734","4348","281","15322","4469","10954","10954"
"st-gallen","500","3588","4235","276","16186","5333","11492","11492"
"st-gallen","505","3439","4112","269","17028","6175","12012","12012"
"st-gallen","510","3286","3982","261","17847","6994","12514","12514"
"st-gallen","515","3130","3845","253","18639","7786","12997","12997"
"st-gallen","520","2974","3703","245","19405","8552","13461","13461"
"st-gallen","525","2817","3555","235","20142","9289","13904","13904"
"st-gallen","530","2660","3402","226","20851","9998","14327","14327"
"st-gallen","535","2504","3245","216","21530","10677","14729","14729"
"st-gallen","540","2347","3083","205","22181","11328","15111","15111"
"st-gallen","545","2190","2917","195","22801","11948","15472","15472"
"st-gallen","550","2033","2749","184","23391","12538","15813","15813"
"st-gallen","555","1876","2578","173","23950","13097","16133","16133"
"st-gallen","560","1720","2405","162","24479","13626","16433","16433"
"st-gallen","565","1563","2229","151","24977","14124","16712","16712"
"st-gallen","570","1406","2053","140","25443","14590","16971","16971"
"st-gallen","575","1249","1877","129","25878","15025","17209","17209"
"st-gallen","580","1093","1701","118","26281","15428","17427","17427"
"st-gallen","585","936","1525","106","26652","15799","17624","17624"
"st-gallen","590","779","1348","95","26991","16138","17800","17800"
"st-gallen","595","622","1172","84","27299","16446","17957","17957"
"st-gallen","600","465","996","73","27574","16721","18092","18092"
"st-gallen","605","326","830","62","27812","16959","18204","18204"
"st-gallen","610","222","685","53","28005","17152","18287","18287"
"st-gallen","615","150","561","44","28155","17302","18345","18345"
"st-gallen","620","103","458","37","28268","17415","18382","18382"
"st-gallen","625","71","375","30","28353","17500","18407","18407"
"st-gallen","630","48","310","25","28417","17564","18425","18425"
"st-gallen","635","31","257","20","28466","17613","18437","18437"
"st-gallen","640","20","212","16","28504","17651","18446","18446"
"st-gallen","645","12","175","13","28535","17682","18452","18452"
"st-gallen","650","7","143","10","28559","17706","18456","18456"
"st-gallen","655","3","117","8","28578","17725","18459","18459"
"st-gallen","660","1","93","6","28593","17740","18460","18460"
"st-gallen","665","0","74","5","28605","17752","18461","18461"
"st-gallen","670","0","57","3","28614","17761","18461","18461"
"st-gallen","675","0","43","3","28622","17769","18461","18461"
"st-gallen","680","0","31","2","28628","17775","18461","18461"
"st-gallen","685","0","21","1","28633","17780","18461","18461"
"st-gallen","690","0","14","1","28637","17784","18461","18461"
"st-gallen","695","0","9","0","28640","17787","18461","18461"
"st-gallen","700","0","5","0","28642","17789","18461","18461"
"st-gallen","705","0","2","0","28643","17790","18461","18461"
"st-gallen","710","0","1","0","28644","17791","18461","18461"
"st-gallen","715","0","0","0","28644","17791","18461","18461"
"st-gallen","720","0","0","0","28644","17791","18461","18461"
"st-gallen","725","0","0","0","28644","17791","18461","18461"
"st-gallen","730","0","0","0","28644","17791","18461","18461"
"st-gallen","735","0","0","0","28644","17791","18461","18461"
"st-gallen","740","0","0","0","28644","17791","18461","18461"
"st-gallen","745","0","0","0","28644","17791","18461","18461"
"st-gallen","750","0","0","0","28644","17791","18461","18461"
"st-gallen","755","0","0","0","28644","17791","18461","18461"
"st-gallen","760","0","0","0","28644","17791","18461","18461"
"st-gallen","765","0","0","0","28644","17791","18461","18461"
"st-gallen","770","0","0","0","28644","17791","18461","18461"
"st-gallen","775","0","0","0","28644","17791","18461","18461"
"st-gallen","780","0","0","0","28644","17791","18461","18461"
"st-gallen","785","0","0","0","28644","17791","18461","18461"
"st-gallen","790","0","0","0","28644","17791","18461","18461"
"st-gallen","795","0","0","0","28644","17791","18461","18461"
"st-gallen","800","0","0","0","28644","17791","18461","18461"
"st-gallen","805","0","0","0","28644","17791","18461","18461"
"st-gallen","810","0","0","0","28644","17791","18461","18461"
"st-gallen","815","0","0","0","28644","17791","18461","18461"
"st-gallen","820","0","0","0","28644","17791","18461","18461"
"st-gallen","825","0","0","0","28644","17791","18461","18461"
"st-gallen","830","0","0","0","28644","17791","18461","18461"
"st-gallen","835","0","0","0","28644","17791","18461","18461"
"st-gallen","840","0","0","0","28644","17791","18461","18461"
"st-gallen","845","0","0","0","28644","17791","18461","18461"
"st-gallen","850","0","0","0","28644","17791","18461","18461"
"st-gallen","855","0","0","0","28644","17791","18461","18461"
"st-gallen","860","0","0","0","28644","17791","18461","18461"
"st-gallen","865","0","0","0","28644","17791","18461","18461"
"st-gallen","870","0","0","0","28644","17791","18461","18461"
"st-gallen","875","0","0","0","28644","17791","18461","18461"
"st-gallen","880","0","0","0","28644","17791","18461","18461"
"st-gallen","885","0","0","0","28644","17791","18461","18461"
"st-gallen","890","0","0","0","28644","17791","18461","18461"
"st-gallen","895","0","0","0","28644","17791","18461","18461"
"st-gallen","900","0","0","0","28644","17791","18461","18461"
"st-gallen","905","18","10","1","28622","17769","18447","18447"
"st-gallen","910","70","42","2","28555","17702","18405","18405"
"st-gallen","915","154","94","5","28444","17591","18336","18336"
"st-gallen","920","262","167","8","28292","17439","18242","18242"
"st-gallen","925","383","261","13","28099","17246","18124","18124"
"st-gallen","930","514","371","19","27868","17015","17983","17983"
"st-gallen","935","650","495","25","27600","16747","17821","17821"
"st-gallen","940","792","626","33","27297","16444","17637","17637"
"st-gallen","945","937","765","41","26958","16105","17431","17431"
"st-gallen","950","1084","910","49","26585","15732","17205","17205"
"st-gallen","955","1233","1059","58","26178","15325","16957","16957"
"st-gallen","960","1383","1213","67","25738","14885","16688","16688"
"st-gallen","965","1535","1369","76","25264","14411","16399","16399"
"st-gallen","970","1687","1528","86","24756","13903","16089","16089"
"st-gallen","975","1839","1690","96","24216","13363","15758","15758"
"st-gallen","980","1991","1855","106","23642","12789","15407","15407"
"st-gallen","985","2143","2022","116","23035","12182","15035","15035"
"st-gallen","990","2296","2191","127","22396","11543","14643","14643"
"st-gallen","995","2448","2362","137","21724","10871","14230","14230"
"st-gallen","1000","2600","2534","148","21019","10166","13797","13797"
"st-gallen","1005","2752","2707","159","20281","9428","13343","13343"
"st-gallen","1010","2904","2882","170","19511","8658","12869","12869"
"st-gallen","1015","3056","3058","180","18709","7856","12374","12374"
"st-gallen","1020","3208","3234","191","17875","7022","11859","11859"
"st-gallen","1025","3361","3411","202","17008","6155","11323","11323"
"st-gallen","1030","3513","3587","213","16110","5257","10767","10767"
"st-gallen","1035","3665","3763","224","15180","4327","10190","10190"
"st-gallen","1040","3817","3939","235","14218","3365","9593","9593"
"st-gallen","1045","3969","4116","245","13225","2372","8975","8975"
"st-gallen","1050","4121","4292","256","12199","1346","8336","8336"
"st-gallen","1055","4238","4447","266","11187","334","7705","7705"
"st-gallen","1060","4286","4561","274","10231","-622","7109","7109"
"st-gallen","1065","4269","4632","279","9331","-1522","6548","6548"
"st-gallen","1070","4207","4662","283","8484","-2369","6016","6016"
"st-gallen","1075","4116","4652","284","7685","-3168","5511","5511"
"st-gallen","1080","4007","4606","284","6930","-3923","5030","5030"
"st-gallen","1085","3886","4537","281","6218","-4635","4573","4573"
"st-gallen","1090","3755","4449","278","5545","-5308","4139","4139"
"st-gallen","1095","3618","4348","273","4910","-5943","3727","3727"
"st-gallen","1100","3476","4235","267","4312","-6541","3337","3337"
"st-gallen","1105","3329","4112","260","3750","-7103","2968","2968"
"st-gallen","1110","3180","3982","253","3224","-7629","2621","2621"
"st-gallen","1115","3029","3845","245","2733","-8120","2295","2295"
"st-gallen","1120","2877","3703","236","2277","-8576","1989","1989"
"st-gallen","1125","2725","3555","227","1855","-8998","1705","1705"
"st-gallen","1130","2573","3402","217","1468","-9385","1440","1440"
"st-gallen","1135","2421","3245","208","1115","-9738","1197","1197"
"st-gallen","1140","2269","3083","198","795","-10058","974","974"
"st-gallen","1145","2117","2917","187","509","-10344","771","771"
"st-gallen","1150","1965","2749","177","257","-10596","589","589"
"st-gallen","1155","1813","2578","166","38","-10815","427","427"
"st-gallen","1160","1660","2405","155","-147","-11000","286","286"
"st-gallen","1165","1508","2229","144","-300","-11153","166","166"
"st-gallen","1170","1356","2053","134","-420","-11273","66","66"
"st-gallen","1175","1204","1877","123","-509","-11362","-14","-14"
"st-gallen","1180","1052","1701","112","-565","-11418","-73","-73"
"st-gallen","1185","900","1525","101","-590","-11443","-111","-111"
"st-gallen","1190","748","1348","90","-583","-11436","-129","-129"
"st-gallen","1195","595","1172","79","-545","-11398","-127","-127"
"st-gallen","1200","443","996","69","-474","-11327","-104","-104"
"st-gallen","1205","309","830","58","-394","-11247","-74","-74"
"st-gallen","1210","209","685","49","-326","-11179","-52","-52"
"st-gallen","1215","141","561","41","-271","-11124","-37","-37"
"st-gallen","1220","96","458","34","-225","-11078","-26","-26"
"st-gallen","1225","66","375","28","-188","-11041","-18","-18"
"st-gallen","1230","44","310","23","-158","-11011","-13","-13"
"st-gallen","1235","28","257","18","-132","-10985","-8","-8"
"st-gallen","1240","18","212","15","-110","-10963","-6","-6"
"st-gallen","1245","10","175","12","-92","-10945","-3","-3"
"st-gallen","1250","5","143","9","-76","-10929","-2","-2"
"st-gallen","1255","2","117","7","-62","-10915","-1","-1"
"st-gallen","1260","1","93","5","-50","-10903","0","0"
"st-gallen","1265","0","74","4","-40","-10893","0","0"
"st-gallen","1270","0","57","3","-31","-10884","0","0"
"st-gallen","1275","0","43","2","-23","-10876","0","0"
"st-gallen","1280","0","31","1","-17","-10870","0","0"
"st-gallen","1285","0","21","1","-12","-10865","0","0"
"st-gallen","1290","0","14","1","-8","-10861","0","0"
"st-gallen","1295","0","9","0","-5","-10858","0","0"
"st-gallen","1300","0","5","0","-3","-10856","0","0"
"st-gallen","1305","0","2","0","-1","-10854","0","0"
"st-gallen","1310","0","1","0","0","-10853","0","0"
"st-gallen","1315","0","0","0","0","-10853","0","0"
"st-gallen","1320","0","0","0","0","-10853","0","0"
"st-gallen","1325","0","0","0","0","-10853","0","0"
"st-gallen","1330","0","0","0","0","-10853","0","0"
"st-gallen","1335","0","0","0","0","-10853","0","0"
"st-gallen","1340","0","0","0","0","-10853","0","0"
"st-gallen","1345","0","0","0","0","-10853","0","0"
"st-gallen","1350","0","0","0","0","-10853","0","0"
"st-gallen","1355","0","0","0","0","-10853","0","0"
"st-gallen","1360","0","0","0","0","-10853","0","0"
"st-gallen","1365","0","0","0","0","-10853","0","0"
"st-gallen","1370","0","0","0","0","-10853","0","0"
"st-gallen","1375","0","0","0","0","-10853","0","0"
"st-gallen","1380","0","0","0","0","-10853","0","0"
"st-gallen","1385","0","0","0","0","-10853","0","0"
"st-gallen","1390","0","0","0","0","-10853","0","0"
"st-gallen","1395","0","0","0","0","-10853","0","0"
"st-gallen","1400","0","0","0","0","-10853","0","0"
"st-gallen","1405","0","0","0","0","-10853","0","0"
"st-gallen","1410","0","0","0","0","-10853","0","0"
"st-gallen","1415","0","0","0","0","-10853","0","0"
"st-gallen","1420","0","0","0","0","-10853","0","0"
"st-gallen","1425","0","0","0","0","-10853","0","0"
"st-gallen","1430","0","0","0","0","-10853","0","0"
"st-gallen","1435","0","0","0","0","-10853","0","0"
"st-gallen","1440","0","0","0","0","-10853","0","0"
"lugano","0","0","0","0","0","-6972","0","0"
"lugano","5","0","0","0","0","-6972","0","0"
"lugano","10","0","0","0","0","-6972","0","0"
"lugano","15","0","0","0","0","-6972","0","0"
"lugano","20","0","0","0","0","-6972","0","0"
"lugano","25","0","0","0","0","-6972","0","0"
"lugano","30","0","0","0","0","-6972","0","0"
"lugano","35","0","0","0","0","-6972","0","0"
"lugano","40","0","0","0","0","-6972","0","0"
"lugano","45","0","0","0","0","-6972","0","0"
"lugano","50","0","0","0","0","-6972","0","0"
"lugano","55","0","0","0","0","-6972","0","0"
"lugano","60","0","0","0","0","-6972","0","0"
"lugano","65","0","0","0","0","-6972","0","0"
"lugano","70","0","0","0","0","-6972","0","0"
"lugano","75","0","0","0","0","-6972","0","0"
"lugano","80","0","0","0","0","-6972","0","0"
"lugano","85","0","0","0","0","-6972","0","0"
"lugano","90","0","0","0","0","-6972","0","0"
"lugano","95","0","0","0","0","-6972","0","0"
"lugano","100","0","0","0","0","-6972","0","0"
"lugano","105","0","0","0","0","-6972","0","0"
"lugano","110","0","0","0","0","-6972","0","0"
"lugano","115","0","0","0","0","-6972","0","0"
"lugano","120","0","0","0","0","-6972","0","0"
"lugano","125","0","0","0","0","-6972","0","0"
"lugano","130","0","0","0","0","-6972","0","0"
"lugano","135","0","0","0","0","-6972","0","0"
"lugano","140","0","0","0","0","-6972","0","0"
"lugano","145","0","0","0","0","-6972","0","0"
"lugano","150","0","0","0","0","-6972","0","0"
"lugano","155","0","0","0","0","-6972","0","0"
"lugano","160","0","0","0","0","-6972","0","0"
"lugano","165","0","0","0","0","-6972","0","0"
"lugano","170","0","0","0","0","-6972","0","0"
"lugano","175","0","0","0","0","-6972","0","0"
"lugano","180","0","0","0","0","-6972","0","0"
"lugano","185","0","0","0","0","-6972","0","0"
"lugano","190","0","0","0","0","-6972","0","0"
"lugano","195","0","0","0","0","-6972","0","0"
"lugano","200","0","0","0","0","-6972","0","0"
"lugano","205","0","0","0","0","-6972","0","0"
"lugano","210","0","0","0","0","-6972","0","0"
"lugano","215","0","0","0","0","-6972","0","0"
"lugano","220","0","0","0","0","-6972","0","0"
"lugano","225","0","0","0","0","-6972","0","0"
"lugano","230","0","0","0","0","-6972","0","0"
"lugano","235","0","0","0","0","-6972","0","0"
"lugano","240","0","0","0","0","-6972","0","0"
"lugano","245","0","0","0","0","-6972","0","0"
"lugano","250","0","0","0","0","-6972","0","0"
"lugano","255","0","0","0","0","-6972","0","0"
"lugano","260","0","0","0","0","-6972","0","0"
"lugano","265","0","0","0","0","-6972","0","0"
"lugano","270","0","0","0","0","-6972","0","0"
"lugano","275","0","0","0","0","-6972","0","0"
"lugano","280","0","0","0","0","-6972","0","0"
"lugano","285","0","0","0","0","-6972","0","0"
"lugano","290","0","0","0","0","-6972","0","0"
"lugano","295","0","0","0","0","-6972","0","0"
"lugano","300","0","0","0","0","-6972","0","0"
"lugano","305","11","2","4","-3","-6975","-2","-2"
"lugano","310","44","6","17","-13","-6985","-8","-8"
"lugano","315","97","15","39","-27","-6999","-15","-15"
"lugano","320","165","26","68","-44","-7016","-22","-22"
"lugano","325","249","40","106","-61","-7033","-28","-28"
"lugano","330","345","55","149","-75","-7047","-31","-31"
"lugano","335","452","72","199","-84","-7056","-29","-29"
"lugano","340","568","89","254","-86","-7058","-22","-22"
"lugano","345","691","107","313","-79","-7051","-7","-7"
"lugano","350","822","125","378","-62","-7034","16","16"
"lugano","355","957","143","447","-32","-7004","48","48"
"lugano","360","1098","161","519","10","-6962","91","91"
"lugano","365","1243","179","596","64","-6908","143","143"
"lugano","370","1392","197","677","133","-6839","206","206"
"lugano","375","1544","215","761","217","-6755","281","281"
"lugano","380","1698","233","848","316","-6656","368","368"
"lugano","385","1855","251","939","431","-6541","469","469"
"lugano","390","2012","269","1033","564","-6408","583","583"
"lugano","395","2169","287","1130","714","-6258","711","711"
"lugano","400","2327","305","1229","883","-6089","854","854"
"lugano","405","2484","324","1329","1072","-5900","1012","1012"
"lugano","410","2642","342","1431","1281","-5691","1184","1184"
"lugano","415","2799","360","1534","1510","-5462","1371","1371"
"lugano","420","2957","378","1637","1759","-5213","1573","1573"
"lugano","425","3115","396","1741","2028","-4944","1789","1789"
"lugano","430","3272","414","1845","2319","-4653","2020","2020"
"lugano","435","3430","432","1949","2630","-4342","2266","2266"
"lugano","440","3587","450","2053","2962","-4010","2526","2526"
"lugano","445","3745","468","2157","3315","-3657","2801","2801"
"lugano","450","3902","486","2261","3689","-3283","3091","3091"
"lugano","455","4037","501","2357","4091","-2881","3399","3399"
"lugano","460","4129","510","2435","4526","-2446","3729","3729"
"lugano","465","4182","511","2497","4992","-1980","4078","4078"
"lugano","470","4202","507","2541","5483","-1489","4441","4441"
"lugano","475","4193","497","2571","5995","-977","4816","4816"
"lugano","480","4159","484","2588","6523","-449","5199","5199"
"lugano","485","4102","469","2592","7061","89","5589","5589"
"lugano","490","4028","452","2587","7607","635","5981","5981"
"lugano","495","3937","435","2571","8156","1184","6374","6374"
"lugano","500","3835","417","2547","8704","1732","6764","6764"
"lugano","505","3721","399","2513","9249","2277","7151","7151"
"lugano","510","3598","381","2472","9791","2819","7532","7532"
"lugano","515","3465","363","2422","10327","3355","7908","7908"
"lugano","520","3324","345","2366","10856","3884","8277","8277"
"lugano","525","3178","327","2302","11377","4405","8636","8636"
"lugano","530","3027","309","2231","11888","4916","8987","8987"
"lugano","535","2872","291","2153","12387","5415","9326","9326"
"lugano","540","2715","273","2069","12872","5900","9652","9652"
"lugano","545","2557","255","1980","13343","6371","9964","9964"
"lugano","550","2400","237","1885","13797","6825","10261","10261"
"lugano","555","2242","219","1789","14233","7261","10544","10544"
"lugano","560","2085","201","1689","14650","7678","10812","10812"
"lugano","565","1927","183","1588","15047","8075","11066","11066"
"lugano","570","1770","165","1485","15426","8454","11304","11304"
"lugano","575","1612","146","1381","15784","8812","11529","11529"
"lugano","580","1455","128","1277","16121","9149","11738","11738"
"lugano","585","1297","110","1173","16437","9465","11933","11933"
"lugano","590","1139","92","1069","16732","9760","12113","12113"
"lugano","595","982","74","965","17007","10035","12278","12278"
"lugano","600","824","56","861","17260","10288","12429","12429"
"lugano","605","678","40","761","17490","10518","12563","12563"
"lugano","610","554","26","670","17692","10720","12679","12679"
"lugano","615","448","16","587","17868","10896","12778","12778"
"lugano","620","360","10","513","18021","11049","12862","12862"
"lugano","625","285","5","446","18154","11182","12934","12934"
"lugano","630","224","3","386","18268","11296","12994","12994"
"lugano","635","173","1","331","18366","11394","13043","13043"
"lugano","640","132","1","282","18450","11478","13084","13084"
"lugano","645","98","0","238","18522","11550","13117","13117"
"lugano","650","70","0","198","18583","11611","13144","13144"
"lugano","655","48","0","163","18636","11664","13165","13165"
"lugano","660","31","0","131","18681","11709","13182","13182"
"lugano","665","19","0","104","18717","11745","13194","13194"
"lugano","670","10","0","80","18747","11775","13203","13203"
"lugano","675","5","0","60","18770","11798","13208","13208"
"lugano","680","2","0","44","18788","11816","13211","13211"
"lugano","685","1","0","30","18801","11829","13212","13212"
"lugano","690","0","0","20","18810","11838","13213","13213"
"lugano","695","0","0","13","18817","11845","13213","13213"
"lugano","700","0","0","8","18821","11849","13213","13213"
"lugano","705","0","0","4","18824","11852","13213","13213"
"lugano","710","0","0","2","18826","11854","13213","13213"
"lugano","715","0","0","1","18827","11855","13213","13213"
"lugano","720","0","0","0","18828","11856","13213","13213"
"lugano","725","0","0","0","18828","11856","13213","13213"
"lugano","730","0","0","0","18828","11856","13213","13213"
"lugano","735","0","0","0","18828","11856","13213","13213"
"lugano","740","0","0","0","18828","11856","13213","13213"
"lugano","745","0","0","0","18828","11856","13213","13213"
"lugano","750","0","0","0","18828","11856","13213","13213"
"lugano","755","0","0","0","18828","11856","13213","13213"
"lugano","760","0","0","0","18828","11856","13213","13213"
"lugano","765","0","0","0","18828","11856","13213","13213"
"lugano","770","0","0","0","18828","11856","13213","13213"
"lugano","775","0","0","0","18828","11856","13213","13213"
"lugano","780","0","0","0","18828","11856","13213","13213"
"lugano","785","0","0","0","18828","11856","13213","13213"
"lugano","790","0","0","0","18828","11856","13213","13213"
"lugano","795","0","0","0","18828","11856","13213","13213"
"lugano","800","0","0","0","18828","11856","13213","13213"
"lugano","805","0","0","0","18828","11856","13213","13213"
"lugano","810","0","0","0","18828","11856","13213","13213"
"lugano","815","0","0","0","18828","11856","13213","13213"
"lugano","820","0","0","0","18828","11856","13213","13213"
"lugano","825","0","0","0","18828","11856","13213","13213"
"lugano","830","0","0","0","18828","11856","13213","13213"
"lugano","835","0","0","0","18828","11856","13213","13213"
"lugano","840","0","0","0","18828","11856","13213","13213"
"lugano","845","0","0","0","18828","11856","13213","13213"
"lugano","850","0","0","0","18828","11856","13213","13213"
"lugano","855","0","0","0","18828","11856","13213","13213"
"lugano","860","0","0","0","18828","11856","13213","13213"
"lugano","865","0","0","0","18828","11856","13213","13213"
"lugano","870","0","0","0","18828","11856","13213","13213"
"lugano","875","0","0","0","18828","11856","13213","13213"
"lugano","880","0","0","0","18828","11856","13213","13213"
"lugano","885","0","0","0","18828","11856","13213","13213"
"lugano","890","0","0","0","18828","11856","13213","13213"
"lugano","895","0","0","0","18828","11856","13213","13213"
"lugano","900","0","0","0","18828","11856","13213","13213"
"lugano","905","11","2","4","18814","11842","13204","13204"
"lugano","910","44","6","17","18773","11801","13176","13176"
"lugano","915","96","15","39","18705","11733","13131","13131"
"lugano","920","164","26","69","18612","11640","13069","13069"
"lugano","925","246","40","107","18493","11521","12991","12991"
"lugano","930","342","55","151","18351","11379","12897","12897"
"lugano","935","448","72","202","18187","11215","12787","12787"
"lugano","940","562","89","258","18000","11028","12663","12663"
"lugano","945","685","107","319","17791","10819","12524","12524"
"lugano","950","814","125","384","17560","10588","12370","12370"
"lugano","955","947","143","455","17308","10336","12201","12201"
"lugano","960","1084","161","529","17035","10063","12018","12018"
"lugano","965","1223","179","608","16740","9768","11819","11819"
"lugano","970","1365","197","691","16424","9452","11606","11606"
"lugano","975","1507","215","778","16087","9115","11378","11378"
"lugano","980","1650","233","868","15728","8756","11136","11136"
"lugano","985","1794","251","962","15348","8376","10879","10879"
"lugano","990","1938","269","1060","14947","7975","10607","10607"
"lugano","995","2083","287","1160","14525","7553","10320","10320"
"lugano","1000","2228","305","1263","14081","7109","10019","10019"
"lugano","1005","2373","324","1368","13617","6645","9703","9703"
"lugano","1010","2518","342","1475","13131","6159","9372","9372"
"lugano","1015","2663","360","1584","12624","5652","9027","9027"
"lugano","1020","2808","378","1693","12097","5125","8667","8667"
"lugano","1025","2952","396","1803","11548","4576","8292","8292"
"lugano","1030","3097","414","1914","10978","4006","7903","7903"
"lugano","1035","3242","432","2025","10387","3415","7499","7499"
"lugano","1040","3387","450","2136","9776","2804","7080","7080"
"lugano","1045","3532","468","2247","9143","2171","6646","6646"
"lugano","1050","3677","486","2358","8490","1518","6198","6198"
"lugano","1055","3799","501","2460","7843","871","5754","5754"
"lugano","1060","3878","510","2545","7230","258","5332","5332"
"lugano","1065","3919","511","2613","6650","-322","4931","4931"
"lugano","1070","3928","507","2664","6099","-873","4548","4548"
"lugano","1075","3908","497","2699","5578","-1394","4182","4182"
"lugano","1080","3863","484","2721","5082","-1890","3834","3834"
"lugano","1085","3796","469","2731","4612","-2360","3502","3502"
"lugano","1090","3711","452","2730","4165","-2807","3185","3185"
"lugano","1095","3611","435","2719","3741","-3231","2883","2883"
"lugano","1100","3498","417","2699","3339","-3633","2596","2596"
"lugano","1105","3376","399","2669","2960","-4012","2324","2324"
"lugano","1110","3248","381","2631","2602","-4370","2067","2067"
"lugano","1115","3114","363","2584","2266","-4706","1824","1824"
"lugano","1120","2976","345","2529","1952","-5020","1597","1597"
"lugano","1125","2836","327","2467","1659","-5313","1384","1384"
"lugano","1130","2694","309","2397","1388","-5584","1186","1186"
"lugano","1135","2552","291","2320","1139","-5833","1003","1003"
"lugano","1140","2408","273","2236","911","-6061","834","834"
"lugano","1145","2263","255","2146","705","-6267","680","680"
"lugano","1150","2118","237","2051","520","-6452","541","541"
"lugano","1155","1973","219","1952","356","-6616","417","417"
"lugano","1160","1828","201","1849","214","-6758","307","307"
"lugano","1165","1683","183","1743","93","-6879","212","212"
"lugano","1170","1538","165","1635","-7","-6979","132","132"
"lugano","1175","1394","146","1525","-86","-7058","66","66"
"lugano","1180","1249","128","1415","-144","-7116","15","15"
"lugano","1185","1104","110","1305","-181","-7153","-22","-22"
"lugano","1190","959","92","1194","-197","-7169","-43","-43"
"lugano","1195","814","74","1083","-192","-7164","-50","-50"
"lugano","1200","669","56","972","-166","-7138","-43","-43"
"lugano","1205","536","40","865","-133","-7105","-29","-29"
"lugano","1210","424","26","767","-107","-7079","-20","-20"
"lugano","1215","331","16","678","-86","-7058","-14","-14"
"lugano","1220","254","10","597","-70","-7042","-9","-9"
"lugano","1225","191","5","524","-57","-7029","-6","-6"
"lugano","1230","142","3","457","-48","-7020","-4","-4"
"lugano","1235","103","1","397","-40","-7012","-3","-3"
"lugano","1240","73","1","342","-34","-7006","-2","-2"
"lugano","1245","50","0","292","-29","-7001","-2","-2"
"lugano","1250","34","0","247","-24","-6996","-1","-1"
"lugano","1255","23","0","206","-20","-6992","-1","-1"
"lugano","1260","14","0","170","-16","-6988","-1","-1"
"lugano","1265","9","0","137","-13","-6985","0","0"
"lugano","1270","6","0","109","-11","-6983","0","0"
"lugano","1275","3","0","85","-8","-6980","0","0"
"lugano","1280","1","0","65","-6","-6978","0","0"
"lugano","1285","0","0","48","-5","-6977","0","0"
"lugano","1290","0","0","34","-4","-6976","0","0"
"lugano","1295","0","0","23","-3","-6975","0","0"
"lugano","1300","0","0","15","-2","-6974","0","0"
"lugano","1305","0","0","9","-1","-6973","0","0"
"lugano","1310","0","0","5","-1","-6973","0","0"
"lugano","1315","0","0","3","0","-6972","0","0"
"lugano","1320","0","0","1","0","-6972","0","0"
"lugano","1325","0","0","1","0","-6972","0","0"
"lugano","1330","0","0","0","0","-6972","0","0"
"lugano","1335","0","0","0","0","-6972","0","0"
"lugano","1340","0","0","0","0","-6972","0","0"
"lugano","1345","0","0","0","0","-6972","0","0"
"lugano","1350","0","0","0","0","-6972","0","0"
"lugano","1355","0","0","0","0","-6972","0","0"
"lugano","1360","0","0","0","0","-6972","0","0"
"lugano","1365","0","0","0","0","-6972","0","0"
"lugano","1370","0","0","0","0","-6972","0","0"
"lugano","1375","0","0","0","0","-6972","0","0"
"lugano","1380","0","0","0","0","-6972","0","0"
"lugano","1385","0","0","0","0","-6972","0","0"
"lugano","1390","0","0","0","0","-6972","0","0"
"lugano","1395","0","0","0","0","-6972","0","0"
"lugano","1400","0","0","0","0","-6972","0","0"
"lugano","1405","0","0","0","0","-6972","0","0"
"lugano","1410","0","0","0","0","-6972","0","0"
"lugano","1415","0","0","0","0","-6972","0","0"
"lugano","1420","0","0","0","0","-6972","0","0"
"lugano","1425","0","0","0","0","-6972","0","0"
"lugano","1430","0","0","0","0","-6972","0","0"
"lugano","1435","0","0","0","0","-6972","0","0"
"lugano","1440","0","0","0","0","-6972","0","0"
"biel-bienne","0","0","0","0","0","-3453","0","0"
"biel-bienne","5","0","0","0","0","-3453","0","0"
"biel-bienne","10","0","0","0","0","-3453","0","0"
"biel-bienne","15","0","0","0","0","-3453","0","0"
"biel-bienne","20","0","0","0","0","-3453","0","0"
"biel-bienne","25","0","0","0","0","-3453","0","0"
"biel-bienne","30","0","0","0","0","-3453","0","0"
"biel-bienne","35","0","0","0","0","-3453","0","0"
"biel-bienne","40","0","0","0","0","-3453","0","0"
"biel-bienne","45","0","0","0","0","-3453","0","0"
"biel-bienne","50","0","0","0","0","-3453","0","0"
"biel-bienne","55","0","0","0","0","-3453","0","0"
"biel-bienne","60","0","0","0","0","-3453","0","0"
"biel-bienne","65","0","0","0","0","-3453","0","0"
"biel-bienne","70","0","0","0","0","-3453","0","0"
"biel-bienne","75","0","0","0","0","-3453","0","0"
"biel-bienne","80","0","0","0","0","-3453","0","0"
"biel-bienne","85","0","0","0","0","-3453","0","0"
"biel-bienne","90","0","0","0","0","-3453","0","0"
"biel-bienne","95","0","0","0","0","-3453","0","0"
"biel-bienne","100","0","0","0","0","-3453","0","0"
"biel-bienne","105","0","0","0","0","-3453","0","0"
"biel-bienne","110","0","0","0","0","-3453","0","0"
"biel-bienne","115","0","0","0","0","-3453","0","0"
"biel-bienne","120","0","0","0","0","-3453","0","0"
"biel-bienne","125","0","0","0","0","-3453","0","0"
"biel-bienne","130","0","0","0","0","-3453","0","0"
"biel-bienne","135","0","0","0","0","-3453","0","0"
"biel-bienne","140","0","0","0","0","-3453","0","0"
"biel-bienne","145","0","0","0","0","-3453","0","0"
"biel-bienne","150","0","0","0","0","-3453","0","0"
"biel-bienne","155","0","0","0","0","-3453","0","0"
"biel-bienne","160","0","0","0","0","-3453","0","0"
"biel-bienne","165","0","0","0","0","-3453","0","0"
"biel-bienne","170","0","0","0","0","-3453","0","0"
"biel-bienne","175","0","0","0","0","-3453","0","0"
"biel-bienne","180","0","0","0","0","-3453","0","0"
"biel-bienne","185","0","0","0","0","-3453","0","0"
"biel-bienne","190","0","0","0","0","-3453","0","0"
"biel-bienne","195","0","0","0","0","-3453","0","0"
"biel-bienne","200","0","0","0","0","-3453","0","0"
"biel-bienne","205","0","0","0","0","-3453","0","0"
"biel-bienne","210","0","0","0","0","-3453","0","0"
"biel-bienne","215","0","0","0","0","-3453","0","0"
"biel-bienne","220","0","0","0","0","-3453","0","0"
"biel-bienne","225","0","0","0","0","-3453","0","0"
"biel-bienne","230","0","0","0","0","-3453","0","0"
"biel-bienne","235","0","0","0","0","-3453","0","0"
"biel-bienne","240","0","0","0","0","-3453","0","0"
"biel-bienne","245","0","0","0","0","-3453","0","0"
"biel-bienne","250","0","0","0","0","-3453","0","0"
"biel-bienne","255","0","0","0","0","-3453","0","0"
"biel-bienne","260","0","0","0","0","-3453","0","0"
"biel-bienne","265","0","0","0","0","-3453","0","0"
"biel-bienne","270","0","0","0","0","-3453","0","0"
"biel-bienne","275","0","0","0","0","-3453","0","0"
"biel-bienne","280","0","0","0","0","-3453","0","0"
"biel-bienne","285","0","0","0","0","-3453","0","0"
"biel-bienne","290","0","0","0","0","-3453","0","0"
"biel-bienne","295","0","0","0","0","-3453","0","0"
"biel-bienne","300","0","0","0","0","-3453","0","0"
"biel-bienne","305","7","4","3","-4","-3457","-2","-2"
"biel-bienne","310","30","15","12","-18","-3471","-7","-7"
"biel-bienne","315","65","34","28","-38","-3491","-14","-14"
"biel-bienne","320","111","60","49","-64","-3517","-21","-21"
"biel-bienne","325","165","92","75","-91","-3544","-26","-26"
"biel-bienne","330","224","132","106","-118","-3571","-27","-27"
"biel-bienne","335","288","175","142","-142","-3595","-22","-22"
"biel-bienne","340","355","223","181","-161","-3614","-12","-12"
"biel-bienne","345","423","275","224","-174","-3627","5","5"
"biel-bienne","350","493","329","269","-180","-3633","29","29"
"biel-bienne","355","564","385","316","-179","-3632","60","60"
"biel-bienne","360","635","441","365","-168","-3621","98","98"
"biel-bienne","365","707","499","416","-149","-3602","144","144"
"biel-bienne","370","780","557","468","-120","-3573","198","198"
"biel-bienne","375","853","615","522","-82","-3535","259","259"
"biel-bienne","380","926","674","577","-35","-3488","328","328"
"biel-bienne","385","1000","733","632","23","-3430","404","404"
"biel-bienne","390","1074","793","689","90","-3363","488","488"
"biel-bienne","395","1148","853","746","168","-3285","580","580"
"biel-bienne","400","1222","912","804","256","-3197","679","679"
"biel-bienne","405","1297","972","862","354","-3099","786","786"
"biel-bienne","410","1372","1033","921","463","-2990","901","901"
"biel-bienne","415","1447","1093","979","582","-2871","1024","1024"
"biel-bienne","420","1523","1153","1037","712","-2741","1155","1155"
"biel-bienne","425","1598","1213","1096","852","-2601","1293","1293"
"biel-bienne","430","1674","1274","1154","1004","-2449","1439","1439"
"biel-bienne","435","1749","1334","1212","1166","-2287","1593","1593"
"biel-bienne","440","1825","1394","1271","1338","-2115","1755","1755"
"biel-bienne","445","1901","1455","1329","1522","-1931","1925","1925"
"biel-bienne","450","1977","1515","1388","1716","-1737","2103","2103"
"biel-bienne","455","2038","1568","1440","1930","-1523","2292","2292"
"biel-bienne","460","2070","1606","1480","2172","-1281","2495","2495"
"biel-bienne","465","2075","1629","1508","2440","-1013","2711","2711"
"biel-bienne","470","2060","1637","1524","2728","-725","2935","2935"
"biel-bienne","475","2028","1631","1529","3031","-422","3162","3162"
"biel-bienne","480","1986","1614","1525","3344","-109","3389","3389"
"biel-bienne","485","1934","1586","1513","3660","207","3613","3613"
"biel-bienne","490","1877","1550","1493","3979","526","3833","3833"
"biel-bienne","495","1816","1507","1465","4298","845","4049","4049"
"biel-bienne","500","1753","1460","1433","4612","1159","4258","4258"
"biel-bienne","505","1687","1409","1397","4922","1469","4461","4461"
"biel-bienne","510","1621","1356","1357","5225","1772","4657","4657"
"biel-bienne","515","1553","1301","1314","5521","2068","4847","4847"
"biel-bienne","520","1484","1246","1268","5810","2357","5029","5029"
"biel-bienne","525","1414","1189","1220","6090","2637","5203","5203"
"biel-bienne","530","1343","1131","1169","6362","2909","5371","5371"
"biel-bienne","535","1272","1073","1115","6625","3172","5531","5531"
"biel-bienne","540","1201","1015","1060","6879","3426","5684","5684"
"biel-bienne","545","1128","955","1004","7124","3671","5829","5829"
"biel-bienne","550","1056","896","947","7359","3906","5967","5967"
"biel-bienne","555","982","836","889","7584","4131","6097","6097"
"biel-bienne","560","908","776","831","7798","4345","6220","6220"
"biel-bienne","565","834","716","773","8003","4550","6336","6336"
"biel-bienne","570","760","656","714","8197","4744","6443","6443"
"biel-bienne","575","685","595","656","8380","4927","6543","6543"
"biel-bienne","580","610","535","597","8553","5100","6635","6635"
"biel-bienne","585","535","475","539","8716","5263","6720","6720"
"biel-bienne","590","459","414","481","8867","5414","6797","6797"
"biel-bienne","595","384","354","422","9008","5555","6865","6865"
"biel-bienne","600","308","294","364","9139","5686","6927","6927"
"biel-bienne","605","239","237","309","9254","5801","6978","6978"
"biel-bienne","610","185","188","259","9350","5897","7019","7019"
"biel-bienne","615","145","146","216","9428","5975","7049","7049"
"biel-bienne","620","114","112","179","9489","6036","7072","7072"
"biel-bienne","625","92","85","147","9539","6086","7088","7088"
"biel-bienne","630","75","64","120","9578","6125","7101","7101"
"biel-bienne","635","63","47","97","9609","6156","7112","7112"
"biel-bienne","640","53","35","78","9634","6181","7120","7120"
"biel-bienne","645","46","26","62","9654","6201","7127","7127"
"biel-bienne","650","39","20","49","9670","6217","7132","7132"
"biel-bienne","655","34","15","38","9684","6231","7137","7137"
"biel-bienne","660","29","12","29","9695","6242","7142","7142"
"biel-bienne","665","25","9","21","9704","6251","7145","7145"
"biel-bienne","670","22","6","15","9712","6259","7149","7149"
"biel-bienne","675","18","5","10","9718","6265","7152","7152"
"biel-bienne","680","15","3","6","9724","6271","7155","7155"
"biel-bienne","685","13","2","4","9728","6275","7157","7157"
"biel-bienne","690","11","1","2","9731","6278","7159","7159"
"biel-bienne","695","9","1","1","9734","6281","7161","7161"
"biel-bienne","700","7","0","1","9736","6283","7163","7163"
"biel-bienne","705","6","0","0","9737","6284","7164","7164"
"biel-bienne","710","4","0","0","9739","6286","7166","7166"
"biel-bienne","715","3","0","0","9740","6287","7167","7167"
"biel-bienne","720","3","0","0","9740","6287","7167","7167"
"biel-bienne","725","2","0","0","9741","6288","7168","7168"
"biel-bienne","730","1","0","0","9742","6289","7169","7169"
"biel-bienne","735","1","0","0","9742","6289","7169","7169"
"biel-bienne","740","1","0","0","9742","6289","7169","7169"
"biel-bienne","745","0","0","0","9743","6290","7170","7170"
"biel-bienne","750","0","0","0","9743","6290","7170","7170"
"biel-bienne","755","0","0","0","9743","6290","7170","7170"
"biel-bienne","760","0","0","0","9743","6290","7170","7170"
"biel-bienne","765","0","0","0","9743","6290","7170","7170"
"biel-bienne","770","0","0","0","9743","6290","7170","7170"
"biel-bienne","775","0","0","0","9743","6290","7170","7170"
"biel-bienne","780","0","0","0","9743","6290","7170","7170"
"biel-bienne","785","0","0","0","9743","6290","7170","7170"
"biel-bienne","790","0","0","0","9743","6290","7170","7170"
"biel-bienne","795","0","0","0","9743","6290","7170","7170"
"biel-bienne","800","0","0","0","9743","6290","7170","7170"
"biel-bienne","805","0","0","0","9743","6290","7170","7170"
"biel-bienne","810","0","0","0","9743","6290","7170","7170"
"biel-bienne","815","0","0","0","9743","6290","7170","7170"
"biel-bienne","820","0","0","0","9743","6290","7170","7170"
"biel-bienne","825","0","0","0","9743","6290","7170","7170"
"biel-bienne","830","0","0","0","9743","6290","7170","7170"
"biel-bienne","835","0","0","0","9743","6290","7170","7170"
"biel-bienne","840","0","0","0","9743","6290","7170","7170"
"biel-bienne","845","0","0","0","9743","6290","7170","7170"
"biel-bienne","850","0","0","0","9743","6290","7170","7170"
"biel-bienne","855","0","0","0","9743","6290","7170","7170"
"biel-bienne","860","0","0","0","9743","6290","7170","7170"
"biel-bienne","865","0","0","0","9743","6290","7170","7170"
"biel-bienne","870","0","0","0","9743","6290","7170","7170"
"biel-bienne","875","0","0","0","9743","6290","7170","7170"
"biel-bienne","880","0","0","0","9743","6290","7170","7170"
"biel-bienne","885","0","0","0","9743","6290","7170","7170"
"biel-bienne","890","0","0","0","9743","6290","7170","7170"
"biel-bienne","895","0","0","0","9743","6290","7170","7170"
"biel-bienne","900","0","0","0","9743","6290","7170","7170"
"biel-bienne","905","7","4","3","9733","6280","7164","7164"
"biel-bienne","910","30","15","12","9704","6251","7147","7147"
"biel-bienne","915","65","34","28","9655","6202","7119","7119"
"biel-bienne","920","111","60","49","9588","6135","7080","7080"
"biel-bienne","925","165","92","75","9502","6049","7031","7031"
"biel-bienne","930","224","132","107","9399","5946","6972","6972"
"biel-bienne","935","288","175","143","9280","5827","6904","6904"
"biel-bienne","940","355","223","184","9145","5692","6827","6827"
"biel-bienne","945","424","275","228","8995","5542","6742","6742"
"biel-bienne","950","494","329","274","8833","5380","6648","6648"
"biel-bienne","955","565","385","323","8657","5204","6546","6546"
"biel-bienne","960","636","441","374","8470","5017","6436","6436"
"biel-bienne","965","708","499","426","8271","4818","6318","6318"
"biel-bienne","970","781","557","480","8060","4607","6191","6191"
"biel-bienne","975","854","615","535","7837","4384","6057","6057"
"biel-bienne","980","928","674","592","7603","4150","5915","5915"
"biel-bienne","985","1002","733","650","7358","3905","5765","5765"
"biel-bienne","990","1076","793","709","7101","3648","5607","5607"
"biel-bienne","995","1150","853","769","6832","3379","5441","5441"
"biel-bienne","1000","1225","912","829","6553","3100","5267","5267"
"biel-bienne","1005","1300","972","890","6262","2809","5084","5084"
"biel-bienne","1010","1375","1033","950","5961","2508","4894","4894"
"biel-bienne","1015","1450","1093","1011","5649","2196","4696","4696"
"biel-bienne","1020","1526","1153","1072","5326","1873","4490","4490"
"biel-bienne","1025","1601","1213","1134","4992","1539","4276","4276"
"biel-bienne","1030","1677","1274","1195","4647","1194","4054","4054"
"biel-bienne","1035","1753","1334","1256","4291","838","3825","3825"
"biel-bienne","1040","1829","1394","1317","3925","472","3587","3587"
"biel-bienne","1045","1905","1455","1378","3547","94","3341","3341"
"biel-bienne","1050","1982","1515","1439","3159","-294","3087","3087"
"biel-bienne","1055","2043","1568","1494","2780","-673","2837","2837"
"biel-bienne","1060","2075","1606","1537","2429","-1024","2601","2601"
"biel-bienne","1065","2081","1629","1567","2106","-1347","2380","2380"
"biel-bienne","1070","2065","1637","1586","1810","-1643","2172","2172"
"biel-bienne","1075","2034","1631","1594","1539","-1914","1976","1976"
"biel-bienne","1080","1992","1614","1591","1292","-2161","1792","1792"
"biel-bienne","1085","1941","1586","1580","1066","-2387","1619","1619"
"biel-bienne","1090","1883","1550","1560","861","-2592","1455","1455"
"biel-bienne","1095","1822","1507","1533","675","-2778","1301","1301"
"biel-bienne","1100","1759","1460","1501","504","-2949","1155","1155"
"biel-bienne","1105","1693","1409","1465","347","-3106","1018","1018"
"biel-bienne","1110","1626","1356","1425","203","-3250","889","889"
"biel-bienne","1115","1558","1301","1381","73","-3380","768","768"
"biel-bienne","1120","1489","1246","1335","-45","-3498","655","655"
"biel-bienne","1125","1419","1189","1285","-150","-3603","550","550"
"biel-bienne","1130","1349","1131","1232","-243","-3696","453","453"
"biel-bienne","1135","1277","1073","1177","-324","-3777","364","364"
"biel-bienne","1140","1206","1015","1121","-393","-3846","283","283"
"biel-bienne","1145","1133","955","1062","-450","-3903","210","210"
"biel-bienne","1150","1060","896","1003","-496","-3949","145","145"
"biel-bienne","1155","987","836","943","-530","-3983","88","88"
"biel-bienne","1160","913","776","882","-554","-4007","39","39"
"biel-bienne","1165","839","716","821","-566","-4019","-2","-2"
"biel-bienne","1170","764","656","760","-568","-4021","-35","-35"
"biel-bienne","1175","689","595","699","-559","-4012","-60","-60"
"biel-bienne","1180","614","535","638","-539","-3992","-77","-77"
"biel-bienne","1185","538","475","577","-508","-3961","-86","-86"
"biel-bienne","1190","462","414","516","-466","-3919","-87","-87"
"biel-bienne","1195","386","354","455","-414","-3867","-80","-80"
"biel-bienne","1200","310","294","394","-350","-3803","-65","-65"
"biel-bienne","1205","241","237","336","-286","-3739","-48","-48"
"biel-bienne","1210","187","188","284","-230","-3683","-35","-35"
"biel-bienne","1215","146","146","238","-183","-3636","-24","-24"
"biel-bienne","1220","116","112","198","-144","-3597","-16","-16"
"biel-bienne","1225","93","85","164","-112","-3565","-11","-11"
"biel-bienne","1230","76","64","135","-87","-3540","-7","-7"
"biel-bienne","1235","64","47","110","-67","-3520","-4","-4"
"biel-bienne","1240","54","35","89","-52","-3505","-3","-3"
"biel-bienne","1245","46","26","72","-41","-3494","-2","-2"
"biel-bienne","1250","40","20","57","-32","-3485","-1","-1"
"biel-bienne","1255","34","15","45","-25","-3478","-1","-1"
"biel-bienne","1260","30","12","34","-19","-3472","-1","-1"
"biel-bienne","1265","26","9","26","-14","-3467","0","0"
"biel-bienne","1270","22","6","18","-10","-3463","0","0"
"biel-bienne","1275","19","5","13","-7","-3460","0","0"
"biel-bienne","1280","16","3","9","-4","-3457","0","0"
"biel-bienne","1285","13","2","5","-3","-3456","0","0"
"biel-bienne","1290","11","1","3","-1","-3454","0","0"
"biel-bienne","1295","9","1","2","-1","-3454","0","0"
"biel-bienne","1300","7","0","1","0","-3453","0","0"
"biel-bienne","1305","6","0","0","0","-3453","0","0"
"biel-bienne","1310","4","0","0","0","-3453","0","0"
"biel-bienne","1315","3","0","0","0","-3453","0","0"
"biel-bienne","1320","2","0","0","0","-3453","0","0"
"biel-bienne","1325","2","0","0","0","-3453","0","0"
"biel-bienne","1330","1","0","0","0","-3453","0","0"
"biel-bienne","1335","1","0","0","0","-3453","0","0"
"biel-bienne","1340","0","0","0","0","-3453","0","0"
"biel-bienne","1345","0","0","0","0","-3453","0","0"
"biel-bienne","1350","0","0","0","0","-3453","0","0"
"biel-bienne","1355","0","0","0","0","-3453","0","0"
"biel-bienne","1360","0","0","0","0","-3453","0","0"
"biel-bienne","1365","0","0","0","0","-3453","0","0"
"biel-bienne","1370","0","0","0","0","-3453","0","0"
"biel-bienne","1375","0","0","0","0","-3453","0","0"
"biel-bienne","1380","0","0","0","0","-3453","0","0"
"biel-bienne","1385","0","0","0","0","-3453","0","0"
"biel-bienne","1390","0","0","0","0","-3453","0","0"
"biel-bienne","1395","0","0","0","0","-3453","0","0"
"biel-bienne","1400","0","0","0","0","-3453","0","0"
"biel-bienne","1405","0","0","0","0","-3453","0","0"
"biel-bienne","1410","0","0","0","0","-3453","0","0"
"biel-bienne","1415","0","0","0","0","-3453","0","0"
"biel-bienne","1420","0","0","0","0","-3453","0","0"
"biel-bienne","1425","0","0","0","0","-3453","0","0"
"biel-bienne","1430","0","0","0","0","-3453","0","0"
"biel-bienne","1435","0","0","0","0","-3453","0","0"
"biel-bienne","1440","0","0","0","0","-3453","0","0"
"schaffhausen","0","0","0","0","0","-2395","0","0"
"schaffhausen","5","0","0","0","0","-2395","0","0"
"schaffhausen","10","0","0","0","0","-2395","0","0"
"schaffhausen","15","0","0","0","0","-2395","0","0"
"schaffhausen","20","0","0","0","0","-2395","0","0"
"schaffhausen","25","0","0","0","0","-2395","0","0"
"schaffhausen","30","0","0","0","0","-2395","0","0"
"schaffhausen","35","0","0","0","0","-2395","0","0"
"schaffhausen","40","0","0","0","0","-2395","0","0"
"schaffhausen","45","0","0","0","0","-2395","0","0"
"schaffhausen","50","0","0","0","0","-2395","0","0"
"schaffhausen","55","0","0","0","0","-2395","0","0"
"schaffhausen","60","0","0","0","0","-2395","0","0"
"schaffhausen","65","0","0","0","0","-2395","0","0"
"schaffhausen","70","0","0","0","0","-2395","0","0"
"schaffhausen","75","0","0","0","0","-2395","0","0"
"schaffhausen","80","0","0","0","0","-2395","0","0"
"schaffhausen","85","0","0","0","0","-2395","0","0"
"schaffhausen","90","0","0","0","0","-2395","0","0"
"schaffhausen","95","0","0","0","0","-2395","0","0"
"schaffhausen","100","0","0","0","0","-2395","0","0"
"schaffhausen","105","0","0","0","0","-2395","0","0"
"schaffhausen","110","0","0","0","0","-2395","0","0"
"schaffhausen","115","0","0","0","0","-2395","0","0"
"schaffhausen","120","0","0","0","0","-2395","0","0"
"schaffhausen","125","0","0","0","0","-2395","0","0"
"schaffhausen","130","0","0","0","0","-2395","0","0"
"schaffhausen","135","0","0","0","0","-2395","0","0"
"schaffhausen","140","0","0","0","0","-2395","0","0"
"schaffhausen","145","0","0","0","0","-2395","0","0"
"schaffhausen","150","0","0","0","0","-2395","0","0"
"schaffhausen","155","0","0","0","0","-2395","0","0"
"schaffhausen","160","0","0","0","0","-2395","0","0"
"schaffhausen","165","0","0","0","0","-2395","0","0"
"schaffhausen","170","0","0","0","0","-2395","0","0"
"schaffhausen","175","0","0","0","0","-2395","0","0"
"schaffhausen","180","0","0","0","0","-2395","0","0"
"schaffhausen","185","0","0","0","0","-2395","0","0"
"schaffhausen","190","0","0","0","0","-2395","0","0"
"schaffhausen","195","0","0","0","0","-2395","0","0"
"schaffhausen","200","0","0","0","0","-2395","0","0"
"schaffhausen","205","0","0","0","0","-2395","0","0"
"schaffhausen","210","0","0","0","0","-2395","0","0"
"schaffhausen","215","0","0","0","0","-2395","0","0"
"schaffhausen","220","0","0","0","0","-2395","0","0"
"schaffhausen","225","0","0","0","0","-2395","0","0"
"schaffhausen","230","0","0","0","0","-2395","0","0"
"schaffhausen","235","0","0","0","0","-2395","0","0"
"schaffhausen","240","0","0","0","0","-2395","0","0"
"schaffhausen","245","0","0","0","0","-2395","0","0"
"schaffhausen","250","0","0","0","0","-2395","0","0"
"schaffhausen","255","0","0","0","0","-2395","0","0"
"schaffhausen","260","0","0","0","0","-2395","0","0"
"schaffhausen","265","0","0","0","0","-2395","0","0"
"schaffhausen","270","0","0","0","0","-2395","0","0"
"schaffhausen","275","0","0","0","0","-2395","0","0"
"schaffhausen","280","0","0","0","0","-2395","0","0"
"schaffhausen","285","0","0","0","0","-2395","0","0"
"schaffhausen","290","0","0","0","0","-2395","0","0"
"schaffhausen","295","0","0","0","0","-2395","0","0"
"schaffhausen","300","0","0","0","0","-2395","0","0"
"schaffhausen","305","5","2","2","-3","-2398","-1","-1"
"schaffhausen","310","19","8","8","-11","-2406","-5","-5"
"schaffhausen","315","40","19","18","-22","-2417","-9","-9"
"schaffhausen","320","66","34","32","-34","-2429","-11","-11"
"schaffhausen","325","96","52","49","-47","-2442","-12","-12"
"schaffhausen","330","129","73","69","-58","-2453","-10","-10"
"schaffhausen","335","164","96","92","-66","-2461","-5","-5"
"schaffhausen","340","199","120","117","-69","-2464","4","4"
"schaffhausen","345","236","145","144","-68","-2463","17","17"
"schaffhausen","350","273","171","173","-62","-2457","35","35"
"schaffhausen","355","311","197","202","-49","-2444","57","57"
"schaffhausen","360","348","223","233","-31","-2426","84","84"
"schaffhausen","365","386","249","265","-6","-2401","115","115"
"schaffhausen","370","424","276","297","25","-2370","150","150"
"schaffhausen","375","461","302","330","63","-2332","191","191"
"schaffhausen","380","499","328","363","108","-2287","236","236"
"schaffhausen","385","537","354","397","160","-2235","285","285"
"schaffhausen","390","575","381","432","219","-2176","340","340"
"schaffhausen","395","613","407","466","285","-2110","399","399"
"schaffhausen","400","650","433","501","358","-2037","462","462"
"schaffhausen","405","688","459","536","438","-1957","531","531"
"schaffhausen","410","726","486","571","525","-1870","604","604"
"schaffhausen","415","764","512","606","620","-1775","681","681"
"schaffhausen","420","802","538","641","722","-1673","763","763"
"schaffhausen","425","839","564","675","831","-1564","850","850"
"schaffhausen","430","877","591","710","947","-1448","942","942"
"schaffhausen","435","915","617","745","1070","-1325","1038","1038"
"schaffhausen","440","953","643","780","1201","-1194","1139","1139"
"schaffhausen","445","991","669","815","1339","-1056","1245","1245"
"schaffhausen","450","1028","695","850","1484","-911","1355","1355"
"schaffhausen","455","1057","717","881","1641","-754","1473","1473"
"schaffhausen","460","1066","731","904","1817","-578","1600","1600"
"schaffhausen","465","1061","736","919","2005","-390","1732","1732"
"schaffhausen","470","1047","733","927","2204","-191","1866","1866"
"schaffhausen","475","1025","722","927","2410","15","2001","2001"
"schaffhausen","480","998","707","921","2621","226","2136","2136"
"schaffhausen","485","966","688","910","2832","437","2268","2268"
"schaffhausen","490","932","666","895","3043","648","2397","2397"
"schaffhausen","495","897","641","877","3250","855","2523","2523"
"schaffhausen","500","860","616","855","3454","1059","2645","2645"
"schaffhausen","505","823","590","831","3654","1259","2762","2762"
"schaffhausen","510","786","564","804","3849","1454","2875","2875"
"schaffhausen","515","748","538","776","4038","1643","2984","2984"
"schaffhausen","520","711","511","746","4221","1826","3088","3088"
"schaffhausen","525","673","485","715","4398","2003","3188","3188"
"schaffhausen","530","635","459","683","4569","2174","3283","3283"
"schaffhausen","535","597","433","650","4733","2338","3373","3373"
"schaffhausen","540","559","407","616","4890","2495","3459","3459"
"schaffhausen","545","522","380","582","5040","2645","3540","3540"
"schaffhausen","550","484","354","548","5183","2788","3617","3617"
"schaffhausen","555","446","328","514","5320","2925","3688","3688"
"schaffhausen","560","408","302","479","5449","3054","3755","3755"
"schaffhausen","565","370","275","444","5570","3175","3818","3818"
"schaffhausen","570","333","249","409","5685","3290","3875","3875"
"schaffhausen","575","295","223","374","5792","3397","3928","3928"
"schaffhausen","580","257","197","339","5892","3497","3977","3977"
"schaffhausen","585","219","170","304","5985","3590","4021","4021"
"schaffhausen","590","181","144","269","6071","3676","4060","4060"
"schaffhausen","595","144","118","234","6149","3754","4094","4094"
"schaffhausen","600","106","92","199","6221","3826","4124","4124"
"schaffhausen","605","73","68","166","6282","3887","4147","4147"
"schaffhausen","610","49","48","137","6331","3936","4164","4164"
"schaffhausen","615","33","32","112","6370","3975","4176","4176"
"schaffhausen","620","21","21","91","6400","4005","4184","4184"
"schaffhausen","625","13","13","73","6422","4027","4190","4190"
"schaffhausen","630","8","7","59","6439","4044","4193","4193"
"schaffhausen","635","5","4","47","6452","4057","4196","4196"
"schaffhausen","640","3","2","37","6462","4067","4197","4197"
"schaffhausen","645","2","1","28","6469","4074","4198","4198"
"schaffhausen","650","1","0","22","6475","4080","4199","4199"
"schaffhausen","655","0","0","16","6480","4085","4200","4200"
"schaffhausen","660","0","0","12","6483","4088","4200","4200"
"schaffhausen","665","0","0","9","6485","4090","4200","4200"
"schaffhausen","670","0","0","6","6487","4092","4200","4200"
"schaffhausen","675","0","0","4","6488","4093","4200","4200"
"schaffhausen","680","0","0","3","6489","4094","4200","4200"
"schaffhausen","685","0","0","2","6489","4094","4200","4200"
"schaffhausen","690","0","0","1","6490","4095","4200","4200"
"schaffhausen","695","0","0","1","6490","4095","4200","4200"
"schaffhausen","700","0","0","0","6490","4095","4200","4200"
"schaffhausen","705","0","0","0","6490","4095","4200","4200"
"schaffhausen","710","0","0","0","6490","4095","4200","4200"
"schaffhausen","715","0","0","0","6490","4095","4200","4200"
"schaffhausen","720","0","0","0","6490","4095","4200","4200"
"schaffhausen","725","0","0","0","6490","4095","4200","4200"
"schaffhausen","730","0","0","0","6490","4095","4200","4200"
"schaffhausen","735","0","0","0","6490","4095","4200","4200"
"schaffhausen","740","0","0","0","6490","4095","4200","4200"
"schaffhausen","745","0","0","0","6490","4095","4200","4200"
"schaffhausen","750","0","0","0","6490","4095","4200","4200"
"schaffhausen","755","0","0","0","6490","4095","4200","4200"
"schaffhausen","760","0","0","0","6490","4095","4200","4200"
"schaffhausen","765","0","0","0","6490","4095","4200","4200"
"schaffhausen","770","0","0","0","6490","4095","4200","4200"
"schaffhausen","775","0","0","0","6490","4095","4200","4200"
"schaffhausen","780","0","0","0","6490","4095","4200","4200"
"schaffhausen","785","0","0","0","6490","4095","4200","4200"
"schaffhausen","790","0","0","0","6490","4095","4200","4200"
"schaffhausen","795","0","0","0","6490","4095","4200","4200"
"schaffhausen","800","0","0","0","6490","4095","4200","4200"
"schaffhausen","805","0","0","0","6490","4095","4200","4200"
"schaffhausen","810","0","0","0","6490","4095","4200","4200"
"schaffhausen","815","0","0","0","6490","4095","4200","4200"
"schaffhausen","820","0","0","0","6490","4095","4200","4200"
"schaffhausen","825","0","0","0","6490","4095","4200","4200"
"schaffhausen","830","0","0","0","6490","4095","4200","4200"
"schaffhausen","835","0","0","0","6490","4095","4200","4200"
"schaffhausen","840","0","0","0","6490","4095","4200","4200"
"schaffhausen","845","0","0","0","6490","4095","4200","4200"
"schaffhausen","850","0","0","0","6490","4095","4200","4200"
"schaffhausen","855","0","0","0","6490","4095","4200","4200"
"schaffhausen","860","0","0","0","6490","4095","4200","4200"
"schaffhausen","865","0","0","0","6490","4095","4200","4200"
"schaffhausen","870","0","0","0","6490","4095","4200","4200"
"schaffhausen","875","0","0","0","6490","4095","4200","4200"
"schaffhausen","880","0","0","0","6490","4095","4200","4200"
"schaffhausen","885","0","0","0","6490","4095","4200","4200"
"schaffhausen","890","0","0","0","6490","4095","4200","4200"
"schaffhausen","895","0","0","0","6490","4095","4200","4200"
"schaffhausen","900","0","0","0","6490","4095","4200","4200"
"schaffhausen","905","5","2","2","6484","4089","4196","4196"
"schaffhausen","910","19","8","8","6465","4070","4186","4186"
"schaffhausen","915","40","19","18","6434","4039","4169","4169"
"schaffhausen","920","66","34","32","6392","3997","4145","4145"
"schaffhausen","925","96","52","49","6339","3944","4116","4116"
"schaffhausen","930","129","73","70","6277","3882","4081","4081"
"schaffhausen","935","164","96","93","6204","3809","4041","4041"
"schaffhausen","940","200","120","119","6123","3728","3996","3996"
"schaffhausen","945","237","145","146","6033","3638","3946","3946"
"schaffhausen","950","273","171","174","5935","3540","3892","3892"
"schaffhausen","955","311","197","205","5830","3435","3832","3832"
"schaffhausen","960","348","223","236","5717","3322","3768","3768"
"schaffhausen","965","386","249","268","5597","3202","3699","3699"
"schaffhausen","970","423","276","301","5469","3074","3626","3626"
"schaffhausen","975","461","302","335","5334","2939","3548","3548"
"schaffhausen","980","499","328","369","5192","2797","3465","3465"
"schaffhausen","985","536","354","404","5042","2647","3378","3378"
"schaffhausen","990","574","381","439","4885","2490","3286","3286"
"schaffhausen","995","612","407","474","4721","2326","3189","3189"
"schaffhausen","1000","650","433","510","4549","2154","3087","3087"
"schaffhausen","1005","687","459","545","4370","1975","2981","2981"
"schaffhausen","1010","725","486","581","4184","1789","2871","2871"
"schaffhausen","1015","763","512","617","3990","1595","2755","2755"
"schaffhausen","1020","800","538","653","3790","1395","2635","2635"
"schaffhausen","1025","838","564","689","3582","1187","2510","2510"
"schaffhausen","1030","876","591","724","3366","971","2381","2381"
"schaffhausen","1035","913","617","760","3144","749","2247","2247"
"schaffhausen","1040","951","643","796","2915","520","2108","2108"
"schaffhausen","1045","989","669","832","2678","283","1965","1965"
"schaffhausen","1050","1026","695","868","2434","39","1817","1817"
"schaffhausen","1055","1054","717","900","2195","-200","1671","1671"
"schaffhausen","1060","1063","731","924","1974","-421","1535","1535"
"schaffhausen","1065","1059","736","939","1770","-625","1407","1407"
"schaffhausen","1070","1044","733","947","1581","-814","1287","1287"
"schaffhausen","1075","1022","722","949","1407","-988","1174","1174"
"schaffhausen","1080","994","707","943","1245","-1150","1067","1067"
"schaffhausen","1085","962","688","933","1095","-1300","966","966"
"schaffhausen","1090","928","666","918","956","-1439","871","871"
"schaffhausen","1095","892","641","899","827","-1568","781","781"
"schaffhausen","1100","856","616","877","706","-1689","696","696"
"schaffhausen","1105","819","590","853","594","-1801","615","615"
"schaffhausen","1110","782","564","826","489","-1906","539","539"
"schaffhausen","1115","745","538","798","392","-2003","468","468"
"schaffhausen","1120","707","511","767","302","-2093","401","401"
"schaffhausen","1125","669","485","736","220","-2175","339","339"
"schaffhausen","1130","632","459","703","146","-2249","282","282"
"schaffhausen","1135","594","433","670","79","-2316","230","230"
"schaffhausen","1140","556","407","635","19","-2376","182","182"
"schaffhausen","1145","519","380","600","-33","-2428","138","138"
"schaffhausen","1150","481","354","565","-78","-2473","100","100"
"schaffhausen","1155","443","328","530","-116","-2511","66","66"
"schaffhausen","1160","406","302","494","-146","-2541","37","37"
"schaffhausen","1165","368","275","459","-169","-2564","12","12"
"schaffhausen","1170","330","249","423","-184","-2579","-8","-8"
"schaffhausen","1175","293","223","387","-193","-2588","-23","-23"
"schaffhausen","1180","255","197","351","-194","-2589","-34","-34"
"schaffhausen","1185","217","170","315","-188","-2583","-40","-40"
"schaffhausen","1190","180","144","279","-175","-2570","-41","-41"
"schaffhausen","1195","142","118","243","-154","-2549","-37","-37"
"schaffhausen","1200","104","92","208","-127","-2522","-29","-29"
"schaffhausen","1205","71","68","174","-98","-2493","-20","-20"
"schaffhausen","1210","48","48","144","-75","-2470","-13","-13"
"schaffhausen","1215","31","32","118","-56","-2451","-8","-8"
"schaffhausen","1220","20","21","96","-42","-2437","-5","-5"
"schaffhausen","1225","12","13","78","-31","-2426","-3","-3"
"schaffhausen","1230","7","7","62","-23","-2418","-1","-1"
"schaffhausen","1235","4","4","50","-17","-2412","0","0"
"schaffhausen","1240","3","2","39","-13","-2408","0","0"
"schaffhausen","1245","2","1","31","-10","-2405","0","0"
"schaffhausen","1250","1","0","24","-8","-2403","0","0"
"schaffhausen","1255","0","0","18","-6","-2401","0","0"
"schaffhausen","1260","0","0","13","-5","-2400","0","0"
"schaffhausen","1265","0","0","10","-4","-2399","0","0"
"schaffhausen","1270","0","0","7","-3","-2398","0","0"
"schaffhausen","1275","0","0","5","-2","-2397","0","0"
"schaffhausen","1280","0","0","3","-2","-2397","0","0"
"schaffhausen","1285","0","0","2","-1","-2396","0","0"
"schaffhausen","1290","0","0","1","-1","-2396","0","0"
"schaffhausen","1295","0","0","1","0","-2395","0","0"
"schaffhausen","1300","0","0","0","0","-2395","0","0"
"schaffhausen","1305","0","0","0","0","-2395","0","0"
"schaffhausen","1310","0","0","0","0","-2395","0","0"
"schaffhausen","1315","0","0","0","0","-2395","0","0"
"schaffhausen","1320","0","0","0","0","-2395","0","0"
"schaffhausen","1325","0","0","0","0","-2395","0","0"
"schaffhausen","1330","0","0","0","0","-2395","0","0"
"schaffhausen","1335","0","0","0","0","-2395","0","0"
"schaffhausen","1340","0","0","0","0","-2395","0","0"
"schaffhausen","1345","0","0","0","0","-2395","0","0"
"schaffhausen","1350","0","0","0","0","-2395","0","0"
"schaffhausen","1355","0","0","0","0","-2395","0","0"
"schaffhausen","1360","0","0","0","0","-2395","0","0"
"schaffhausen","1365","0","0","0","0","-2395","0","0"
"schaffhausen","1370","0","0","0","0","-2395","0","0"
"schaffhausen","1375","0","0","0","0","-2395","0","0"
"schaffhausen","1380","0","0","0","0","-2395","0","0"
"schaffhausen","1385","0","0","0","0","-2395","0","0"
"schaffhausen","1390","0","0","0","0","-2395","0","0"
"schaffhausen","1395","0","0","0","0","-2395","0","0"
"schaffhausen","1400","0","0","0","0","-2395","0","0"
"schaffhausen","1405","0","0","0","0","-2395","0","0"
"schaffhausen","1410","0","0","0","0","-2395","0","0"
"schaffhausen","1415","0","0","0","0","-2395","0","0"
"schaffhausen","1420","0","0","0","0","-2395","0","0"
"schaffhausen","1425","0","0","0","0","-2395","0","0"
"schaffhausen","1430","0","0","0","0","-2395","0","0"
"schaffhausen","1435","0","0","0","0","-2395","0","0"
"schaffhausen","1440","0","0","0","0","-2395","0","0"
"la-chaux-de-fonds","0","0","0","0","0","-1989","0","0"
"la-chaux-de-fonds","5","0","0","0","0","-1989","0","0"
"la-chaux-de-fonds","10","0","0","0","0","-1989","0","0"
"la-chaux-de-fonds","15","0","0","0","0","-1989","0","0"
"la-chaux-de-fonds","20","0","0","0","0","-1989","0","0"
"la-chaux-de-fonds","25","0","0","0","0","-1989","0","0"
"la-chaux-de-fonds","30","0","0","0","0","-1989","0","0"
"la-chaux-de-fonds","35","0","0","0","0","-1989","0","0"
"la-chaux-de-fonds","40","0","0","0","0","-1989","0","0"
"la-chaux-de-fonds","45","0","0","0","0","-1989","0","0"
"la-chaux-de-fonds","50","0","0","0","0","-1989","0","0"
"la-chaux-de-fonds","55","0","0","0","0","-1989","0","0"
"la-chaux-de-fonds","60","0","0","0","0","-1989","0","0"
"la-chaux-de-fonds","65","0","0","0","0","-1989","0","0"
"la-chaux-de-fonds","70","0","0","0","0","-1989","0","0"
"la-chaux-de-fonds","75","0","0","0","0","-1989","0","0"
"la-chaux-de-fonds","80","0","0","0","0","-1989","0","0"
"la-chaux-de-fonds","85","0","0","0","0","-1989","0","0"
"la-chaux-de-fonds","90","0","0","0","0","-1989","0","0"
"la-chaux-de-fonds","95","0","0","0","0","-1989","0","0"
"la-chaux-de-fonds","100","0","0","0","0","-1989","0","0"
"la-chaux-de-fonds","105","0","0","0","0","-1989","0","0"
"la-chaux-de-fonds","110","0","0","0","0","-1989","0","0"
"la-chaux-de-fonds","115","0","0","0","0","-1989","0","0"
"la-chaux-de-fonds","120","0","0","0","0","-1989","0","0"
"la-chaux-de-fonds","125","0","0","0","0","-1989","0","0"
"la-chaux-de-fonds","130","0","0","0","0","-1989","0","0"
"la-chaux-de-fonds","135","0","0","0","0","-1989","0","0"
"la-chaux-de-fonds","140","0","0","0","0","-1989","0","0"
"la-chaux-de-fonds","145","0","0","0","0","-1989","0","0"
"la-chaux-de-fonds","150","0","0","0","0","-1989","0","0"
"la-chaux-de-fonds","155","0","0","0","0","-1989","0","0"
"la-chaux-de-fonds","160","0","0","0","0","-1989","0","0"
"la-chaux-de-fonds","165","0","0","0","0","-1989","0","0"
"la-chaux-de-fonds","170","0","0","0","0","-1989","0","0"
"la-chaux-de-fonds","175","0","0","0","0","-1989","0","0"
"la-chaux-de-fonds","180","0","0","0","0","-1989","0","0"
"la-chaux-de-fonds","185","0","0","0","0","-1989","0","0"
"la-chaux-de-fonds","190","0","0","0","0","-1989","0","0"
"la-chaux-de-fonds","195","0","0","0","0","-1989","0","0"
"la-chaux-de-fonds","200","0","0","0","0","-1989","0","0"
"la-chaux-de-fonds","205","0","0","0","0","-1989","0","0"
"la-chaux-de-fonds","210","0","0","0","0","-1989","0","0"
"la-chaux-de-fonds","215","0","0","0","0","-1989","0","0"
"la-chaux-de-fonds","220","0","0","0","0","-1989","0","0"
"la-chaux-de-fonds","225","0","0","0","0","-1989","0","0"
"la-chaux-de-fonds","230","0","0","0","0","-1989","0","0"
"la-chaux-de-fonds","235","0","0","0","0","-1989","0","0"
"la-chaux-de-fonds","240","0","0","0","0","-1989","0","0"
"la-chaux-de-fonds","245","0","0","0","0","-1989","0","0"
"la-chaux-de-fonds","250","0","0","0","0","-1989","0","0"
"la-chaux-de-fonds","255","0","0","0","0","-1989","0","0"
"la-chaux-de-fonds","260","0","0","0","0","-1989","0","0"
"la-chaux-de-fonds","265","0","0","0","0","-1989","0","0"
"la-chaux-de-fonds","270","0","0","0","0","-1989","0","0"
"la-chaux-de-fonds","275","0","0","0","0","-1989","0","0"
"la-chaux-de-fonds","280","0","0","0","0","-1989","0","0"
"la-chaux-de-fonds","285","0","0","0","0","-1989","0","0"
"la-chaux-de-fonds","290","0","0","0","0","-1989","0","0"
"la-chaux-de-fonds","295","0","0","0","0","-1989","0","0"
"la-chaux-de-fonds","300","0","0","0","0","-1989","0","0"
"la-chaux-de-fonds","305","5","2","2","-2","-1991","-1","-1"
"la-chaux-de-fonds","310","20","6","6","-10","-1999","-5","-5"
"la-chaux-de-fonds","315","44","14","14","-22","-2011","-12","-12"
"la-chaux-de-fonds","320","77","25","25","-37","-2026","-20","-20"
"la-chaux-de-fonds","325","117","40","38","-57","-2046","-30","-30"
"la-chaux-de-fonds","330","163","57","55","-78","-2067","-40","-40"
"la-chaux-de-fonds","335","213","76","75","-101","-2090","-50","-50"
"la-chaux-de-fonds","340","266","96","98","-122","-2111","-58","-58"
"la-chaux-de-fonds","345","323","116","122","-142","-2131","-64","-64"
"la-chaux-de-fonds","350","381","137","150","-159","-2148","-68","-68"
"la-chaux-de-fonds","355","439","159","180","-172","-2161","-67","-67"
"la-chaux-de-fonds","360","499","180","212","-181","-2170","-63","-63"
"la-chaux-de-fonds","365","559","202","246","-187","-2176","-55","-55"
"la-chaux-de-fonds","370","619","223","282","-187","-2176","-42","-42"
"la-chaux-de-fonds","375","680","245","319","-183","-2172","-26","-26"
"la-chaux-de-fonds","380","741","267","358","-174","-2163","-6","-6"
"la-chaux-de-fonds","385","802","289","398","-160","-2149","18","18"
"la-chaux-de-fonds","390","864","311","439","-141","-2130","47","47"
"la-chaux-de-fonds","395","925","334","481","-116","-2105","80","80"
"la-chaux-de-fonds","400","986","356","524","-86","-2075","118","118"
"la-chaux-de-fonds","405","1048","378","568","-50","-2039","160","160"
"la-chaux-de-fonds","410","1109","400","612","-7","-1996","206","206"
"la-chaux-de-fonds","415","1170","422","656","41","-1948","257","257"
"la-chaux-de-fonds","420","1231","444","701","95","-1894","312","312"
"la-chaux-de-fonds","425","1293","466","746","156","-1833","371","371"
"la-chaux-de-fonds","430","1354","488","791","223","-1766","435","435"
"la-chaux-de-fonds","435","1415","510","836","296","-1693","503","503"
"la-chaux-de-fonds","440","1477","532","880","376","-1613","576","576"
"la-chaux-de-fonds","445","1538","554","925","462","-1527","653","653"
"la-chaux-de-fonds","450","1599","576","970","554","-1435","734","734"
"la-chaux-de-fonds","455","1651","595","1012","658","-1331","823","823"
"la-chaux-de-fonds","460","1683","608","1047","778","-1211","921","921"
"la-chaux-de-fonds","465","1695","614","1077","913","-1076","1028","1028"
"la-chaux-de-fonds","470","1691","614","1100","1063","-926","1144","1144"
"la-chaux-de-fonds","475","1672","607","1117","1226","-763","1267","1267"
"la-chaux-de-fonds","480","1642","595","1128","1400","-589","1395","1395"
"la-chaux-de-fonds","485","1602","579","1134","1581","-408","1526","1526"
"la-chaux-de-fonds","490","1557","561","1134","1768","-221","1658","1658"
"la-chaux-de-fonds","495","1505","542","1129","1957","-32","1791","1791"
"la-chaux-de-fonds","500","1451","522","1119","2148","159","1923","1923"
"la-chaux-de-fonds","505","1394","502","1104","2337","348","2052","2052"
"la-chaux-de-fonds","510","1337","481","1085","2525","536","2177","2177"
"la-chaux-de-fonds","515","1278","460","1062","2711","722","2299","2299"
"la-chaux-de-fonds","520","1219","438","1035","2894","905","2417","2417"
"la-chaux-de-fonds","525","1158","416","1005","3074","1085","2532","2532"
"la-chaux-de-fonds","530","1097","395","972","3251","1262","2643","2643"
"la-chaux-de-fonds","535","1036","372","937","3423","1434","2749","2749"
"la-chaux-de-fonds","540","975","350","900","3592","1603","2852","2852"
"la-chaux-de-fonds","545","914","328","860","3756","1767","2950","2950"
"la-chaux-de-fonds","550","852","306","819","3916","1927","3044","3044"
"la-chaux-de-fonds","555","791","284","776","4070","2081","3133","3133"
"la-chaux-de-fonds","560","730","262","733","4219","2230","3218","3218"
"la-chaux-de-fonds","565","668","240","689","4362","2373","3298","3298"
"la-chaux-de-fonds","570","607","218","644","4499","2510","3375","3375"
"la-chaux-de-fonds","575","546","196","600","4630","2641","3446","3446"
"la-chaux-de-fonds","580","485","174","555","4755","2766","3514","3514"
"la-chaux-de-fonds","585","423","152","510","4873","2884","3577","3577"
"la-chaux-de-fonds","590","362","130","465","4985","2996","3636","3636"
"la-chaux-de-fonds","595","301","108","420","5090","3101","3690","3690"
"la-chaux-de-fonds","600","239","86","375","5190","3201","3740","3740"
"la-chaux-de-fonds","605","183","65","332","5280","3291","3784","3784"
"la-chaux-de-fonds","610","136","48","292","5359","3370","3821","3821"
"la-chaux-de-fonds","615","99","34","255","5427","3438","3852","3852"
"la-chaux-de-fonds","620","71","23","221","5485","3496","3876","3876"
"la-chaux-de-fonds","625","50","15","190","5533","3544","3894","3894"
"la-chaux-de-fonds","630","34","10","162","5572","3583","3907","3907"
"la-chaux-de-fonds","635","23","7","137","5604","3615","3917","3917"
"la-chaux-de-fonds","640","16","5","114","5631","3642","3924","3924"
"la-chaux-de-fonds","645","11","3","94","5653","3664","3928","3928"
"la-chaux-de-fonds","650","7","2","77","5671","3682","3931","3931"
"la-chaux-de-fonds","655","5","1","62","5686","3697","3933","3933"
"la-chaux-de-fonds","660","3","1","49","5700","3711","3935","3935"
"la-chaux-de-fonds","665","2","1","38","5711","3722","3936","3936"
"la-chaux-de-fonds","670","1","0","29","5720","3731","3937","3937"
"la-chaux-de-fonds","675","0","0","22","5727","3738","3938","3938"
"la-chaux-de-fonds","680","0","0","16","5733","3744","3938","3938"
"la-chaux-de-fonds","685","0","0","11","5738","3749","3938","3938"
"la-chaux-de-fonds","690","0","0","7","5741","3752","3938","3938"
"la-chaux-de-fonds","695","0","0","4","5744","3755","3938","3938"
"la-chaux-de-fonds","700","0","0","3","5745","3756","3938","3938"
"la-chaux-de-fonds","705","0","0","1","5747","3758","3938","3938"
"la-chaux-de-fonds","710","0","0","1","5747","3758","3938","3938"
"la-chaux-de-fonds","715","0","0","0","5748","3759","3938","3938"
"la-chaux-de-fonds","720","0","0","0","5748","3759","3938","3938"
"la-chaux-de-fonds","725","0","0","0","5748","3759","3938","3938"
"la-chaux-de-fonds","730","0","0","0","5748","3759","3938","3938"
"la-chaux-de-fonds","735","0","0","0","5748","3759","3938","3938"
"la-chaux-de-fonds","740","0","0","0","5748","3759","3938","3938"
"la-chaux-de-fonds","745","0","0","0","5748","3759","3938","3938"
"la-chaux-de-fonds","750","0","0","0","5748","3759","3938","3938"
"la-chaux-de-fonds","755","0","0","0","5748","3759","3938","3938"
"la-chaux-de-fonds","760","0","0","0","5748","3759","3938","3938"
"la-chaux-de-fonds","765","0","0","0","5748","3759","3938","3938"
"la-chaux-de-fonds","770","0","0","0","5748","3759","3938","3938"
"la-chaux-de-fonds","775","0","0","0","5748","3759","3938","3938"
"la-chaux-de-fonds","780","0","0","0","5748","3759","3938","3938"
"la-chaux-de-fonds","785","0","0","0","5748","3759","3938","3938"
"la-chaux-de-fonds","790","0","0","0","5748","3759","3938","3938"
"la-chaux-de-fonds","795","0","0","0","5748","3759","3938","3938"
"la-chaux-de-fonds","800","0","0","0","5748","3759","3938","3938"
"la-chaux-de-fonds","805","0","0","0","5748","3759","3938","3938"
"la-chaux-de-fonds","810","0","0","0","5748","3759","3938","3938"
"la-chaux-de-fonds","815","0","0","0","5748","3759","3938","3938"
"la-chaux-de-fonds","820","0","0","0","5748","3759","3938","3938"
"la-chaux-de-fonds","825","0","0","0","5748","3759","3938","3938"
"la-chaux-de-fonds","830","0","0","0","5748","3759","3938","3938"
"la-chaux-de-fonds","835","0","0","0","5748","3759","3938","3938"
"la-chaux-de-fonds","840","0","0","0","5748","3759","3938","3938"
"la-chaux-de-fonds","845","0","0","0","5748","3759","3938","3938"
"la-chaux-de-fonds","850","0","0","0","5748","3759","3938","3938"
"la-chaux-de-fonds","855","0","0","0","5748","3759","3938","3938"
"la-chaux-de-fonds","860","0","0","0","5748","3759","3938","3938"
"la-chaux-de-fonds","865","0","0","0","5748","3759","3938","3938"
"la-chaux-de-fonds","870","0","0","0","5748","3759","3938","3938"
"la-chaux-de-fonds","875","0","0","0","5748","3759","3938","3938"
"la-chaux-de-fonds","880","0","0","0","5748","3759","3938","3938"
"la-chaux-de-fonds","885","0","0","0","5748","3759","3938","3938"
"la-chaux-de-fonds","890","0","0","0","5748","3759","3938","3938"
"la-chaux-de-fonds","895","0","0","0","5748","3759","3938","3938"
"la-chaux-de-fonds","900","0","0","0","5748","3759","3938","3938"
"la-chaux-de-fonds","905","5","2","2","5742","3753","3934","3934"
"la-chaux-de-fonds","910","20","6","6","5726","3737","3924","3924"
"la-chaux-de-fonds","915","44","14","14","5698","3709","3906","3906"
"la-chaux-de-fonds","920","77","25","25","5659","3670","3882","3882"
"la-chaux-de-fonds","925","117","40","38","5610","3621","3852","3852"
"la-chaux-de-fonds","930","164","57","55","5552","3563","3816","3816"
"la-chaux-de-fonds","935","214","76","75","5486","3497","3776","3776"
"la-chaux-de-fonds","940","269","96","98","5411","3422","3731","3731"
"la-chaux-de-fonds","945","326","116","122","5330","3341","3681","3681"
"la-chaux-de-fonds","950","386","137","150","5240","3251","3627","3627"
"la-chaux-de-fonds","955","447","159","180","5144","3155","3568","3568"
"la-chaux-de-fonds","960","508","180","211","5041","3052","3505","3505"
"la-chaux-de-fonds","965","570","202","245","4930","2941","3437","3437"
"la-chaux-de-fonds","970","632","223","280","4813","2824","3365","3365"
"la-chaux-de-fonds","975","694","245","317","4688","2699","3289","3289"
"la-chaux-de-fonds","980","757","267","355","4557","2568","3208","3208"
"la-chaux-de-fonds","985","821","289","394","4419","2430","3123","3123"
"la-chaux-de-fonds","990","884","311","434","4275","2286","3033","3033"
"la-chaux-de-fonds","995","947","334","475","4124","2135","2939","2939"
"la-chaux-de-fonds","1000","1010","356","517","3966","1977","2841","2841"
"la-chaux-de-fonds","1005","1074","378","559","3801","1812","2738","2738"
"la-chaux-de-fonds","1010","1137","400","601","3630","1641","2631","2631"
"la-chaux-de-fonds","1015","1200","422","644","3453","1464","2519","2519"
"la-chaux-de-fonds","1020","1263","444","687","3269","1280","2404","2404"
"la-chaux-de-fonds","1025","1327","466","730","3079","1090","2283","2283"
"la-chaux-de-fonds","1030","1390","488","773","2882","893","2159","2159"
"la-chaux-de-fonds","1035","1453","510","816","2679","690","2030","2030"
"la-chaux-de-fonds","1040","1516","532","859","2469","480","1896","1896"
"la-chaux-de-fonds","1045","1579","554","902","2254","265","1759","1759"
"la-chaux-de-fonds","1050","1643","576","945","2031","42","1617","1617"
"la-chaux-de-fonds","1055","1696","595","985","1814","-175","1477","1477"
"la-chaux-de-fonds","1060","1730","608","1018","1612","-377","1348","1348"
"la-chaux-de-fonds","1065","1745","614","1046","1427","-562","1227","1227"
"la-chaux-de-fonds","1070","1742","614","1067","1256","-733","1116","1116"
"la-chaux-de-fonds","1075","1724","607","1082","1100","-889","1012","1012"
"la-chaux-de-fonds","1080","1695","595","1092","955","-1034","915","915"
"la-chaux-de-fonds","1085","1656","579","1095","822","-1167","823","823"
"la-chaux-de-fonds","1090","1611","561","1093","697","-1292","736","736"
"la-chaux-de-fonds","1095","1559","542","1086","581","-1408","654","654"
"la-chaux-de-fonds","1100","1503","522","1074","473","-1516","576","576"
"la-chaux-de-fonds","1105","1445","502","1058","373","-1616","504","504"
"la-chaux-de-fonds","1110","1386","481","1038","281","-1708","436","436"
"la-chaux-de-fonds","1115","1326","460","1013","197","-1792","372","372"
"la-chaux-de-fonds","1120","1264","438","986","120","-1869","313","313"
"la-chaux-de-fonds","1125","1203","416","956","51","-1938","258","258"
"la-chaux-de-fonds","1130","1140","395","923","-12","-2001","208","208"
"la-chaux-de-fonds","1135","1077","372","887","-67","-2056","162","162"
"la-chaux-de-fonds","1140","1013","350","850","-115","-2104","120","120"
"la-chaux-de-fonds","1145","950","328","811","-156","-2145","83","83"
"la-chaux-de-fonds","1150","887","306","770","-190","-2179","50","50"
"la-chaux-de-fonds","1155","824","284","729","-217","-2206","21","21"
"la-chaux-de-fonds","1160","760","262","687","-238","-2227","-3","-3"
"la-chaux-de-fonds","1165","697","240","644","-252","-2241","-23","-23"
"la-chaux-de-fonds","1170","634","218","602","-260","-2249","-38","-38"
"la-chaux-de-fonds","1175","571","196","559","-261","-2250","-49","-49"
"la-chaux-de-fonds","1180","507","174","516","-256","-2245","-56","-56"
"la-chaux-de-fonds","1185","444","152","473","-245","-2234","-58","-58"
"la-chaux-de-fonds","1190","381","130","430","-227","-2216","-56","-56"
"la-chaux-de-fonds","1195","318","108","387","-203","-2192","-50","-50"
"la-chaux-de-fonds","1200","254","86","344","-172","-2161","-39","-39"
"la-chaux-de-fonds","1205","196","65","302","-141","-2130","-27","-27"
"la-chaux-de-fonds","1210","148","48","264","-114","-2103","-18","-18"
"la-chaux-de-fonds","1215","109","34","229","-92","-2081","-12","-12"
"la-chaux-de-fonds","1220","78","23","197","-74","-2063","-7","-7"
"la-chaux-de-fonds","1225","56","15","168","-61","-2050","-5","-5"
"la-chaux-de-fonds","1230","39","10","142","-50","-2039","-3","-3"
"la-chaux-de-fonds","1235","26","7","118","-41","-2030","-2","-2"
"la-chaux-de-fonds","1240","18","5","98","-34","-2023","-1","-1"
"la-chaux-de-fonds","1245","12","3","80","-27","-2016","-1","-1"
"la-chaux-de-fonds","1250","8","2","64","-22","-2011","0","0"
"la-chaux-de-fonds","1255","6","1","51","-17","-2006","0","0"
"la-chaux-de-fonds","1260","4","1","40","-14","-2003","0","0"
"la-chaux-de-fonds","1265","2","1","30","-11","-2000","0","0"
"la-chaux-de-fonds","1270","1","0","23","-8","-1997","0","0"
"la-chaux-de-fonds","1275","0","0","16","-6","-1995","0","0"
"la-chaux-de-fonds","1280","0","0","11","-4","-1993","0","0"
"la-chaux-de-fonds","1285","0","0","8","-3","-1992","0","0"
"la-chaux-de-fonds","1290","0","0","5","-2","-1991","0","0"
"la-chaux-de-fonds","1295","0","0","3","-1","-1990","0","0"
"la-chaux-de-fonds","1300","0","0","2","-1","-1990","0","0"
"la-chaux-de-fonds","1305","0","0","1","0","-1989","0","0"
"la-chaux-de-fonds","1310","0","0","0","0","-1989","0","0"
"la-chaux-de-fonds","1315","0","0","0","0","-1989","0","0"
"la-chaux-de-fonds","1320","0","0","0","0","-1989","0","0"
"la-chaux-de-fonds","1325","0","0","0","0","-1989","0","0"
"la-chaux-de-fonds","1330","0","0","0","0","-1989","0","0"
"la-chaux-de-fonds","1335","0","0","0","0","-1989","0","0"
"la-chaux-de-fonds","1340","0","0","0","0","-1989","0","0"
"la-chaux-de-fonds","1345","0","0","0","0","-1989","0","0"
"la-chaux-de-fonds","1350","0","0","0","0","-1989","0","0"
"la-chaux-de-fonds","1355","0","0","0","0","-1989","0","0"
"la-chaux-de-fonds","1360","0","0","0","0","-1989","0","0"
"la-chaux-de-fonds","1365","0","0","0","0","-1989","0","0"
"la-chaux-de-fonds","1370","0","0","0","0","-1989","0","0"
"la-chaux-de-fonds","1375","0","0","0","0","-1989","0","0"
"la-chaux-de-fonds","1380","0","0","0","0","-1989","0","0"
"la-chaux-de-fonds","1385","0","0","0","0","-1989","0","0"
"la-chaux-de-fonds","1390","0","0","0","0","-1989","0","0"
"la-chaux-de-fonds","1395","0","0","0","0","-1989","0","0"
"la-chaux-de-fonds","1400","0","0","0","0","-1989","0","0"
"la-chaux-de-fonds","1405","0","0","0","0","-1989","0","0"
"la-chaux-de-fonds","1410","0","0","0","0","-1989","0","0"
"la-chaux-de-fonds","1415","0","0","0","0","-1989","0","0"
"la-chaux-de-fonds","1420","0","0","0","0","-1989","0","0"
"la-chaux-de-fonds","1425","0","0","0","0","-1989","0","0"
"la-chaux-de-fonds","1430","0","0","0","0","-1989","0","0"
"la-chaux-de-fonds","1435","0","0","0","0","-1989","0","0"
"la-chaux-de-fonds","1440","0","0","0","0","-1989","0","0"
"chiasso","0","0","0","0","0","-1879","0","0"
"chiasso","5","0","0","0","0","-1879","0","0"
"chiasso","10","0","0","0","0","-1879","0","0"
"chiasso","15","0","0","0","0","-1879","0","0"
"chiasso","20","0","0","0","0","-1879","0","0"
"chiasso","25","0","0","0","0","-1879","0","0"
"chiasso","30","0","0","0","0","-1879","0","0"
"chiasso","35","0","0","0","0","-1879","0","0"
"chiasso","40","0","0","0","0","-1879","0","0"
"chiasso","45","0","0","0","0","-1879","0","0"
"chiasso","50","0","0","0","0","-1879","0","0"
"chiasso","55","0","0","0","0","-1879","0","0"
"chiasso","60","0","0","0","0","-1879","0","0"
"chiasso","65","0","0","0","0","-1879","0","0"
"chiasso","70","0","0","0","0","-1879","0","0"
"chiasso","75","0","0","0","0","-1879","0","0"
"chiasso","80","0","0","0","0","-1879","0","0"
"chiasso","85","0","0","0","0","-1879","0","0"
"chiasso","90","0","0","0","0","-1879","0","0"
"chiasso","95","0","0","0","0","-1879","0","0"
"chiasso","100","0","0","0","0","-1879","0","0"
"chiasso","105","0","0","0","0","-1879","0","0"
"chiasso","110","0","0","0","0","-1879","0","0"
"chiasso","115","0","0","0","0","-1879","0","0"
"chiasso","120","0","0","0","0","-1879","0","0"
"chiasso","125","0","0","0","0","-1879","0","0"
"chiasso","130","0","0","0","0","-1879","0","0"
"chiasso","135","0","0","0","0","-1879","0","0"
"chiasso","140","0","0","0","0","-1879","0","0"
"chiasso","145","0","0","0","0","-1879","0","0"
"chiasso","150","0","0","0","0","-1879","0","0"
"chiasso","155","0","0","0","0","-1879","0","0"
"chiasso","160","0","0","0","0","-1879","0","0"
"chiasso","165","0","0","0","0","-1879","0","0"
"chiasso","170","0","0","0","0","-1879","0","0"
"chiasso","175","0","0","0","0","-1879","0","0"
"chiasso","180","0","0","0","0","-1879","0","0"
"chiasso","185","0","0","0","0","-1879","0","0"
"chiasso","190","0","0","0","0","-1879","0","0"
"chiasso","195","0","0","0","0","-1879","0","0"
"chiasso","200","0","0","0","0","-1879","0","0"
"chiasso","205","0","0","0","0","-1879","0","0"
"chiasso","210","0","0","0","0","-1879","0","0"
"chiasso","215","0","0","0","0","-1879","0","0"
"chiasso","220","0","0","0","0","-1879","0","0"
"chiasso","225","0","0","0","0","-1879","0","0"
"chiasso","230","0","0","0","0","-1879","0","0"
"chiasso","235","0","0","0","0","-1879","0","0"
"chiasso","240","0","0","0","0","-1879","0","0"
"chiasso","245","0","0","0","0","-1879","0","0"
"chiasso","250","0","0","0","0","-1879","0","0"
"chiasso","255","0","0","0","0","-1879","0","0"
"chiasso","260","0","0","0","0","-1879","0","0"
"chiasso","265","0","0","0","0","-1879","0","0"
"chiasso","270","0","0","0","0","-1879","0","0"
"chiasso","275","0","0","0","0","-1879","0","0"
"chiasso","280","0","0","0","0","-1879","0","0"
"chiasso","285","0","0","0","0","-1879","0","0"
"chiasso","290","0","0","0","0","-1879","0","0"
"chiasso","295","0","0","0","0","-1879","0","0"
"chiasso","300","0","0","0","0","-1879","0","0"
"chiasso","305","2","0","1","0","-1879","0","0"
"chiasso","310","9","1","4","-2","-1881","-1","-1"
"chiasso","315","19","2","10","-3","-1882","-1","-1"
"chiasso","320","33","3","18","-4","-1883","0","0"
"chiasso","325","49","5","27","-4","-1883","1","1"
"chiasso","330","69","7","39","-3","-1882","3","3"
"chiasso","335","91","9","52","-1","-1880","7","7"
"chiasso","340","115","11","66","4","-1875","12","12"
"chiasso","345","140","13","82","11","-1868","19","19"
"chiasso","350","168","15","99","22","-1857","29","29"
"chiasso","355","196","18","117","35","-1844","41","41"
"chiasso","360","226","20","135","52","-1827","55","55"
"chiasso","365","257","22","155","72","-1807","72","72"
"chiasso","370","288","24","175","96","-1783","92","92"
"chiasso","375","320","27","196","125","-1754","115","115"
"chiasso","380","353","29","219","158","-1721","142","142"
"chiasso","385","385","31","241","196","-1683","172","172"
"chiasso","390","418","33","265","238","-1641","206","206"
"chiasso","395","451","35","289","285","-1594","243","243"
"chiasso","400","484","38","313","338","-1541","284","284"
"chiasso","405","516","40","338","395","-1484","329","329"
"chiasso","410","549","42","364","458","-1421","377","377"
"chiasso","415","582","44","390","526","-1353","429","429"
"chiasso","420","615","47","416","598","-1281","485","485"
"chiasso","425","648","49","442","676","-1203","545","545"
"chiasso","430","680","51","469","760","-1119","608","608"
"chiasso","435","713","53","495","849","-1030","675","675"
"chiasso","440","746","56","522","943","-936","746","746"
"chiasso","445","779","58","549","1043","-836","820","820"
"chiasso","450","812","60","576","1149","-730","898","898"
"chiasso","455","840","62","600","1261","-618","980","980"
"chiasso","460","859","63","620","1380","-499","1067","1067"
"chiasso","465","871","63","636","1504","-375","1156","1156"
"chiasso","470","877","63","647","1633","-246","1248","1248"
"chiasso","475","877","61","654","1766","-113","1342","1342"
"chiasso","480","871","60","658","1903","24","1438","1438"
"chiasso","485","860","58","659","2043","164","1535","1535"
"chiasso","490","844","56","657","2183","304","1632","1632"
"chiasso","495","826","54","653","2324","445","1728","1728"
"chiasso","500","805","52","646","2464","585","1824","1824"
"chiasso","505","781","50","637","2604","725","1919","1919"
"chiasso","510","754","48","626","2742","863","2013","2013"
"chiasso","515","725","45","613","2878","999","2105","2105"
"chiasso","520","694","43","599","3013","1134","2195","2195"
"chiasso","525","663","41","584","3144","1265","2282","2282"
"chiasso","530","631","39","566","3271","1392","2366","2366"
"chiasso","535","599","36","547","3395","1516","2447","2447"
"chiasso","540","566","34","527","3515","1636","2524","2524"
"chiasso","545","534","32","506","3631","1752","2598","2598"
"chiasso","550","501","30","483","3742","1863","2668","2668"
"chiasso","555","468","27","460","3848","1969","2734","2734"
"chiasso","560","435","25","436","3950","2071","2797","2797"
"chiasso","565","402","23","411","4047","2168","2856","2856"
"chiasso","570","370","21","385","4140","2261","2911","2911"
"chiasso","575","337","18","359","4227","2348","2963","2963"
"chiasso","580","304","16","333","4309","2430","3010","3010"
"chiasso","585","271","14","306","4385","2506","3055","3055"
"chiasso","590","238","12","280","4457","2578","3095","3095"
"chiasso","595","205","9","253","4522","2643","3132","3132"
"chiasso","600","173","7","226","4583","2704","3165","3165"
"chiasso","605","142","5","201","4637","2758","3194","3194"
"chiasso","610","116","4","177","4685","2806","3219","3219"
"chiasso","615","94","2","156","4727","2848","3241","3241"
"chiasso","620","74","1","137","4765","2886","3259","3259"
"chiasso","625","58","1","120","4797","2918","3275","3275"
"chiasso","630","45","1","105","4825","2946","3288","3288"
"chiasso","635","34","0","91","4849","2970","3299","3299"
"chiasso","640","25","0","79","4870","2991","3308","3308"
"chiasso","645","18","0","68","4887","3008","3315","3315"
"chiasso","650","12","0","58","4903","3024","3320","3320"
"chiasso","655","8","0","49","4915","3036","3325","3325"
"chiasso","660","5","0","41","4926","3047","3328","3328"
"chiasso","665","3","0","34","4935","3056","3329","3329"
"chiasso","670","2","0","27","4942","3063","3330","3330"
"chiasso","675","1","0","22","4948","3069","3331","3331"
"chiasso","680","0","0","17","4953","3074","3332","3332"
"chiasso","685","0","0","13","4957","3078","3332","3332"
"chiasso","690","0","0","10","4960","3081","3332","3332"
"chiasso","695","0","0","7","4963","3084","3332","3332"
"chiasso","700","0","0","5","4965","3086","3332","3332"
"chiasso","705","0","0","3","4967","3088","3332","3332"
"chiasso","710","0","0","2","4968","3089","3332","3332"
"chiasso","715","0","0","1","4969","3090","3332","3332"
"chiasso","720","0","0","1","4969","3090","3332","3332"
"chiasso","725","0","0","0","4970","3091","3332","3332"
"chiasso","730","0","0","0","4970","3091","3332","3332"
"chiasso","735","0","0","0","4970","3091","3332","3332"
"chiasso","740","0","0","0","4970","3091","3332","3332"
"chiasso","745","0","0","0","4970","3091","3332","3332"
"chiasso","750","0","0","0","4970","3091","3332","3332"
"chiasso","755","0","0","0","4970","3091","3332","3332"
"chiasso","760","0","0","0","4970","3091","3332","3332"
"chiasso","765","0","0","0","4970","3091","3332","3332"
"chiasso","770","0","0","0","4970","3091","3332","3332"
"chiasso","775","0","0","0","4970","3091","3332","3332"
"chiasso","780","0","0","0","4970","3091","3332","3332"
"chiasso","785","0","0","0","4970","3091","3332","3332"
"chiasso","790","0","0","0","4970","3091","3332","3332"
"chiasso","795","0","0","0","4970","3091","3332","3332"
"chiasso","800","0","0","0","4970","3091","3332","3332"
"chiasso","805","0","0","0","4970","3091","3332","3332"
"chiasso","810","0","0","0","4970","3091","3332","3332"
"chiasso","815","0","0","0","4970","3091","3332","3332"
"chiasso","820","0","0","0","4970","3091","3332","3332"
"chiasso","825","0","0","0","4970","3091","3332","3332"
"chiasso","830","0","0","0","4970","3091","3332","3332"
"chiasso","835","0","0","0","4970","3091","3332","3332"
"chiasso","840","0","0","0","4970","3091","3332","3332"
"chiasso","845","0","0","0","4970","3091","3332","3332"
"chiasso","850","0","0","0","4970","3091","3332","3332"
"chiasso","855","0","0","0","4970","3091","3332","3332"
"chiasso","860","0","0","0","4970","3091","3332","3332"
"chiasso","865","0","0","0","4970","3091","3332","3332"
"chiasso","870","0","0","0","4970","3091","3332","3332"
"chiasso","875","0","0","0","4970","3091","3332","3332"
"chiasso","880","0","0","0","4970","3091","3332","3332"
"chiasso","885","0","0","0","4970","3091","3332","3332"
"chiasso","890","0","0","0","4970","3091","3332","3332"
"chiasso","895","0","0","0","4970","3091","3332","3332"
"chiasso","900","0","0","0","4970","3091","3332","3332"
"chiasso","905","2","0","1","4967","3088","3330","3330"
"chiasso","910","9","1","4","4957","3078","3324","3324"
"chiasso","915","20","2","10","4942","3063","3314","3314"
"chiasso","920","33","3","18","4920","3041","3300","3300"
"chiasso","925","50","5","28","4892","3013","3282","3282"
"chiasso","930","69","7","39","4859","2980","3260","3260"
"chiasso","935","91","9","53","4819","2940","3235","3235"
"chiasso","940","116","11","67","4775","2896","3206","3206"
"chiasso","945","141","13","83","4724","2845","3173","3173"
"chiasso","950","168","15","101","4668","2789","3136","3136"
"chiasso","955","197","18","119","4606","2727","3096","3096"
"chiasso","960","226","20","138","4539","2660","3052","3052"
"chiasso","965","256","22","159","4466","2587","3004","3004"
"chiasso","970","286","24","180","4388","2509","2953","2953"
"chiasso","975","316","27","202","4304","2425","2897","2897"
"chiasso","980","346","29","225","4215","2336","2838","2838"
"chiasso","985","377","31","249","4119","2240","2776","2776"
"chiasso","990","407","33","274","4019","2140","2710","2710"
"chiasso","995","438","35","299","3913","2034","2640","2640"
"chiasso","1000","469","38","325","3801","1922","2566","2566"
"chiasso","1005","499","40","352","3684","1805","2488","2488"
"chiasso","1010","530","42","379","3561","1682","2407","2407"
"chiasso","1015","561","44","406","3433","1554","2323","2323"
"chiasso","1020","591","47","434","3299","1420","2234","2234"
"chiasso","1025","622","49","462","3159","1280","2142","2142"
"chiasso","1030","653","51","490","3015","1136","2046","2046"
"chiasso","1035","683","53","519","2864","985","1946","1946"
"chiasso","1040","714","56","547","2708","829","1843","1843"
"chiasso","1045","745","58","576","2547","668","1736","1736"
"chiasso","1050","776","60","605","2380","501","1625","1625"
"chiasso","1055","802","62","632","2214","335","1515","1515"
"chiasso","1060","819","63","655","2055","176","1409","1409"
"chiasso","1065","829","63","673","1903","24","1308","1308"
"chiasso","1070","832","63","686","1757","-122","1210","1210"
"chiasso","1075","830","61","696","1618","-261","1116","1116"
"chiasso","1080","821","60","702","1485","-394","1027","1027"
"chiasso","1085","807","58","704","1357","-522","941","941"
"chiasso","1090","790","56","704","1236","-643","859","859"
"chiasso","1095","769","54","701","1120","-759","780","780"
"chiasso","1100","745","52","696","1010","-869","706","706"
"chiasso","1105","719","50","688","906","-973","635","635"
"chiasso","1110","691","48","678","807","-1072","568","568"
"chiasso","1115","663","45","667","714","-1165","505","505"
"chiasso","1120","633","43","653","626","-1253","445","445"
"chiasso","1125","604","41","638","544","-1335","389","389"
"chiasso","1130","574","39","621","468","-1411","337","337"
"chiasso","1135","543","36","602","397","-1482","288","288"
"chiasso","1140","513","34","582","332","-1547","244","244"
"chiasso","1145","482","32","560","272","-1607","202","202"
"chiasso","1150","452","30","538","218","-1661","165","165"
"chiasso","1155","421","27","514","170","-1709","131","131"
"chiasso","1160","390","25","489","127","-1752","101","101"
"chiasso","1165","360","23","464","90","-1789","75","75"
"chiasso","1170","329","21","437","58","-1821","53","53"
"chiasso","1175","298","18","410","32","-1847","34","34"
"chiasso","1180","268","16","383","11","-1868","19","19"
"chiasso","1185","237","14","355","-4","-1883","7","7"
"chiasso","1190","206","12","327","-14","-1893","0","0"
"chiasso","1195","176","9","298","-18","-1897","-4","-4"
"chiasso","1200","145","7","269","-17","-1896","-5","-5"
"chiasso","1205","117","5","241","-13","-1892","-3","-3"
"chiasso","1210","93","4","215","-10","-1889","-3","-3"
"chiasso","1215","72","2","191","-8","-1887","-2","-2"
"chiasso","1220","55","1","170","-7","-1886","-2","-2"
"chiasso","1225","41","1","151","-5","-1884","-1","-1"
"chiasso","1230","30","1","133","-5","-1884","-1","-1"
"chiasso","1235","22","0","117","-4","-1883","-1","-1"
"chiasso","1240","15","0","103","-3","-1882","-1","-1"
"chiasso","1245","10","0","90","-3","-1882","0","0"
"chiasso","1250","7","0","78","-2","-1881","0","0"
"chiasso","1255","4","0","67","-2","-1881","0","0"
"chiasso","1260","3","0","58","-1","-1880","0","0"
"chiasso","1265","2","0","49","-1","-1880","0","0"
"chiasso","1270","1","0","41","-1","-1880","0","0"
"chiasso","1275","1","0","34","-1","-1880","0","0"
"chiasso","1280","0","0","28","0","-1879","0","0"
"chiasso","1285","0","0","23","0","-1879","0","0"
"chiasso","1290","0","0","18","0","-1879","0","0"
"chiasso","1295","0","0","15","0","-1879","0","0"
"chiasso","1300","0","0","11","0","-1879","0","0"
"chiasso","1305","0","0","9","0","-1879","0","0"
"chiasso","1310","0","0","6","0","-1879","0","0"
"chiasso","1315","0","0","5","0","-1879","0","0"
"chiasso","1320","0","0","3","0","-1879","0","0"
"chiasso","1325","0","0","2","0","-1879","0","0"
"chiasso","1330","0","0","1","0","-1879","0","0"
"chiasso","1335","0","0","1","0","-1879","0","0"
"chiasso","1340","0","0","0","0","-1879","0","0"
"chiasso","1345","0","0","0","0","-1879","0","0"
"chiasso","1350","0","0","0","0","-1879","0","0"
"chiasso","1355","0","0","0","0","-1879","0","0"
"chiasso","1360","0","0","0","0","-1879","0","0"
"chiasso","1365","0","0","0","0","-1879","0","0"
"chiasso","1370","0","0","0","0","-1879","0","0"
"chiasso","1375","0","0","0","0","-1879","0","0"
"chiasso","1380","0","0","0","0","-1879","0","0"
"chiasso","1385","0","0","0","0","-1879","0","0"
"chiasso","1390","0","0","0","0","-1879","0","0"
"chiasso","1395","0","0","0","0","-1879","0","0"
"chiasso","1400","0","0","0","0","-1879","0","0"
"chiasso","1405","0","0","0","0","-1879","0","0"
"chiasso","1410","0","0","0","0","-1879","0","0"
"chiasso","1415","0","0","0","0","-1879","0","0"
"chiasso","1420","0","0","0","0","-1879","0","0"
"chiasso","1425","0","0","0","0","-1879","0","0"
"chiasso","1430","0","0","0","0","-1879","0","0"
"chiasso","1435","0","0","0","0","-1879","0","0"
"chiasso","1440","0","0","0","0","-1879","0","0"
"mendrisio","0","0","0","0","0","-3290","0","0"
"mendrisio","5","0","0","0","0","-3290","0","0"
"mendrisio","10","0","0","0","0","-3290","0","0"
"mendrisio","15","0","0","0","0","-3290","0","0"
"mendrisio","20","0","0","0","0","-3290","0","0"
"mendrisio","25","0","0","0","0","-3290","0","0"
"mendrisio","30","0","0","0","0","-3290","0","0"
"mendrisio","35","0","0","0","0","-3290","0","0"
"mendrisio","40","0","0","0","0","-3290","0","0"
"mendrisio","45","0","0","0","0","-3290","0","0"
"mendrisio","50","0","0","0","0","-3290","0","0"
"mendrisio","55","0","0","0","0","-3290","0","0"
"mendrisio","60","0","0","0","0","-3290","0","0"
"mendrisio","65","0","0","0","0","-3290","0","0"
"mendrisio","70","0","0","0","0","-3290","0","0"
"mendrisio","75","0","0","0","0","-3290","0","0"
"mendrisio","80","0","0","0","0","-3290","0","0"
"mendrisio","85","0","0","0","0","-3290","0","0"
"mendrisio","90","0","0","0","0","-3290","0","0"
"mendrisio","95","0","0","0","0","-3290","0","0"
"mendrisio","100","0","0","0","0","-3290","0","0"
"mendrisio","105","0","0","0","0","-3290","0","0"
"mendrisio","110","0","0","0","0","-3290","0","0"
"mendrisio","115","0","0","0","0","-3290","0","0"
"mendrisio","120","0","0","0","0","-3290","0","0"
"mendrisio","125","0","0","0","0","-3290","0","0"
"mendrisio","130","0","0","0","0","-3290","0","0"
"mendrisio","135","0","0","0","0","-3290","0","0"
"mendrisio","140","0","0","0","0","-3290","0","0"
"mendrisio","145","0","0","0","0","-3290","0","0"
"mendrisio","150","0","0","0","0","-3290","0","0"
"mendrisio","155","0","0","0","0","-3290","0","0"
"mendrisio","160","0","0","0","0","-3290","0","0"
"mendrisio","165","0","0","0","0","-3290","0","0"
"mendrisio","170","0","0","0","0","-3290","0","0"
"mendrisio","175","0","0","0","0","-3290","0","0"
"mendrisio","180","0","0","0","0","-3290","0","0"
"mendrisio","185","0","0","0","0","-3290","0","0"
"mendrisio","190","0","0","0","0","-3290","0","0"
"mendrisio","195","0","0","0","0","-3290","0","0"
"mendrisio","200","0","0","0","0","-3290","0","0"
"mendrisio","205","0","0","0","0","-3290","0","0"
"mendrisio","210","0","0","0","0","-3290","0","0"
"mendrisio","215","0","0","0","0","-3290","0","0"
"mendrisio","220","0","0","0","0","-3290","0","0"
"mendrisio","225","0","0","0","0","-3290","0","0"
"mendrisio","230","0","0","0","0","-3290","0","0"
"mendrisio","235","0","0","0","0","-3290","0","0"
"mendrisio","240","0","0","0","0","-3290","0","0"
"mendrisio","245","0","0","0","0","-3290","0","0"
"mendrisio","250","0","0","0","0","-3290","0","0"
"mendrisio","255","0","0","0","0","-3290","0","0"
"mendrisio","260","0","0","0","0","-3290","0","0"
"mendrisio","265","0","0","0","0","-3290","0","0"
"mendrisio","270","0","0","0","0","-3290","0","0"
"mendrisio","275","0","0","0","0","-3290","0","0"
"mendrisio","280","0","0","0","0","-3290","0","0"
"mendrisio","285","0","0","0","0","-3290","0","0"
"mendrisio","290","0","0","0","0","-3290","0","0"
"mendrisio","295","0","0","0","0","-3290","0","0"
"mendrisio","300","0","0","0","0","-3290","0","0"
"mendrisio","305","5","0","2","-1","-3291","-1","-1"
"mendrisio","310","20","1","6","-4","-3294","-3","-3"
"mendrisio","315","44","3","14","-8","-3298","-5","-5"
"mendrisio","320","75","5","24","-13","-3303","-8","-8"
"mendrisio","325","115","7","38","-19","-3309","-11","-11"
"mendrisio","330","162","10","53","-23","-3313","-13","-13"
"mendrisio","335","215","13","71","-27","-3317","-14","-14"
"mendrisio","340","273","15","90","-27","-3317","-13","-13"
"mendrisio","345","336","18","111","-24","-3314","-9","-9"
"mendrisio","350","403","21","134","-17","-3307","-2","-2"
"mendrisio","355","471","24","158","-3","-3293","12","12"
"mendrisio","360","540","28","184","18","-3272","31","31"
"mendrisio","365","609","31","212","46","-3244","58","58"
"mendrisio","370","680","34","241","82","-3208","91","91"
"mendrisio","375","751","37","272","126","-3164","131","131"
"mendrisio","380","822","40","303","179","-3111","178","178"
"mendrisio","385","894","43","336","240","-3050","233","233"
"mendrisio","390","966","46","368","310","-2980","294","294"
"mendrisio","395","1038","49","402","389","-2901","363","363"
"mendrisio","400","1109","52","435","478","-2812","439","439"
"mendrisio","405","1181","55","469","576","-2714","522","522"
"mendrisio","410","1253","59","503","683","-2607","613","613"
"mendrisio","415","1325","62","538","800","-2490","711","711"
"mendrisio","420","1397","65","572","926","-2364","817","817"
"mendrisio","425","1469","68","607","1063","-2227","930","930"
"mendrisio","430","1541","71","641","1208","-2082","1050","1050"
"mendrisio","435","1613","74","676","1364","-1926","1178","1178"
"mendrisio","440","1685","77","710","1529","-1761","1313","1313"
"mendrisio","445","1756","80","745","1704","-1586","1456","1456"
"mendrisio","450","1828","83","779","1888","-1402","1605","1605"
"mendrisio","455","1890","86","811","2085","-1205","1764","1764"
"mendrisio","460","1932","87","836","2294","-996","1933","1933"
"mendrisio","465","1956","87","855","2516","-774","2110","2110"
"mendrisio","470","1965","86","868","2749","-541","2294","2294"
"mendrisio","475","1958","85","877","2993","-297","2487","2487"
"mendrisio","480","1936","82","880","3246","-44","2686","2686"
"mendrisio","485","1902","80","880","3504","214","2890","2890"
"mendrisio","490","1858","77","876","3767","477","3096","3096"
"mendrisio","495","1804","75","868","4034","744","3305","3305"
"mendrisio","500","1742","72","857","4301","1011","3514","3514"
"mendrisio","505","1678","69","842","4564","1274","3718","3718"
"mendrisio","510","1612","66","825","4823","1533","3917","3917"
"mendrisio","515","1544","62","804","5076","1786","4110","4110"
"mendrisio","520","1475","59","780","5324","2034","4297","4297"
"mendrisio","525","1405","56","753","5566","2276","4477","4477"
"mendrisio","530","1334","53","725","5801","2511","4651","4651"
"mendrisio","535","1263","50","695","6028","2738","4818","4818"
"mendrisio","540","1191","47","664","6247","2957","4978","4978"
"mendrisio","545","1119","44","632","6457","3167","5131","5131"
"mendrisio","550","1047","41","600","6658","3368","5276","5276"
"mendrisio","555","975","38","567","6850","3560","5414","5414"
"mendrisio","560","903","35","533","7033","3743","5545","5545"
"mendrisio","565","831","31","499","7206","3916","5668","5668"
"mendrisio","570","759","28","464","7370","4080","5784","5784"
"mendrisio","575","688","25","430","7525","4235","5893","5893"
"mendrisio","580","616","22","395","7669","4379","5994","5994"
"mendrisio","585","544","19","361","7805","4515","6087","6087"
"mendrisio","590","472","16","326","7930","4640","6174","6174"
"mendrisio","595","400","13","292","8046","4756","6253","6253"
"mendrisio","600","328","10","257","8152","4862","6324","6324"
"mendrisio","605","261","7","224","8247","4957","6388","6388"
"mendrisio","610","205","5","194","8331","5041","6443","6443"
"mendrisio","615","156","3","167","8404","5114","6490","6490"
"mendrisio","620","116","2","143","8466","5176","6529","6529"
"mendrisio","625","84","1","122","8518","5228","6561","6561"
"mendrisio","630","59","1","103","8561","5271","6586","6586"
"mendrisio","635","40","1","86","8597","5307","6604","6604"
"mendrisio","640","26","0","71","8625","5335","6618","6618"
"mendrisio","645","17","0","57","8646","5356","6627","6627"
"mendrisio","650","12","0","46","8663","5373","6632","6632"
"mendrisio","655","8","0","35","8676","5386","6636","6636"
"mendrisio","660","5","0","27","8687","5397","6639","6639"
"mendrisio","665","3","0","20","8696","5406","6641","6641"
"mendrisio","670","2","0","15","8702","5412","6642","6642"
"mendrisio","675","1","0","11","8707","5417","6643","6643"
"mendrisio","680","0","0","8","8710","5420","6644","6644"
"mendrisio","685","0","0","5","8713","5423","6644","6644"
"mendrisio","690","0","0","4","8714","5424","6644","6644"
"mendrisio","695","0","0","2","8716","5426","6644","6644"
"mendrisio","700","0","0","1","8717","5427","6644","6644"
"mendrisio","705","0","0","1","8717","5427","6644","6644"
"mendrisio","710","0","0","0","8718","5428","6644","6644"
"mendrisio","715","0","0","0","8718","5428","6644","6644"
"mendrisio","720","0","0","0","8718","5428","6644","6644"
"mendrisio","725","0","0","0","8718","5428","6644","6644"
"mendrisio","730","0","0","0","8718","5428","6644","6644"
"mendrisio","735","0","0","0","8718","5428","6644","6644"
"mendrisio","740","0","0","0","8718","5428","6644","6644"
"mendrisio","745","0","0","0","8718","5428","6644","6644"
"mendrisio","750","0","0","0","8718","5428","6644","6644"
"mendrisio","755","0","0","0","8718","5428","6644","6644"
"mendrisio","760","0","0","0","8718","5428","6644","6644"
"mendrisio","765","0","0","0","8718","5428","6644","6644"
"mendrisio","770","0","0","0","8718","5428","6644","6644"
"mendrisio","775","0","0","0","8718","5428","6644","6644"
"mendrisio","780","0","0","0","8718","5428","6644","6644"
"mendrisio","785","0","0","0","8718","5428","6644","6644"
"mendrisio","790","0","0","0","8718","5428","6644","6644"
"mendrisio","795","0","0","0","8718","5428","6644","6644"
"mendrisio","800","0","0","0","8718","5428","6644","6644"
"mendrisio","805","0","0","0","8718","5428","6644","6644"
"mendrisio","810","0","0","0","8718","5428","6644","6644"
"mendrisio","815","0","0","0","8718","5428","6644","6644"
"mendrisio","820","0","0","0","8718","5428","6644","6644"
"mendrisio","825","0","0","0","8718","5428","6644","6644"
"mendrisio","830","0","0","0","8718","5428","6644","6644"
"mendrisio","835","0","0","0","8718","5428","6644","6644"
"mendrisio","840","0","0","0","8718","5428","6644","6644"
"mendrisio","845","0","0","0","8718","5428","6644","6644"
"mendrisio","850","0","0","0","8718","5428","6644","6644"
"mendrisio","855","0","0","0","8718","5428","6644","6644"
"mendrisio","860","0","0","0","8718","5428","6644","6644"
"mendrisio","865","0","0","0","8718","5428","6644","6644"
"mendrisio","870","0","0","0","8718","5428","6644","6644"
"mendrisio","875","0","0","0","8718","5428","6644","6644"
"mendrisio","880","0","0","0","8718","5428","6644","6644"
"mendrisio","885","0","0","0","8718","5428","6644","6644"
"mendrisio","890","0","0","0","8718","5428","6644","6644"
"mendrisio","895","0","0","0","8718","5428","6644","6644"
"mendrisio","900","0","0","0","8718","5428","6644","6644"
"mendrisio","905","5","0","2","8712","5422","6640","6640"
"mendrisio","910","20","1","6","8695","5405","6627","6627"
"mendrisio","915","44","3","14","8666","5376","6605","6605"
"mendrisio","920","76","5","24","8626","5336","6576","6576"
"mendrisio","925","115","7","38","8576","5286","6539","6539"
"mendrisio","930","162","10","53","8516","5226","6495","6495"
"mendrisio","935","214","13","71","8446","5156","6443","6443"
"mendrisio","940","270","15","91","8366","5076","6384","6384"
"mendrisio","945","330","18","113","8276","4986","6317","6317"
"mendrisio","950","391","21","137","8176","4886","6243","6243"
"mendrisio","955","454","24","163","8066","4776","6161","6161"
"mendrisio","960","517","28","190","7947","4657","6072","6072"
"mendrisio","965","580","31","219","7818","4528","5976","5976"
"mendrisio","970","644","34","249","7679","4389","5872","5872"
"mendrisio","975","709","37","280","7530","4240","5761","5761"
"mendrisio","980","773","40","312","7372","4082","5642","5642"
"mendrisio","985","838","43","345","7203","3913","5516","5516"
"mendrisio","990","903","46","379","7025","3735","5383","5383"
"mendrisio","995","968","49","414","6838","3548","5242","5242"
"mendrisio","1000","1033","52","449","6640","3350","5094","5094"
"mendrisio","1005","1098","55","485","6433","3143","4939","4939"
"mendrisio","1010","1163","59","522","6217","2927","4776","4776"
"mendrisio","1015","1228","62","558","5990","2700","4606","4606"
"mendrisio","1020","1293","65","594","5754","2464","4428","4428"
"mendrisio","1025","1358","68","631","5508","2218","4243","4243"
"mendrisio","1030","1424","71","668","5253","1963","4051","4051"
"mendrisio","1035","1489","74","704","4988","1698","3851","3851"
"mendrisio","1040","1554","77","741","4713","1423","3644","3644"
"mendrisio","1045","1619","80","777","4429","1139","3430","3430"
"mendrisio","1050","1684","83","814","4134","844","3208","3208"
"mendrisio","1055","1739","86","848","3842","552","2987","2987"
"mendrisio","1060","1774","87","875","3564","274","2777","2777"
"mendrisio","1065","1791","87","896","3298","8","2575","2575"
"mendrisio","1070","1793","86","912","3044","-246","2382","2382"
"mendrisio","1075","1778","85","922","2801","-489","2197","2197"
"mendrisio","1080","1750","82","927","2569","-721","2019","2019"
"mendrisio","1085","1711","80","928","2348","-942","1850","1850"
"mendrisio","1090","1664","77","925","2136","-1154","1688","1688"
"mendrisio","1095","1610","75","917","1935","-1355","1533","1533"
"mendrisio","1100","1552","72","906","1743","-1547","1386","1386"
"mendrisio","1105","1492","69","892","1562","-1728","1246","1246"
"mendrisio","1110","1431","66","874","1390","-1900","1113","1113"
"mendrisio","1115","1368","62","853","1229","-2061","988","988"
"mendrisio","1120","1306","59","830","1077","-2213","870","870"
"mendrisio","1125","1242","56","804","935","-2355","760","760"
"mendrisio","1130","1178","53","775","802","-2488","657","657"
"mendrisio","1135","1113","50","746","680","-2610","562","562"
"mendrisio","1140","1048","47","715","567","-2723","473","473"
"mendrisio","1145","983","44","682","464","-2826","393","393"
"mendrisio","1150","918","41","647","371","-2919","319","319"
"mendrisio","1155","853","38","612","287","-3003","253","253"
"mendrisio","1160","788","35","577","214","-3076","195","195"
"mendrisio","1165","723","31","540","149","-3141","143","143"
"mendrisio","1170","658","28","504","95","-3195","99","99"
"mendrisio","1175","593","25","468","50","-3240","63","63"
"mendrisio","1180","528","22","431","15","-3275","34","34"
"mendrisio","1185","463","19","394","-11","-3301","12","12"
"mendrisio","1190","398","16","358","-26","-3316","-2","-2"
"mendrisio","1195","333","13","321","-32","-3322","-9","-9"
"mendrisio","1200","268","10","284","-29","-3319","-9","-9"
"mendrisio","1205","208","7","249","-21","-3311","-5","-5"
"mendrisio","1210","158","5","217","-16","-3306","-3","-3"
"mendrisio","1215","117","3","188","-12","-3302","-2","-2"
"mendrisio","1220","83","2","162","-9","-3299","-1","-1"
"mendrisio","1225","58","1","139","-7","-3297","-1","-1"
"mendrisio","1230","39","1","118","-6","-3296","0","0"
"mendrisio","1235","26","1","99","-4","-3294","0","0"
"mendrisio","1240","18","0","83","-3","-3293","0","0"
"mendrisio","1245","12","0","68","-3","-3293","0","0"
"mendrisio","1250","8","0","55","-2","-3292","0","0"
"mendrisio","1255","6","0","44","-1","-3291","0","0"
"mendrisio","1260","4","0","35","-1","-3291","0","0"
"mendrisio","1265","3","0","27","-1","-3291","0","0"
"mendrisio","1270","2","0","20","0","-3290","0","0"
"mendrisio","1275","1","0","15","0","-3290","0","0"
"mendrisio","1280","0","0","11","0","-3290","0","0"
"mendrisio","1285","0","0","7","0","-3290","0","0"
"mendrisio","1290","0","0","5","0","-3290","0","0"
"mendrisio","1295","0","0","3","0","-3290","0","0"
"mendrisio","1300","0","0","2","0","-3290","0","0"
"mendrisio","1305","0","0","1","0","-3290","0","0"
"mendrisio","1310","0","0","0","0","-3290","0","0"
"mendrisio","1315","0","0","0","0","-3290","0","0"
"mendrisio","1320","0","0","0","0","-3290","0","0"
"mendrisio","1325","0","0","0","0","-3290","0","0"
"mendrisio","1330","0","0","0","0","-3290","0","0"
"mendrisio","1335","0","0","0","0","-3290","0","0"
"mendrisio","1340","0","0","0","0","-3290","0","0"
"mendrisio","1345","0","0","0","0","-3290","0","0"
"mendrisio","1350","0","0","0","0","-3290","0","0"
"mendrisio","1355","0","0","0","0","-3290","0","0"
"mendrisio","1360","0","0","0","0","-3290","0","0"
"mendrisio","1365","0","0","0","0","-3290","0","0"
"mendrisio","1370","0","0","0","0","-3290","0","0"
"mendrisio","1375","0","0","0","0","-3290","0","0"
"mendrisio","1380","0","0","0","0","-3290","0","0"
"mendrisio","1385","0","0","0","0","-3290","0","0"
"mendrisio","1390","0","0","0","0","-3290","0","0"
"mendrisio","1395","0","0","0","0","-3290","0","0"
"mendrisio","1400","0","0","0","0","-3290","0","0"
"mendrisio","1405","0","0","0","0","-3290","0","0"
"mendrisio","1410","0","0","0","0","-3290","0","0"
"mendrisio","1415","0","0","0","0","-3290","0","0"
"mendrisio","1420","0","0","0","0","-3290","0","0"
"mendrisio","1425","0","0","0","0","-3290","0","0"
"mendrisio","1430","0","0","0","0","-3290","0","0"
"mendrisio","1435","0","0","0","0","-3290","0","0"
"mendrisio","1440","0","0","0","0","-3290","0","0"
"zug","0","0","0","0","0","-5912","0","0"
"zug","5","0","0","0","0","-5912","0","0"
"zug","10","0","0","0","0","-5912","0","0"
"zug","15","0","0","0","0","-5912","0","0"
"zug","20","0","0","0","0","-5912","0","0"
"zug","25","0","0","0","0","-5912","0","0"
"zug","30","0","0","0","0","-5912","0","0"
"zug","35","0","0","0","0","-5912","0","0"
"zug","40","0","0","0","0","-5912","0","0"
"zug","45","0","0","0","0","-5912","0","0"
"zug","50","0","0","0","0","-5912","0","0"
"zug","55","0","0","0","0","-5912","0","0"
"zug","60","0","0","0","0","-5912","0","0"
"zug","65","0","0","0","0","-5912","0","0"
"zug","70","0","0","0","0","-5912","0","0"
"zug","75","0","0","0","0","-5912","0","0"
"zug","80","0","0","0","0","-5912","0","0"
"zug","85","0","0","0","0","-5912","0","0"
"zug","90","0","0","0","0","-5912","0","0"
"zug","95","0","0","0","0","-5912","0","0"
"zug","100","0","0","0","0","-5912","0","0"
"zug","105","0","0","0","0","-5912","0","0"
"zug","110","0","0","0","0","-5912","0","0"
"zug","115","0","0","0","0","-5912","0","0"
"zug","120","0","0","0","0","-5912","0","0"
"zug","125","0","0","0","0","-5912","0","0"
"zug","130","0","0","0","0","-5912","0","0"
"zug","135","0","0","0","0","-5912","0","0"
"zug","140","0","0","0","0","-5912","0","0"
"zug","145","0","0","0","0","-5912","0","0"
"zug","150","0","0","0","0","-5912","0","0"
"zug","155","0","0","0","0","-5912","0","0"
"zug","160","0","0","0","0","-5912","0","0"
"zug","165","0","0","0","0","-5912","0","0"
"zug","170","0","0","0","0","-5912","0","0"
"zug","175","0","0","0","0","-5912","0","0"
"zug","180","0","0","0","0","-5912","0","0"
"zug","185","0","0","0","0","-5912","0","0"
"zug","190","0","0","0","0","-5912","0","0"
"zug","195","0","0","0","0","-5912","0","0"
"zug","200","0","0","0","0","-5912","0","0"
"zug","205","0","0","0","0","-5912","0","0"
"zug","210","0","0","0","0","-5912","0","0"
"zug","215","0","0","0","0","-5912","0","0"
"zug","220","0","0","0","0","-5912","0","0"
"zug","225","0","0","0","0","-5912","0","0"
"zug","230","0","0","0","0","-5912","0","0"
"zug","235","0","0","0","0","-5912","0","0"
"zug","240","0","0","0","0","-5912","0","0"
"zug","245","0","0","0","0","-5912","0","0"
"zug","250","0","0","0","0","-5912","0","0"
"zug","255","0","0","0","0","-5912","0","0"
"zug","260","0","0","0","0","-5912","0","0"
"zug","265","0","0","0","0","-5912","0","0"
"zug","270","0","0","0","0","-5912","0","0"
"zug","275","0","0","0","0","-5912","0","0"
"zug","280","0","0","0","0","-5912","0","0"
"zug","285","0","0","0","0","-5912","0","0"
"zug","290","0","0","0","0","-5912","0","0"
"zug","295","0","0","0","0","-5912","0","0"
"zug","300","0","0","0","0","-5912","0","0"
"zug","305","8","6","3","-4","-5916","-1","-1"
"zug","310","33","24","12","-17","-5929","-6","-6"
"zug","315","71","54","28","-36","-5948","-11","-11"
"zug","320","120","97","50","-60","-5972","-15","-15"
"zug","325","178","149","77","-84","-5996","-15","-15"
"zug","330","242","211","110","-106","-6018","-10","-10"
"zug","335","312","279","147","-123","-6035","1","1"
"zug","340","385","354","188","-131","-6043","20","20"
"zug","345","461","433","232","-129","-6041","48","48"
"zug","350","537","513","279","-113","-6025","86","86"
"zug","355","614","595","328","-83","-5995","133","133"
"zug","360","692","677","378","-38","-5950","191","191"
"zug","365","771","759","430","23","-5889","258","258"
"zug","370","849","842","484","100","-5812","336","336"
"zug","375","928","926","539","192","-5720","424","424"
"zug","380","1008","1009","595","300","-5612","523","523"
"zug","385","1088","1093","652","425","-5487","632","632"
"zug","390","1167","1177","710","567","-5345","751","751"
"zug","395","1247","1262","769","725","-5187","881","881"
"zug","400","1327","1347","828","901","-5011","1022","1022"
"zug","405","1408","1431","887","1093","-4819","1173","1173"
"zug","410","1488","1517","947","1303","-4609","1335","1335"
"zug","415","1568","1602","1007","1531","-4381","1507","1507"
"zug","420","1648","1687","1066","1775","-4137","1691","1691"
"zug","425","1728","1773","1126","2038","-3874","1884","1884"
"zug","430","1808","1859","1186","2318","-3594","2089","2089"
"zug","435","1888","1945","1245","2615","-3297","2304","2304"
"zug","440","1968","2031","1305","2930","-2982","2529","2529"
"zug","445","2048","2117","1365","3263","-2649","2766","2766"
"zug","450","2128","2203","1424","3613","-2299","3013","3013"
"zug","455","2192","2276","1478","3990","-1922","3273","3273"
"zug","460","2223","2326","1519","4401","-1511","3550","3550"
"zug","465","2227","2352","1547","4843","-1069","3839","3839"
"zug","470","2209","2353","1564","5311","-601","4136","4136"
"zug","475","2173","2333","1569","5799","-113","4437","4437"
"zug","480","2124","2297","1563","6299","387","4738","4738"
"zug","485","2064","2246","1548","6806","894","5037","5037"
"zug","490","1998","2183","1525","7314","1402","5331","5331"
"zug","495","1927","2110","1497","7819","1907","5617","5617"
"zug","500","1855","2035","1463","8314","2402","5896","5896"
"zug","505","1780","1958","1426","8798","2886","6165","6165"
"zug","510","1705","1880","1385","9270","3358","6425","6425"
"zug","515","1628","1801","1340","9728","3816","6675","6675"
"zug","520","1551","1721","1292","10173","4261","6915","6915"
"zug","525","1472","1640","1242","10603","4691","7145","7145"
"zug","530","1394","1559","1189","11019","5107","7364","7364"
"zug","535","1314","1477","1135","11419","5507","7574","7574"
"zug","540","1234","1394","1078","11804","5892","7774","7774"
"zug","545","1154","1311","1021","12173","6261","7963","7963"
"zug","550","1074","1228","962","12526","6614","8142","8142"
"zug","555","994","1144","903","12862","6950","8310","8310"
"zug","560","914","1060","844","13180","7268","8467","8467"
"zug","565","834","975","784","13482","7570","8614","8614"
"zug","570","754","890","724","13766","7854","8750","8750"
"zug","575","674","805","665","14033","8121","8875","8875"
"zug","580","594","719","605","14282","8370","8990","8990"
"zug","585","514","633","545","14514","8602","9094","9094"
"zug","590","434","547","486","14728","8816","9188","9188"
"zug","595","354","461","426","14925","9013","9270","9270"
"zug","600","274","375","366","15104","9192","9343","9343"
"zug","605","202","295","310","15261","9349","9403","9403"
"zug","610","146","227","259","15392","9480","9449","9449"
"zug","615","104","172","215","15499","9587","9485","9485"
"zug","620","73","128","177","15584","9672","9510","9510"
"zug","625","51","95","145","15650","9738","9529","9529"
"zug","630","36","70","118","15701","9789","9542","9542"
"zug","635","25","53","95","15740","9828","9551","9551"
"zug","640","19","41","77","15769","9857","9558","9558"
"zug","645","14","35","61","15792","9880","9562","9562"
"zug","650","10","29","48","15810","9898","9565","9565"
"zug","655","7","25","37","15825","9913","9568","9568"
"zug","660","5","21","28","15838","9926","9570","9570"
"zug","665","3","17","20","15848","9936","9572","9572"
"zug","670","2","15","14","15856","9944","9573","9573"
"zug","675","1","12","10","15863","9951","9574","9574"
"zug","680","1","10","6","15868","9956","9574","9574"
"zug","685","0","8","4","15872","9960","9575","9575"
"zug","690","0","6","2","15875","9963","9575","9575"
"zug","695","0","4","1","15877","9965","9575","9575"
"zug","700","0","3","0","15878","9966","9575","9575"
"zug","705","0","2","0","15879","9967","9575","9575"
"zug","710","0","1","0","15880","9968","9575","9575"
"zug","715","0","1","0","15880","9968","9575","9575"
"zug","720","0","0","0","15881","9969","9575","9575"
"zug","725","0","0","0","15881","9969","9575","9575"
"zug","730","0","0","0","15881","9969","9575","9575"
"zug","735","0","0","0","15881","9969","9575","9575"
"zug","740","0","0","0","15881","9969","9575","9575"
"zug","745","0","0","0","15881","9969","9575","9575"
"zug","750","0","0","0","15881","9969","9575","9575"
"zug","755","0","0","0","15881","9969","9575","9575"
"zug","760","0","0","0","15881","9969","9575","9575"
"zug","765","0","0","0","15881","9969","9575","9575"
"zug","770","0","0","0","15881","9969","9575","9575"
"zug","775","0","0","0","15881","9969","9575","9575"
"zug","780","0","0","0","15881","9969","9575","9575"
"zug","785","0","0","0","15881","9969","9575","9575"
"zug","790","0","0","0","15881","9969","9575","9575"
"zug","795","0","0","0","15881","9969","9575","9575"
"zug","800","0","0","0","15881","9969","9575","9575"
"zug","805","0","0","0","15881","9969","9575","9575"
"zug","810","0","0","0","15881","9969","9575","9575"
"zug","815","0","0","0","15881","9969","9575","9575"
"zug","820","0","0","0","15881","9969","9575","9575"
"zug","825","0","0","0","15881","9969","9575","9575"
"zug","830","0","0","0","15881","9969","9575","9575"
"zug","835","0","0","0","15881","9969","9575","9575"
"zug","840","0","0","0","15881","9969","9575","9575"
"zug","845","0","0","0","15881","9969","9575","9575"
"zug","850","0","0","0","15881","9969","9575","9575"
"zug","855","0","0","0","15881","9969","9575","9575"
"zug","860","0","0","0","15881","9969","9575","9575"
"zug","865","0","0","0","15881","9969","9575","9575"
"zug","870","0","0","0","15881","9969","9575","9575"
"zug","875","0","0","0","15881","9969","9575","9575"
"zug","880","0","0","0","15881","9969","9575","9575"
"zug","885","0","0","0","15881","9969","9575","9575"
"zug","890","0","0","0","15881","9969","9575","9575"
"zug","895","0","0","0","15881","9969","9575","9575"
"zug","900","0","0","0","15881","9969","9575","9575"
"zug","905","8","6","3","15868","9956","9568","9568"
"zug","910","33","24","12","15829","9917","9548","9548"
"zug","915","71","54","28","15764","9852","9515","9515"
"zug","920","120","97","50","15674","9762","9469","9469"
"zug","925","178","149","77","15561","9649","9412","9412"
"zug","930","243","211","110","15424","9512","9342","9342"
"zug","935","313","279","148","15265","9353","9261","9261"
"zug","940","387","354","190","15084","9172","9168","9168"
"zug","945","463","433","236","14883","8971","9065","9065"
"zug","950","540","513","284","14664","8752","8950","8950"
"zug","955","618","595","335","14426","8514","8825","8825"
"zug","960","697","677","388","14171","8259","8689","8689"
"zug","965","776","759","442","13897","7985","8543","8543"
"zug","970","855","842","498","13605","7693","8386","8386"
"zug","975","935","926","555","13295","7383","8218","8218"
"zug","980","1015","1009","613","12967","7055","8039","8039"
"zug","985","1096","1093","673","12622","6710","7850","7850"
"zug","990","1176","1177","734","12258","6346","7650","7650"
"zug","995","1256","1262","795","11877","5965","7440","7440"
"zug","1000","1337","1347","857","11477","5565","7219","7219"
"zug","1005","1417","1431","919","11060","5148","6987","6987"
"zug","1010","1498","1517","981","10626","4714","6745","6745"
"zug","1015","1578","1602","1043","10173","4261","6492","6492"
"zug","1020","1659","1687","1105","9703","3791","6228","6228"
"zug","1025","1739","1773","1168","9215","3303","5954","5954"
"zug","1030","1820","1859","1230","8710","2798","5669","5669"
"zug","1035","1900","1945","1293","8186","2274","5374","5374"
"zug","1040","1981","2031","1355","7645","1733","5067","5067"
"zug","1045","2061","2117","1417","7087","1175","4751","4751"
"zug","1050","2142","2203","1480","6511","599","4423","4423"
"zug","1055","2206","2276","1536","5943","31","4099","4099"
"zug","1060","2237","2326","1579","5411","-501","3791","3791"
"zug","1065","2242","2352","1611","4911","-1001","3497","3497"
"zug","1070","2224","2353","1630","4444","-1468","3218","3218"
"zug","1075","2188","2333","1637","4006","-1906","2953","2953"
"zug","1080","2138","2297","1634","3598","-2314","2700","2700"
"zug","1085","2078","2246","1621","3216","-2696","2461","2461"
"zug","1090","2011","2183","1598","2860","-3052","2233","2233"
"zug","1095","1940","2110","1569","2527","-3385","2018","2018"
"zug","1100","1866","2035","1534","2213","-3699","1813","1813"
"zug","1105","1790","1958","1495","1918","-3994","1618","1618"
"zug","1110","1714","1880","1453","1641","-4271","1435","1435"
"zug","1115","1636","1801","1407","1383","-4529","1262","1262"
"zug","1120","1558","1721","1357","1144","-4768","1100","1100"
"zug","1125","1478","1640","1305","923","-4989","949","949"
"zug","1130","1399","1559","1251","720","-5192","808","808"
"zug","1135","1318","1477","1194","536","-5376","678","678"
"zug","1140","1238","1394","1135","369","-5543","559","559"
"zug","1145","1158","1311","1075","221","-5691","450","450"
"zug","1150","1077","1228","1014","90","-5822","352","352"
"zug","1155","997","1144","952","-23","-5935","264","264"
"zug","1160","916","1060","890","-118","-6030","188","188"
"zug","1165","836","975","827","-195","-6107","121","121"
"zug","1170","755","890","765","-254","-6166","66","66"
"zug","1175","675","805","703","-296","-6208","21","21"
"zug","1180","594","719","640","-319","-6231","-13","-13"
"zug","1185","514","633","578","-326","-6238","-37","-37"
"zug","1190","433","547","516","-314","-6226","-50","-50"
"zug","1195","353","461","453","-285","-6197","-52","-52"
"zug","1200","272","375","391","-238","-6150","-44","-44"
"zug","1205","200","295","332","-187","-6099","-32","-32"
"zug","1210","144","227","279","-144","-6056","-23","-23"
"zug","1215","102","172","232","-109","-6021","-16","-16"
"zug","1220","70","128","191","-81","-5993","-10","-10"
"zug","1225","48","95","156","-60","-5972","-6","-6"
"zug","1230","33","70","127","-44","-5956","-4","-4"
"zug","1235","22","53","102","-33","-5945","-2","-2"
"zug","1240","16","41","82","-25","-5937","-1","-1"
"zug","1245","11","35","66","-21","-5933","-1","-1"
"zug","1250","8","29","52","-17","-5929","-1","-1"
"zug","1255","5","25","40","-14","-5926","0","0"
"zug","1260","4","21","30","-11","-5923","0","0"
"zug","1265","2","17","22","-9","-5921","0","0"
"zug","1270","1","15","16","-7","-5919","0","0"
"zug","1275","1","12","11","-5","-5917","0","0"
"zug","1280","0","10","7","-4","-5916","0","0"
"zug","1285","0","8","4","-3","-5915","0","0"
"zug","1290","0","6","2","-2","-5914","0","0"
"zug","1295","0","4","1","-1","-5913","0","0"
"zug","1300","0","3","0","-1","-5913","0","0"
"zug","1305","0","2","0","-1","-5913","0","0"
"zug","1310","0","1","0","0","-5912","0","0"
"zug","1315","0","1","0","0","-5912","0","0"
"zug","1320","0","0","0","0","-5912","0","0"
"zug","1325","0","0","0","0","-5912","0","0"
"zug","1330","0","0","0","0","-5912","0","0"
"zug","1335","0","0","0","0","-5912","0","0"
"zug","1340","0","0","0","0","-5912","0","0"
"zug","1345","0","0","0","0","-5912","0","0"
"zug","1350","0","0","0","0","-5912","0","0"
"zug","1355","0","0","0","0","-5912","0","0"
"zug","1360","0","0","0","0","-5912","0","0"
"zug","1365","0","0","0","0","-5912","0","0"
"zug","1370","0","0","0","0","-5912","0","0"
"zug","1375","0","0","0","0","-5912","0","0"
"zug","1380","0","0","0","0","-5912","0","0"
"zug","1385","0","0","0","0","-5912","0","0"
"zug","1390","0","0","0","0","-5912","0","0"
"zug","1395","0","0","0","0","-5912","0","0"
"zug","1400","0","0","0","0","-5912","0","0"
"zug","1405","0","0","0","0","-5912","0","0"
"zug","1410","0","0","0","0","-5912","0","0"
"zug","1415","0","0","0","0","-5912","0","0"
"zug","1420","0","0","0","0","-5912","0","0"
"zug","1425","0","0","0","0","-5912","0","0"
"zug","1430","0","0","0","0","-5912","0","0"
"zug","1435","0","0","0","0","-5912","0","0"
"zug","1440","0","0","0","0","-5912","0","0"
"neuchatel","0","0","0","0","0","-3019","0","0"
"neuchatel","5","0","0","0","0","-3019","0","0"
"neuchatel","10","0","0","0","0","-3019","0","0"
"neuchatel","15","0","0","0","0","-3019","0","0"
"neuchatel","20","0","0","0","0","-3019","0","0"
"neuchatel","25","0","0","0","0","-3019","0","0"
"neuchatel","30","0","0","0","0","-3019","0","0"
"neuchatel","35","0","0","0","0","-3019","0","0"
"neuchatel","40","0","0","0","0","-3019","0","0"
"neuchatel","45","0","0","0","0","-3019","0","0"
"neuchatel","50","0","0","0","0","-3019","0","0"
"neuchatel","55","0","0","0","0","-3019","0","0"
"neuchatel","60","0","0","0","0","-3019","0","0"
"neuchatel","65","0","0","0","0","-3019","0","0"
"neuchatel","70","0","0","0","0","-3019","0","0"
"neuchatel","75","0","0","0","0","-3019","0","0"
"neuchatel","80","0","0","0","0","-3019","0","0"
"neuchatel","85","0","0","0","0","-3019","0","0"
"neuchatel","90","0","0","0","0","-3019","0","0"
"neuchatel","95","0","0","0","0","-3019","0","0"
"neuchatel","100","0","0","0","0","-3019","0","0"
"neuchatel","105","0","0","0","0","-3019","0","0"
"neuchatel","110","0","0","0","0","-3019","0","0"
"neuchatel","115","0","0","0","0","-3019","0","0"
"neuchatel","120","0","0","0","0","-3019","0","0"
"neuchatel","125","0","0","0","0","-3019","0","0"
"neuchatel","130","0","0","0","0","-3019","0","0"
"neuchatel","135","0","0","0","0","-3019","0","0"
"neuchatel","140","0","0","0","0","-3019","0","0"
"neuchatel","145","0","0","0","0","-3019","0","0"
"neuchatel","150","0","0","0","0","-3019","0","0"
"neuchatel","155","0","0","0","0","-3019","0","0"
"neuchatel","160","0","0","0","0","-3019","0","0"
"neuchatel","165","0","0","0","0","-3019","0","0"
"neuchatel","170","0","0","0","0","-3019","0","0"
"neuchatel","175","0","0","0","0","-3019","0","0"
"neuchatel","180","0","0","0","0","-3019","0","0"
"neuchatel","185","0","0","0","0","-3019","0","0"
"neuchatel","190","0","0","0","0","-3019","0","0"
"neuchatel","195","0","0","0","0","-3019","0","0"
"neuchatel","200","0","0","0","0","-3019","0","0"
"neuchatel","205","0","0","0","0","-3019","0","0"
"neuchatel","210","0","0","0","0","-3019","0","0"
"neuchatel","215","0","0","0","0","-3019","0","0"
"neuchatel","220","0","0","0","0","-3019","0","0"
"neuchatel","225","0","0","0","0","-3019","0","0"
"neuchatel","230","0","0","0","0","-3019","0","0"
"neuchatel","235","0","0","0","0","-3019","0","0"
"neuchatel","240","0","0","0","0","-3019","0","0"
"neuchatel","245","0","0","0","0","-3019","0","0"
"neuchatel","250","0","0","0","0","-3019","0","0"
"neuchatel","255","0","0","0","0","-3019","0","0"
"neuchatel","260","0","0","0","0","-3019","0","0"
"neuchatel","265","0","0","0","0","-3019","0","0"
"neuchatel","270","0","0","0","0","-3019","0","0"
"neuchatel","275","0","0","0","0","-3019","0","0"
"neuchatel","280","0","0","0","0","-3019","0","0"
"neuchatel","285","0","0","0","0","-3019","0","0"
"neuchatel","290","0","0","0","0","-3019","0","0"
"neuchatel","295","0","0","0","0","-3019","0","0"
"neuchatel","300","0","0","0","0","-3019","0","0"
"neuchatel","305","7","3","2","-4","-3023","-2","-2"
"neuchatel","310","27","12","9","-14","-3033","-7","-7"
"neuchatel","315","58","27","20","-31","-3050","-15","-15"
"neuchatel","320","99","49","36","-52","-3071","-22","-22"
"neuchatel","325","147","76","56","-75","-3094","-28","-28"
"neuchatel","330","199","109","80","-97","-3116","-31","-31"
"neuchatel","335","255","145","107","-118","-3137","-31","-31"
"neuchatel","340","314","185","137","-135","-3154","-26","-26"
"neuchatel","345","376","227","170","-148","-3167","-17","-17"
"neuchatel","350","440","271","204","-155","-3174","-4","-4"
"neuchatel","355","505","316","239","-156","-3175","14","14"
"neuchatel","360","573","363","276","-150","-3169","38","38"
"neuchatel","365","641","411","314","-138","-3157","66","66"
"neuchatel","370","710","460","353","-118","-3137","100","100"
"neuchatel","375","781","510","393","-90","-3109","140","140"
"neuchatel","380","852","560","434","-54","-3073","185","185"
"neuchatel","385","924","610","475","-10","-3029","235","235"
"neuchatel","390","996","660","516","42","-2977","292","292"
"neuchatel","395","1070","710","558","103","-2916","353","353"
"neuchatel","400","1144","760","601","172","-2847","421","421"
"neuchatel","405","1220","810","644","250","-2769","494","494"
"neuchatel","410","1296","860","687","337","-2682","572","572"
"neuchatel","415","1373","911","730","432","-2587","656","656"
"neuchatel","420","1450","961","773","535","-2484","746","746"
"neuchatel","425","1529","1011","817","648","-2371","841","841"
"neuchatel","430","1608","1061","860","769","-2250","942","942"
"neuchatel","435","1688","1111","903","899","-2120","1049","1049"
"neuchatel","440","1767","1161","946","1038","-1981","1162","1162"
"neuchatel","445","1847","1212","990","1187","-1832","1281","1281"
"neuchatel","450","1927","1262","1033","1345","-1674","1407","1407"
"neuchatel","455","1994","1306","1072","1520","-1499","1543","1543"
"neuchatel","460","2034","1338","1102","1719","-1300","1692","1692"
"neuchatel","465","2050","1357","1122","1940","-1079","1852","1852"
"neuchatel","470","2048","1365","1134","2178","-841","2019","2019"
"neuchatel","475","2033","1361","1138","2429","-590","2189","2189"
"neuchatel","480","2009","1346","1133","2689","-330","2359","2359"
"neuchatel","485","1977","1322","1122","2954","-65","2528","2528"
"neuchatel","490","1939","1293","1105","3223","204","2696","2696"
"neuchatel","495","1895","1259","1083","3492","473","2861","2861"
"neuchatel","500","1847","1222","1058","3759","740","3024","3024"
"neuchatel","505","1795","1181","1030","4024","1005","3184","3184"
"neuchatel","510","1741","1137","999","4285","1266","3340","3340"
"neuchatel","515","1684","1091","967","4542","1523","3492","3492"
"neuchatel","520","1625","1044","932","4793","1774","3639","3639"
"neuchatel","525","1565","995","896","5038","2019","3782","3782"
"neuchatel","530","1502","945","858","5276","2257","3920","3920"
"neuchatel","535","1438","895","819","5507","2488","4053","4053"
"neuchatel","540","1373","845","779","5731","2712","4181","4181"
"neuchatel","545","1305","795","738","5948","2929","4305","4305"
"neuchatel","550","1236","745","696","6158","3139","4424","4424"
"neuchatel","555","1166","695","653","6359","3340","4538","4538"
"neuchatel","560","1094","645","610","6553","3534","4648","4648"
"neuchatel","565","1020","595","567","6740","3721","4753","4753"
"neuchatel","570","945","544","524","6918","3899","4852","4852"
"neuchatel","575","868","494","481","7088","4069","4947","4947"
"neuchatel","580","789","444","438","7251","4232","5038","5038"
"neuchatel","585","710","394","395","7405","4386","5122","5122"
"neuchatel","590","630","344","351","7550","4531","5201","5201"
"neuchatel","595","550","294","308","7686","4667","5274","5274"
"neuchatel","600","470","243","265","7812","4793","5340","5340"
"neuchatel","605","397","196","224","7925","4906","5398","5398"
"neuchatel","610","337","155","187","8021","5002","5446","5446"
"neuchatel","615","289","120","155","8102","5083","5485","5485"
"neuchatel","620","250","91","128","8169","5150","5518","5518"
"neuchatel","625","217","69","104","8225","5206","5546","5546"
"neuchatel","630","189","51","85","8272","5253","5570","5570"
"neuchatel","635","165","37","69","8311","5292","5592","5592"
"neuchatel","640","145","27","56","8344","5325","5612","5612"
"neuchatel","645","126","19","45","8372","5353","5629","5629"
"neuchatel","650","111","12","36","8396","5377","5645","5645"
"neuchatel","655","96","8","28","8417","5398","5659","5659"
"neuchatel","660","84","5","22","8435","5416","5671","5671"
"neuchatel","665","72","2","17","8450","5431","5683","5683"
"neuchatel","670","62","1","13","8463","5444","5693","5693"
"neuchatel","675","52","0","9","8475","5456","5703","5703"
"neuchatel","680","43","0","6","8485","5466","5712","5712"
"neuchatel","685","35","0","4","8494","5475","5720","5720"
"neuchatel","690","28","0","2","8502","5483","5727","5727"
"neuchatel","695","22","0","1","8509","5490","5733","5733"
"neuchatel","700","16","0","1","8514","5495","5739","5739"
"neuchatel","705","12","0","0","8519","5500","5743","5743"
"neuchatel","710","8","0","0","8523","5504","5747","5747"
"neuchatel","715","5","0","0","8526","5507","5750","5750"
"neuchatel","720","2","0","0","8529","5510","5753","5753"
"neuchatel","725","1","0","0","8530","5511","5754","5754"
"neuchatel","730","0","0","0","8531","5512","5755","5755"
"neuchatel","735","0","0","0","8531","5512","5755","5755"
"neuchatel","740","0","0","0","8531","5512","5755","5755"
"neuchatel","745","0","0","0","8531","5512","5755","5755"
"neuchatel","750","0","0","0","8531","5512","5755","5755"
"neuchatel","755","0","0","0","8531","5512","5755","5755"
"neuchatel","760","0","0","0","8531","5512","5755","5755"
"neuchatel","765","0","0","0","8531","5512","5755","5755"
"neuchatel","770","0","0","0","8531","5512","5755","5755"
"neuchatel","775","0","0","0","8531","5512","5755","5755"
"neuchatel","780","0","0","0","8531","5512","5755","5755"
"neuchatel","785","0","0","0","8531","5512","5755","5755"
"neuchatel","790","0","0","0","8531","5512","5755","5755"
"neuchatel","795","0","0","0","8531","5512","5755","5755"
"neuchatel","800","0","0","0","8531","5512","5755","5755"
"neuchatel","805","0","0","0","8531","5512","5755","5755"
"neuchatel","810","0","0","0","8531","5512","5755","5755"
"neuchatel","815","0","0","0","8531","5512","5755","5755"
"neuchatel","820","0","0","0","8531","5512","5755","5755"
"neuchatel","825","0","0","0","8531","5512","5755","5755"
"neuchatel","830","0","0","0","8531","5512","5755","5755"
"neuchatel","835","0","0","0","8531","5512","5755","5755"
"neuchatel","840","0","0","0","8531","5512","5755","5755"
"neuchatel","845","0","0","0","8531","5512","5755","5755"
"neuchatel","850","0","0","0","8531","5512","5755","5755"
"neuchatel","855","0","0","0","8531","5512","5755","5755"
"neuchatel","860","0","0","0","8531","5512","5755","5755"
"neuchatel","865","0","0","0","8531","5512","5755","5755"
"neuchatel","870","0","0","0","8531","5512","5755","5755"
"neuchatel","875","0","0","0","8531","5512","5755","5755"
"neuchatel","880","0","0","0","8531","5512","5755","5755"
"neuchatel","885","0","0","0","8531","5512","5755","5755"
"neuchatel","890","0","0","0","8531","5512","5755","5755"
"neuchatel","895","0","0","0","8531","5512","5755","5755"
"neuchatel","900","0","0","0","8531","5512","5755","5755"
"neuchatel","905","7","3","2","8523","5504","5750","5750"
"neuchatel","910","27","12","9","8498","5479","5735","5735"
"neuchatel","915","59","27","20","8456","5437","5711","5711"
"neuchatel","920","100","49","36","8399","5380","5678","5678"
"neuchatel","925","148","76","56","8327","5308","5637","5637"
"neuchatel","930","201","109","80","8242","5223","5588","5588"
"neuchatel","935","258","145","107","8143","5124","5532","5532"
"neuchatel","940","318","185","137","8031","5012","5469","5469"
"neuchatel","945","381","227","170","7909","4890","5399","5399"
"neuchatel","950","446","271","205","7774","4755","5322","5322"
"neuchatel","955","513","316","241","7629","4610","5239","5239"
"neuchatel","960","581","363","279","7474","4455","5149","5149"
"neuchatel","965","650","411","317","7307","4288","5053","5053"
"neuchatel","970","721","460","357","7131","4112","4950","4950"
"neuchatel","975","792","510","398","6945","3926","4841","4841"
"neuchatel","980","865","560","439","6748","3729","4726","4726"
"neuchatel","985","938","610","481","6542","3523","4604","4604"
"neuchatel","990","1012","660","523","6327","3308","4476","4476"
"neuchatel","995","1087","710","567","6102","3083","4341","4341"
"neuchatel","1000","1162","760","610","5867","2848","4200","4200"
"neuchatel","1005","1239","810","654","5623","2604","4053","4053"
"neuchatel","1010","1316","860","698","5369","2350","3899","3899"
"neuchatel","1015","1394","911","742","5106","2087","3739","3739"
"neuchatel","1020","1473","961","786","4833","1814","3572","3572"
"neuchatel","1025","1553","1011","830","4551","1532","3399","3399"
"neuchatel","1030","1633","1061","874","4259","1240","3220","3220"
"neuchatel","1035","1714","1111","918","3958","939","3034","3034"
"neuchatel","1040","1795","1161","962","3647","628","2842","2842"
"neuchatel","1045","1876","1212","1005","3327","308","2643","2643"
"neuchatel","1050","1958","1262","1049","2998","-21","2438","2438"
"neuchatel","1055","2026","1306","1089","2675","-344","2237","2237"
"neuchatel","1060","2067","1338","1120","2377","-642","2049","2049"
"neuchatel","1065","2085","1357","1141","2102","-917","1873","1873"
"neuchatel","1070","2083","1365","1154","1848","-1171","1709","1709"
"neuchatel","1075","2068","1361","1158","1615","-1404","1554","1554"
"neuchatel","1080","2043","1346","1154","1400","-1619","1408","1408"
"neuchatel","1085","2010","1322","1144","1201","-1818","1270","1270"
"neuchatel","1090","1971","1293","1128","1019","-2000","1141","1141"
"neuchatel","1095","1928","1259","1106","850","-2169","1018","1018"
"neuchatel","1100","1879","1222","1080","694","-2325","903","903"
"neuchatel","1105","1827","1181","1051","550","-2469","794","794"
"neuchatel","1110","1772","1137","1020","418","-2601","692","692"
"neuchatel","1115","1714","1091","987","297","-2722","597","597"
"neuchatel","1120","1654","1044","951","188","-2831","507","507"
"neuchatel","1125","1593","995","914","89","-2930","425","425"
"neuchatel","1130","1529","945","875","0","-3019","348","348"
"neuchatel","1135","1464","895","835","-79","-3098","278","278"
"neuchatel","1140","1397","845","794","-148","-3167","215","215"
"neuchatel","1145","1329","795","752","-207","-3226","157","157"
"neuchatel","1150","1259","745","709","-257","-3276","107","107"
"neuchatel","1155","1187","695","665","-297","-3316","62","62"
"neuchatel","1160","1114","645","621","-327","-3346","24","24"
"neuchatel","1165","1039","595","578","-349","-3368","-8","-8"
"neuchatel","1170","963","544","534","-360","-3379","-33","-33"
"neuchatel","1175","885","494","490","-362","-3381","-52","-52"
"neuchatel","1180","805","444","446","-355","-3374","-64","-64"
"neuchatel","1185","725","394","402","-338","-3357","-70","-70"
"neuchatel","1190","643","344","358","-312","-3331","-70","-70"
"neuchatel","1195","562","294","314","-276","-3295","-63","-63"
"neuchatel","1200","481","243","270","-231","-3250","-50","-50"
"neuchatel","1205","406","196","228","-185","-3204","-35","-35"
"neuchatel","1210","345","155","191","-146","-3165","-24","-24"
"neuchatel","1215","296","120","158","-113","-3132","-16","-16"
"neuchatel","1220","255","91","130","-87","-3106","-11","-11"
"neuchatel","1225","223","69","106","-66","-3085","-7","-7"
"neuchatel","1230","195","51","86","-50","-3069","-4","-4"
"neuchatel","1235","170","37","69","-37","-3056","-2","-2"
"neuchatel","1240","149","27","55","-28","-3047","-1","-1"
"neuchatel","1245","130","19","44","-20","-3039","0","0"
"neuchatel","1250","114","12","35","-14","-3033","0","0"
"neuchatel","1255","99","8","27","-10","-3029","0","0"
"neuchatel","1260","86","5","21","-6","-3025","0","0"
"neuchatel","1265","74","2","15","-4","-3023","0","0"
"neuchatel","1270","64","1","11","-2","-3021","0","0"
"neuchatel","1275","54","0","8","-1","-3020","0","0"
"neuchatel","1280","45","0","5","-1","-3020","0","0"
"neuchatel","1285","37","0","3","0","-3019","0","0"
"neuchatel","1290","30","0","2","0","-3019","0","0"
"neuchatel","1295","23","0","1","0","-3019","0","0"
"neuchatel","1300","17","0","0","0","-3019","0","0"
"neuchatel","1305","13","0","0","0","-3019","0","0"
"neuchatel","1310","9","0","0","0","-3019","0","0"
"neuchatel","1315","5","0","0","0","-3019","0","0"
"neuchatel","1320","3","0","0","0","-3019","0","0"
"neuchatel","1325","1","0","0","0","-3019","0","0"
"neuchatel","1330","0","0","0","0","-3019","0","0"
"neuchatel","1335","0","0","0","0","-3019","0","0"
"neuchatel","1340","0","0","0","0","-3019","0","0"
"neuchatel","1345","0","0","0","0","-3019","0","0"
"neuchatel","1350","0","0","0","0","-3019","0","0"
"neuchatel","1355","0","0","0","0","-3019","0","0"
"neuchatel","1360","0","0","0","0","-3019","0","0"
"neuchatel","1365","0","0","0","0","-3019","0","0"
"neuchatel","1370","0","0","0","0","-3019","0","0"
"neuchatel","1375","0","0","0","0","-3019","0","0"
"neuchatel","1380","0","0","0","0","-3019","0","0"
"neuchatel","1385","0","0","0","0","-3019","0","0"
"neuchatel","1390","0","0","0","0","-3019","0","0"
"neuchatel","1395","0","0","0","0","-3019","0","0"
"neuchatel","1400","0","0","0","0","-3019","0","0"
"neuchatel","1405","0","0","0","0","-3019","0","0"
"neuchatel","1410","0","0","0","0","-3019","0","0"
"neuchatel","1415","0","0","0","0","-3019","0","0"
"neuchatel","1420","0","0","0","0","-3019","0","0"
"neuchatel","1425","0","0","0","0","-3019","0","0"
"neuchatel","1430","0","0","0","0","-3019","0","0"
"neuchatel","1435","0","0","0","0","-3019","0","0"
"neuchatel","1440","0","0","0","0","-3019","0","0"
