"city","minute","carNow","transitNow","activeNow","populationChange","vsDailyAverage","routeDerivedCarPopulation","curveCarPopulationSameCoverage"
"zurich","0","0","0","0","16","-74073","0","2"
"zurich","5","0","0","0","18","-74071","0","3"
"zurich","10","0","0","0","20","-74069","0","3"
"zurich","15","0","0","0","22","-74067","0","3"
"zurich","20","0","0","0","24","-74065","0","4"
"zurich","25","0","0","0","27","-74062","0","4"
"zurich","30","0","0","0","30","-74059","0","4"
"zurich","35","0","0","0","33","-74056","0","5"
"zurich","40","0","0","0","37","-74052","0","6"
"zurich","45","0","0","0","41","-74048","0","6"
"zurich","50","0","0","0","45","-74044","0","7"
"zurich","55","0","0","0","50","-74039","0","7"
"zurich","60","0","0","0","55","-74034","0","8"
"zurich","65","0","0","0","61","-74028","0","9"
"zurich","70","0","0","0","68","-74021","0","10"
"zurich","75","0","0","0","75","-74014","0","11"
"zurich","80","0","0","0","83","-74006","0","13"
"zurich","85","0","0","0","92","-73997","0","14"
"zurich","90","0","0","0","102","-73987","0","15"
"zurich","95","0","0","0","113","-73976","0","17"
"zurich","100","0","0","0","126","-73963","0","19"
"zurich","105","0","0","0","139","-73950","0","21"
"zurich","110","0","0","0","154","-73935","0","23"
"zurich","115","0","0","0","171","-73918","0","26"
"zurich","120","0","0","0","189","-73900","0","28"
"zurich","125","0","0","0","209","-73880","0","31"
"zurich","130","0","0","0","232","-73857","0","35"
"zurich","135","0","0","0","257","-73832","0","39"
"zurich","140","0","0","0","284","-73805","0","43"
"zurich","145","0","0","0","315","-73774","0","47"
"zurich","150","0","0","0","349","-73740","0","52"
"zurich","155","0","0","0","386","-73703","0","58"
"zurich","160","0","0","0","428","-73661","0","64"
"zurich","165","0","0","0","474","-73615","0","71"
"zurich","170","0","0","0","524","-73565","0","79"
"zurich","175","0","0","0","581","-73508","0","87"
"zurich","180","0","0","0","643","-73446","0","97"
"zurich","185","0","0","0","711","-73378","0","107"
"zurich","190","0","0","0","788","-73301","0","118"
"zurich","195","0","0","0","872","-73217","0","131"
"zurich","200","0","0","0","965","-73124","0","145"
"zurich","205","0","0","0","1068","-73021","0","161"
"zurich","210","0","0","0","1181","-72908","0","178"
"zurich","215","0","0","0","1307","-72782","0","197"
"zurich","220","0","0","0","1446","-72643","0","218"
"zurich","225","0","0","0","1600","-72489","0","241"
"zurich","230","0","0","0","1770","-72319","0","267"
"zurich","235","0","0","0","1957","-72132","0","295"
"zurich","240","0","0","0","2165","-71924","0","326"
"zurich","245","0","0","0","2393","-71696","0","361"
"zurich","250","0","0","0","2646","-71443","0","399"
"zurich","255","0","0","0","2924","-71165","0","441"
"zurich","260","0","0","0","3231","-70858","0","487"
"zurich","265","0","0","0","3570","-70519","0","539"
"zurich","270","0","0","0","3944","-70145","0","595"
"zurich","275","0","0","0","4355","-69734","0","657"
"zurich","280","0","0","0","4808","-69281","0","726"
"zurich","285","0","0","0","5307","-68782","0","801"
"zurich","290","0","8334","0","5855","-68234","0","884"
"zurich","295","0","12426","0","6458","-67631","0","975"
"zurich","300","0","16035","0","7120","-66969","0","1076"
"zurich","305","26","19430","0","7847","-66242","-5","1186"
"zurich","310","103","22242","0","8644","-65445","-21","1306"
"zurich","315","232","24092","257","9518","-64571","-47","1439"
"zurich","320","412","26061","257","10474","-63615","-83","1583"
"zurich","325","640","27676","463","11519","-62570","-126","1742"
"zurich","330","904","28682","647","12661","-61428","-168","1915"
"zurich","335","1194","28442","820","13906","-60183","-202","2104"
"zurich","340","1500","27124","1528","15262","-58827","-216","2309"
"zurich","345","1815","24953","2061","16737","-57352","-208","2533"
"zurich","350","2137","24752","2564","18339","-55750","-174","2776"
"zurich","355","2461","25509","2714","20075","-54014","-112","3039"
"zurich","360","2787","25737","3122","21953","-52136","-20","3324"
"zurich","365","3114","24964","4130","23980","-50109","101","3632"
"zurich","370","3442","24970","4787","26164","-47925","253","3964"
"zurich","375","3770","26062","5306","28511","-45578","435","4320"
"zurich","380","4099","25479","5984","31027","-43062","647","4702"
"zurich","385","4428","25804","7001","33716","-40373","890","5111"
"zurich","390","4756","26341","6739","36583","-37506","1164","5546"
"zurich","395","5085","26686","7600","39629","-34460","1469","6009"
"zurich","400","5414","25874","8822","42855","-31234","1804","6499"
"zurich","405","5743","26607","8828","46261","-27828","2170","7016"
"zurich","410","6072","26019","9813","49842","-24247","2567","7560"
"zurich","415","6401","24423","9873","53594","-20495","2995","8130"
"zurich","420","6730","23974","11478","57508","-16581","3454","8724"
"zurich","425","7059","23128","11738","61575","-12514","3943","9342"
"zurich","430","7388","24630","11964","65782","-8307","4463","9981"
"zurich","435","7717","24321","11902","70114","-3975","5014","10638"
"zurich","440","8046","21479","13239","74553","464","5596","11312"
"zurich","445","8375","21528","13348","79080","4991","6209","11998"
"zurich","450","8704","20566","14194","83675","9586","6852","12695"
"zurich","455","8982","20409","14637","88314","14225","7537","13398"
"zurich","460","9156","21500","15270","92975","18886","8273","14105"
"zurich","465","9228","21229","15049","97632","23543","9060","14810"
"zurich","470","9196","22140","16178","102262","28173","9899","15511"
"zurich","475","9070","22527","16057","106841","32752","10783","16204"
"zurich","480","8871","22286","16400","111347","37258","11696","16886"
"zurich","485","8620","22312","15327","115758","41669","12622","17553"
"zurich","490","8338","21497","14320","120055","45966","13541","18203"
"zurich","495","8036","21578","14981","124220","50131","14446","18832"
"zurich","500","7722","21598","13593","128239","54150","15330","19440"
"zurich","505","7402","20082","13104","132099","58010","16187","20022"
"zurich","510","7079","21769","12997","135790","61701","17017","20580"
"zurich","515","6754","21638","12821","139305","65216","17818","21110"
"zurich","520","6428","21497","11919","142638","68549","18590","21613"
"zurich","525","6100","22198","10482","145788","71699","19331","22088"
"zurich","530","5772","21181","10630","148752","74663","20043","22535"
"zurich","535","5444","20696","10667","151534","77445","20724","22954"
"zurich","540","5115","19481","10285","154136","80047","21374","23346"
"zurich","545","4787","19231","9772","156562","82473","21993","23711"
"zurich","550","4458","17786","8603","158818","84729","22582","24051"
"zurich","555","4129","17983","8171","160911","86822","23140","24366"
"zurich","560","3801","17144","7749","162847","88758","23668","24657"
"zurich","565","3472","17458","7342","164634","90545","24164","24926"
"zurich","570","3143","17279","7907","166281","92192","24630","25174"
"zurich","575","2814","15517","7145","167795","93706","25065","25402"
"zurich","580","2485","13993","7018","169184","95095","25469","25611"
"zurich","585","2156","11237","6296","170458","96369","25842","25802"
"zurich","590","1827","9338","5290","171622","97533","26185","25977"
"zurich","595","1498","7353","3913","172687","98598","26497","26137"
"zurich","600","1169","5766","3212","173657","99568","26778","26283"
"zurich","605","865","5122","2890","174542","100453","27023","26416"
"zurich","610","614","3352","2195","175346","101257","27227","26536"
"zurich","615","413","2763","1965","176077","101988","27389","26646"
"zurich","620","265","1780","1413","176741","102652","27511","26746"
"zurich","625","163","1376","1154","177342","103253","27595","26836"
"zurich","630","98","767","688","177887","103798","27649","26918"
"zurich","635","59","605","688","178379","104290","27681","26992"
"zurich","640","36","443","334","178824","104735","27701","27058"
"zurich","645","22","355","241","179224","105135","27712","27118"
"zurich","650","14","348","241","179585","105496","27719","27173"
"zurich","655","10","348","183","179908","105819","27723","27221"
"zurich","660","7","309","183","180198","106109","27727","27265"
"zurich","665","5","151","183","180457","106368","27729","27303"
"zurich","670","3","145","0","180688","106599","27730","27338"
"zurich","675","2","145","0","180893","106804","27731","27369"
"zurich","680","2","29","0","181073","106984","27731","27396"
"zurich","685","2","0","0","181231","107142","27731","27419"
"zurich","690","1","0","0","181369","107280","27732","27440"
"zurich","695","1","0","0","181487","107398","27732","27457"
"zurich","700","1","0","0","181588","107499","27732","27472"
"zurich","705","1","0","0","181672","107583","27732","27485"
"zurich","710","1","0","0","181739","107650","27732","27495"
"zurich","715","0","0","0","181792","107703","27733","27503"
"zurich","720","0","0","0","181831","107742","27733","27509"
"zurich","725","0","0","0","181856","107767","27733","27512"
"zurich","730","0","0","0","181867","107778","27733","27514"
"zurich","735","0","0","0","181865","107776","27733","27513"
"zurich","740","0","0","0","181850","107761","27733","27511"
"zurich","745","0","0","0","181823","107734","27733","27507"
"zurich","750","0","0","0","181782","107693","27733","27500"
"zurich","755","0","0","0","181729","107640","27733","27492"
"zurich","760","0","0","0","181662","107573","27733","27482"
"zurich","765","0","0","0","181581","107492","27733","27470"
"zurich","770","0","0","0","181486","107397","27733","27455"
"zurich","775","0","0","0","181377","107288","27733","27438"
"zurich","780","0","0","0","181252","107163","27733","27419"
"zurich","785","0","0","0","181110","107021","27733","27398"
"zurich","790","0","0","0","180951","106862","27733","27374"
"zurich","795","0","0","0","180774","106685","27733","27347"
"zurich","800","0","0","0","180577","106488","27733","27317"
"zurich","805","0","0","0","180360","106271","27733","27284"
"zurich","810","0","0","0","180120","106031","27733","27247"
"zurich","815","0","0","0","179856","105767","27733","27207"
"zurich","820","0","0","0","179566","105477","27733","27163"
"zurich","825","0","0","0","179248","105159","27733","27115"
"zurich","830","0","0","0","178901","104812","27733","27062"
"zurich","835","0","0","0","178521","104432","27733","27004"
"zurich","840","0","0","0","178106","104017","27733","26941"
"zurich","845","0","0","0","177655","103566","27733","26873"
"zurich","850","0","0","0","177163","103074","27733","26798"
"zurich","855","0","0","0","176627","102538","27733","26717"
"zurich","860","0","0","0","176045","101956","27733","26628"
"zurich","865","0","0","0","175413","101324","27733","26532"
"zurich","870","0","0","0","174728","100639","27733","26428"
"zurich","875","0","0","0","173984","99895","27733","26315"
"zurich","880","0","0","0","173178","99089","27733","26192"
"zurich","885","0","0","0","172306","98217","27733","26060"
"zurich","890","0","0","0","171363","97274","27733","25916"
"zurich","895","0","0","0","170344","96255","27733","25761"
"zurich","900","0","2129","0","169245","95156","27733","25594"
"zurich","905","26","4210","0","168059","93970","27712","25414"
"zurich","910","103","5967","140","166783","92694","27651","25220"
"zurich","915","232","9149","196","165411","91322","27548","25011"
"zurich","920","412","11183","381","163937","89848","27404","24787"
"zurich","925","641","13131","718","162356","88267","27220","24547"
"zurich","930","907","14512","854","160663","86574","26999","24289"
"zurich","935","1202","15847","1556","158852","84763","26744","24014"
"zurich","940","1514","17559","1747","156920","82831","26455","23720"
"zurich","945","1837","18142","1913","154862","80773","26134","23408"
"zurich","950","2166","18962","2067","152673","78584","25781","23075"
"zurich","955","2499","19577","2094","150350","76261","25397","22722"
"zurich","960","2833","20197","3029","147891","73802","24982","22348"
"zurich","965","3169","20962","2929","145293","71204","24536","21954"
"zurich","970","3505","23074","3948","142556","68467","24060","21538"
"zurich","975","3841","23538","4230","139679","65590","23552","21101"
"zurich","980","4177","22676","5861","136664","62575","23014","20643"
"zurich","985","4514","23158","6811","133513","59424","22445","20165"
"zurich","990","4850","22723","7874","130230","56141","21845","19667"
"zurich","995","5187","23227","8817","126820","52731","21214","19150"
"zurich","1000","5523","23617","9296","123290","49201","20553","18614"
"zurich","1005","5860","24251","9705","119649","45560","19861","18062"
"zurich","1010","6196","24619","9583","115906","41817","19137","17495"
"zurich","1015","6533","26343","10437","112072","37983","18383","16914"
"zurich","1020","6869","27465","10924","108159","34070","17599","16321"
"zurich","1025","7206","27380","11483","104182","30093","16783","15718"
"zurich","1030","7543","27414","11456","100155","26066","15937","15109"
"zurich","1035","7879","28021","11199","96093","22004","15059","14494"
"zurich","1040","8216","27964","11863","92013","17924","14151","13876"
"zurich","1045","8553","26210","12577","87931","13842","13213","13259"
"zurich","1050","8889","26267","13188","83862","9773","12243","12643"
"zurich","1055","9174","25996","13186","79824","5735","11284","12033"
"zurich","1060","9356","26668","13300","75832","1743","10376","11429"
"zurich","1065","9435","26970","13665","71900","-2189","9520","10835"
"zurich","1070","9411","27611","14121","68043","-6046","8715","10252"
"zurich","1075","9291","27399","14055","64274","-9815","7959","9683"
"zurich","1080","9095","29524","13754","60604","-13485","7245","9129"
"zurich","1085","8842","28367","14305","57043","-17046","6571","8592"
"zurich","1090","8554","30306","14393","53601","-20488","5933","8072"
"zurich","1095","8246","30350","14082","50284","-23805","5328","7572"
"zurich","1100","7924","29151","13367","47098","-26991","4755","7091"
"zurich","1105","7596","30168","13823","44048","-30041","4215","6631"
"zurich","1110","7263","30141","13632","41136","-32953","3705","6192"
"zurich","1115","6929","31700","12207","38364","-35725","3226","5774"
"zurich","1120","6594","30484","11591","35732","-38357","2778","5377"
"zurich","1125","6258","30782","10848","33240","-40849","2361","5002"
"zurich","1130","5922","29776","10723","30886","-43203","1975","4647"
"zurich","1135","5586","28669","10626","28667","-45422","1620","4313"
"zurich","1140","5249","30073","10892","26580","-47509","1295","3998"
"zurich","1145","4913","30198","10610","24621","-49468","1002","3703"
"zurich","1150","4577","30013","9764","22786","-51303","739","3427"
"zurich","1155","4241","28597","8698","21070","-53019","507","3169"
"zurich","1160","3904","25866","8631","19468","-54621","305","2927"
"zurich","1165","3568","20697","7913","17974","-56115","135","2703"
"zurich","1170","3231","17918","7680","16583","-57506","-5","2493"
"zurich","1175","2895","15276","7857","15291","-58798","-114","2299"
"zurich","1180","2558","12500","7461","14090","-59999","-192","2118"
"zurich","1185","2222","9164","7098","12977","-61112","-239","1951"
"zurich","1190","1885","6444","6393","11946","-62143","-255","1796"
"zurich","1195","1549","4637","6119","10991","-63098","-241","1652"
"zurich","1200","1212","3143","5416","10108","-63981","-196","1519"
"zurich","1205","901","2926","4648","9293","-64796","-140","1397"
"zurich","1210","642","2214","3767","8540","-65549","-95","1283"
"zurich","1215","434","1432","2807","7845","-66244","-60","1179"
"zurich","1220","277","964","2211","7205","-66884","-36","1083"
"zurich","1225","169","873","1839","6615","-67474","-20","994"
"zurich","1230","99","505","1443","6071","-68018","-11","912"
"zurich","1235","57","485","1272","5571","-68518","-6","837"
"zurich","1240","32","282","1134","5111","-68978","-3","768"
"zurich","1245","18","137","1134","4688","-69401","-1","704"
"zurich","1250","11","97","982","4299","-69790","-1","646"
"zurich","1255","7","37","515","3942","-70147","0","592"
"zurich","1260","5","27","332","3614","-70475","0","543"
"zurich","1265","3","0","332","3312","-70777","0","497"
"zurich","1270","3","0","149","3036","-71053","0","456"
"zurich","1275","2","0","0","2782","-71307","0","418"
"zurich","1280","2","0","0","2549","-71540","0","383"
"zurich","1285","2","0","0","2335","-71754","0","351"
"zurich","1290","1","0","0","2139","-71950","0","321"
"zurich","1295","1","0","0","1960","-72129","0","294"
"zurich","1300","1","0","0","1795","-72294","0","269"
"zurich","1305","1","0","0","1644","-72445","0","247"
"zurich","1310","1","0","0","1505","-72584","0","226"
"zurich","1315","0","0","0","1378","-72711","0","207"
"zurich","1320","0","0","0","1262","-72827","0","189"
"zurich","1325","0","0","0","1156","-72933","0","173"
"zurich","1330","0","0","0","1058","-73031","0","159"
"zurich","1335","0","0","0","969","-73120","0","145"
"zurich","1340","0","0","0","887","-73202","0","133"
"zurich","1345","0","0","0","812","-73277","0","122"
"zurich","1350","0","0","0","743","-73346","0","112"
"zurich","1355","0","0","0","680","-73409","0","102"
"zurich","1360","0","0","0","623","-73466","0","93"
"zurich","1365","0","0","0","570","-73519","0","86"
"zurich","1370","0","0","0","522","-73567","0","78"
"zurich","1375","0","0","0","478","-73611","0","72"
"zurich","1380","0","0","0","437","-73652","0","66"
"zurich","1385","0","0","0","400","-73689","0","60"
"zurich","1390","0","0","0","366","-73723","0","55"
"zurich","1395","0","0","0","335","-73754","0","50"
"zurich","1400","0","0","0","307","-73782","0","46"
"zurich","1405","0","0","0","281","-73808","0","42"
"zurich","1410","0","0","0","257","-73832","0","39"
"zurich","1415","0","0","0","235","-73854","0","35"
"zurich","1420","0","0","0","215","-73874","0","32"
"zurich","1425","0","0","0","197","-73892","0","30"
"zurich","1430","0","0","0","180","-73909","0","27"
"zurich","1435","0","0","0","165","-73924","0","25"
"zurich","1440","0","0","0","151","-73938","0","23"
"geneva","0","0","0","0","4","-55874","0","3"
"geneva","5","0","0","0","4","-55874","0","3"
"geneva","10","0","0","0","5","-55873","0","4"
"geneva","15","0","0","0","6","-55872","0","4"
"geneva","20","0","0","0","6","-55872","0","5"
"geneva","25","0","0","0","7","-55871","0","5"
"geneva","30","0","0","0","8","-55870","0","6"
"geneva","35","0","0","0","9","-55869","0","7"
"geneva","40","0","0","0","10","-55868","0","7"
"geneva","45","0","0","0","11","-55867","0","8"
"geneva","50","0","0","0","13","-55865","0","9"
"geneva","55","0","0","0","14","-55864","0","11"
"geneva","60","0","0","0","16","-55862","0","12"
"geneva","65","0","0","0","18","-55860","0","13"
"geneva","70","0","0","0","20","-55858","0","15"
"geneva","75","0","0","0","22","-55856","0","17"
"geneva","80","0","0","0","25","-55853","0","19"
"geneva","85","0","0","0","28","-55850","0","22"
"geneva","90","0","0","0","32","-55846","0","24"
"geneva","95","0","0","0","36","-55842","0","27"
"geneva","100","0","0","0","40","-55838","0","31"
"geneva","105","0","0","0","45","-55833","0","35"
"geneva","110","0","0","0","51","-55827","0","39"
"geneva","115","0","0","0","57","-55821","0","44"
"geneva","120","0","0","0","64","-55814","0","49"
"geneva","125","0","0","0","71","-55807","0","55"
"geneva","130","0","0","0","80","-55798","0","62"
"geneva","135","0","0","0","90","-55788","0","70"
"geneva","140","0","0","0","101","-55777","0","79"
"geneva","145","0","0","0","113","-55765","0","89"
"geneva","150","0","0","0","127","-55751","0","100"
"geneva","155","0","0","0","142","-55736","0","112"
"geneva","160","0","0","0","159","-55719","0","126"
"geneva","165","0","0","0","179","-55699","0","142"
"geneva","170","0","0","0","200","-55678","0","160"
"geneva","175","0","0","0","224","-55654","0","180"
"geneva","180","0","0","0","251","-55627","0","202"
"geneva","185","0","0","0","281","-55597","0","227"
"geneva","190","0","0","0","314","-55564","0","255"
"geneva","195","0","0","0","352","-55526","0","287"
"geneva","200","0","0","0","394","-55484","0","323"
"geneva","205","0","0","0","441","-55437","0","363"
"geneva","210","0","0","0","493","-55385","0","407"
"geneva","215","0","0","0","551","-55327","0","458"
"geneva","220","0","0","0","616","-55262","0","514"
"geneva","225","0","0","0","689","-55189","0","578"
"geneva","230","0","0","0","770","-55108","0","649"
"geneva","235","0","0","0","861","-55017","0","729"
"geneva","240","0","0","0","962","-54916","0","819"
"geneva","245","0","0","0","1076","-54802","0","920"
"geneva","250","0","0","0","1203","-54675","0","1033"
"geneva","255","0","0","0","1345","-54533","0","1160"
"geneva","260","0","0","0","1504","-54374","0","1303"
"geneva","265","0","0","0","1683","-54195","0","1463"
"geneva","270","0","0","0","1884","-53994","0","1643"
"geneva","275","0","0","0","2111","-53767","0","1844"
"geneva","280","0","0","0","2366","-53512","0","2071"
"geneva","285","0","0","0","2655","-53223","0","2325"
"geneva","290","0","731","0","2981","-52897","0","2610"
"geneva","295","0","928","0","3352","-52526","0","2930"
"geneva","300","0","1153","0","3772","-52106","0","3289"
"geneva","305","54","1351","0","4251","-51627","-1","3692"
"geneva","310","216","1351","0","4797","-51081","-4","4144"
"geneva","315","486","1643","169","5418","-50460","-10","4650"
"geneva","320","864","1840","348","6127","-49751","-17","5217"
"geneva","325","1343","1861","348","6934","-48944","-21","5851"
"geneva","330","1903","1861","348","7852","-48026","-1","6558"
"geneva","335","2528","1871","417","8894","-46984","58","7347"
"geneva","340","3201","2015","447","10075","-45803","172","8225"
"geneva","345","3907","2212","261","11407","-44471","357","9199"
"geneva","350","4629","2023","261","12904","-42974","629","10277"
"geneva","355","5359","2074","291","14578","-41300","998","11465"
"geneva","360","6093","2254","356","16442","-39436","1465","12770"
"geneva","365","6832","2889","356","18505","-37373","2033","14199"
"geneva","370","7572","2705","246","20774","-35104","2702","15756"
"geneva","375","8314","2674","359","23256","-32622","3473","17445"
"geneva","380","9056","2773","524","25951","-29927","4348","19267"
"geneva","385","9797","2387","459","28859","-27019","5327","21224"
"geneva","390","10539","1829","570","31974","-23904","6409","23312"
"geneva","395","11281","2209","697","35288","-20590","7594","25529"
"geneva","400","12023","2243","792","38789","-17089","8884","27867"
"geneva","405","12765","2261","993","42459","-13419","10277","30317"
"geneva","410","13507","2294","1336","46278","-9600","11774","32869"
"geneva","415","14249","1882","1636","50224","-5654","13374","35509"
"geneva","420","14990","2028","1824","54270","-1608","15078","38220"
"geneva","425","15732","1651","1826","58387","2509","16886","40986"
"geneva","430","16474","1764","1657","62545","6667","18798","43788"
"geneva","435","17216","1970","1596","66714","10836","20813","46605"
"geneva","440","17958","1965","1796","70863","14985","22931","49418"
"geneva","445","18700","2129","1923","74963","19085","25154","52207"
"geneva","450","19442","1974","2165","78986","23108","27480","54952"
"geneva","455","20076","2141","1683","82905","27027","29912","57635"
"geneva","460","20493","1997","1791","86698","30820","32452","60242"
"geneva","465","20695","2397","1653","90346","34468","35100","62756"
"geneva","470","20681","2732","1520","93833","37955","37856","65166"
"geneva","475","20465","3035","1520","97145","41267","40707","67463"
"geneva","480","20087","2880","1041","100274","44396","43616","69638"
"geneva","485","19579","3091","1009","103215","47337","46550","71689"
"geneva","490","18975","3293","1416","105964","50086","49477","73610"
"geneva","495","18305","2964","1205","108523","52645","52365","75403"
"geneva","500","17602","2377","1331","110895","55017","55184","77068"
"geneva","505","16884","2363","1459","113083","57205","57913","78608"
"geneva","510","16157","2500","1340","115095","59217","60548","80026"
"geneva","515","15422","2090","1051","116939","61061","63086","81328"
"geneva","520","14683","1772","1033","118622","62744","65526","82519"
"geneva","525","13942","1688","864","120156","64278","67865","83606"
"geneva","530","13200","1477","825","121548","65670","70099","84594"
"geneva","535","12458","2264","521","122810","66932","72231","85491"
"geneva","540","11717","2456","669","123951","68073","74258","86303"
"geneva","545","10975","2232","669","124981","69103","76182","87036"
"geneva","550","10233","2585","776","125908","70030","78003","87697"
"geneva","555","9491","2239","628","126742","70864","79720","88292"
"geneva","560","8749","2139","790","127490","71612","81333","88828"
"geneva","565","8007","2306","662","128161","72283","82842","89308"
"geneva","570","7265","2593","511","128763","72885","84248","89738"
"geneva","575","6524","2593","511","129300","73422","85550","90124"
"geneva","580","5782","2593","528","129781","73903","86748","90468"
"geneva","585","5040","2580","366","130210","74332","87843","90776"
"geneva","590","4298","2369","203","130593","74715","88834","91051"
"geneva","595","3556","2170","203","130934","75056","89722","91297"
"geneva","600","2814","2170","203","131238","75360","90505","91516"
"geneva","605","2126","1579","24","131509","75631","91184","91710"
"geneva","610","1547","1339","24","131750","75872","91758","91884"
"geneva","615","1075","1142","24","131964","76086","92225","92038"
"geneva","620","711","1107","24","132154","76276","92587","92175"
"geneva","625","448","983","24","132322","76444","92849","92296"
"geneva","630","266","983","24","132472","76594","93030","92404"
"geneva","635","149","654","24","132604","76726","93147","92500"
"geneva","640","80","259","24","132721","76843","93216","92585"
"geneva","645","44","259","24","132825","76947","93252","92659"
"geneva","650","25","259","24","132916","77038","93271","92725"
"geneva","655","13","164","24","132997","77119","93283","92783"
"geneva","660","5","164","24","133067","77189","93291","92834"
"geneva","665","2","164","24","133129","77251","93294","92879"
"geneva","670","1","146","24","133183","77305","93295","92918"
"geneva","675","0","0","0","133230","77352","93296","92951"
"geneva","680","0","0","0","133270","77392","93296","92980"
"geneva","685","0","0","0","133304","77426","93296","93005"
"geneva","690","0","0","0","133333","77455","93296","93025"
"geneva","695","0","0","0","133357","77479","93296","93042"
"geneva","700","0","0","0","133376","77498","93296","93056"
"geneva","705","0","0","0","133391","77513","93296","93066"
"geneva","710","0","0","0","133402","77524","93296","93074"
"geneva","715","0","0","0","133409","77531","93296","93078"
"geneva","720","0","0","0","133412","77534","93296","93080"
"geneva","725","0","0","0","133412","77534","93296","93079"
"geneva","730","0","0","0","133408","77530","93296","93076"
"geneva","735","0","0","0","133400","77522","93296","93069"
"geneva","740","0","0","0","133389","77511","93296","93060"
"geneva","745","0","0","0","133374","77496","93296","93049"
"geneva","750","0","0","0","133355","77477","93296","93034"
"geneva","755","0","0","0","133332","77454","93296","93016"
"geneva","760","0","0","0","133305","77427","93296","92995"
"geneva","765","0","0","0","133273","77395","93296","92971"
"geneva","770","0","0","0","133236","77358","93296","92943"
"geneva","775","0","0","0","133194","77316","93296","92911"
"geneva","780","0","0","0","133146","77268","93296","92875"
"geneva","785","0","0","0","133092","77214","93296","92834"
"geneva","790","0","0","0","133031","77153","93296","92789"
"geneva","795","0","0","0","132962","77084","93296","92737"
"geneva","800","0","0","0","132884","77006","93296","92679"
"geneva","805","0","0","0","132798","76920","93296","92615"
"geneva","810","0","0","0","132701","76823","93296","92543"
"geneva","815","0","0","0","132594","76716","93296","92463"
"geneva","820","0","0","0","132473","76595","93296","92375"
"geneva","825","0","0","0","132339","76461","93296","92276"
"geneva","830","0","0","0","132190","76312","93296","92166"
"geneva","835","0","0","0","132024","76146","93296","92044"
"geneva","840","0","0","0","131839","75961","93296","91909"
"geneva","845","0","0","0","131633","75755","93296","91759"
"geneva","850","0","0","0","131405","75527","93296","91593"
"geneva","855","0","0","0","131151","75273","93296","91409"
"geneva","860","0","0","0","130870","74992","93296","91205"
"geneva","865","0","0","0","130557","74679","93296","90980"
"geneva","870","0","0","0","130211","74333","93296","90731"
"geneva","875","0","0","0","129826","73948","93296","90456"
"geneva","880","0","0","0","129401","73523","93296","90151"
"geneva","885","0","0","0","128929","73051","93296","89816"
"geneva","890","0","0","0","128408","72530","93296","89446"
"geneva","895","0","0","0","127831","71953","93296","89038"
"geneva","900","0","184","0","127195","71317","93296","88589"
"geneva","905","54","381","0","126492","70614","93243","88095"
"geneva","910","216","869","0","125718","69840","93084","87552"
"geneva","915","486","1083","0","124865","68987","92820","86957"
"geneva","920","864","1207","0","123928","68050","92449","86305"
"geneva","925","1341","1597","179","122900","67022","91974","85592"
"geneva","930","1897","1597","179","121773","65895","91394","84812"
"geneva","935","2513","1794","304","120541","64663","90710","83963"
"geneva","940","3173","2184","487","119197","63319","89923","83038"
"geneva","945","3864","2168","600","117733","61855","89032","82034"
"geneva","950","4574","2074","626","116144","60266","88037","80946"
"geneva","955","5292","1876","512","114422","58544","86939","79771"
"geneva","960","6013","1876","536","112564","56686","85736","78504"
"geneva","965","6735","2234","568","110564","54686","84431","77143"
"geneva","970","7459","2240","568","108419","52541","83021","75686"
"geneva","975","8183","2341","385","106128","50250","81508","74130"
"geneva","980","8907","2168","315","103689","47811","79892","72475"
"geneva","985","9631","2173","299","101104","45226","78171","70721"
"geneva","990","10355","2173","299","98377","42499","76347","68870"
"geneva","995","11079","2168","351","95512","39634","74419","66925"
"geneva","1000","11804","2313","504","92517","36639","72388","64891"
"geneva","1005","12528","2225","520","89402","33524","70253","62772"
"geneva","1010","13252","2625","763","86178","30300","68014","60576"
"geneva","1015","13976","2638","843","82859","26981","65672","58311"
"geneva","1020","14700","2564","1023","79460","23582","63226","55988"
"geneva","1025","15424","2726","1182","75998","20120","60676","53617"
"geneva","1030","16149","2578","1478","72492","16614","58023","51210"
"geneva","1035","16873","2600","1784","68960","13082","55266","48780"
"geneva","1040","17597","2613","2340","65422","9544","52405","46339"
"geneva","1045","18321","2704","2177","61896","6018","49441","43901"
"geneva","1050","19045","3592","2007","58403","2525","46373","41479"
"geneva","1055","19661","3638","2025","54960","-918","43307","39086"
"geneva","1060","20062","3487","1883","51584","-4294","40349","36733"
"geneva","1065","20246","3546","1755","48292","-7586","37499","34434"
"geneva","1070","20215","3332","1584","45098","-10780","34757","32197"
"geneva","1075","19985","3415","1315","42013","-13865","32122","30031"
"geneva","1080","19597","3065","1156","39047","-16831","29592","27945"
"geneva","1085","19088","3115","1471","36210","-19668","27166","25945"
"geneva","1090","18492","3043","1742","33508","-22370","24843","24036"
"geneva","1095","17834","2866","2197","30944","-24934","22624","22221"
"geneva","1100","17139","2746","2109","28521","-27357","20509","20503"
"geneva","1105","16428","2579","2327","26240","-29638","18498","18882"
"geneva","1110","15710","2595","1977","24100","-31778","16590","17359"
"geneva","1115","14989","2711","1721","22099","-33779","14786","15933"
"geneva","1120","14265","2711","1445","20234","-35644","13086","14601"
"geneva","1125","13542","2902","1172","18500","-37378","11489","13362"
"geneva","1130","12818","2911","1081","16893","-38985","9996","12211"
"geneva","1135","12094","3146","677","15407","-40471","8606","11146"
"geneva","1140","11370","3320","588","14036","-41842","7320","10162"
"geneva","1145","10646","3495","574","12774","-43104","6138","9255"
"geneva","1150","9922","3487","544","11614","-44264","5060","8421"
"geneva","1155","9197","2960","310","10550","-45328","4085","7655"
"geneva","1160","8473","2960","292","9576","-46302","3214","6953"
"geneva","1165","7749","2739","366","8686","-47192","2446","6311"
"geneva","1170","7025","2268","516","7873","-48005","1782","5724"
"geneva","1175","6301","2071","595","7132","-48746","1222","5188"
"geneva","1180","5577","1485","595","6457","-49421","766","4700"
"geneva","1185","4852","1429","737","5843","-50035","413","4256"
"geneva","1190","4128","855","649","5285","-50593","164","3852"
"geneva","1195","3404","659","545","4778","-51100","18","3484"
"geneva","1200","2680","659","215","4319","-51559","-24","3151"
"geneva","1205","2010","648","215","3902","-51976","-15","2848"
"geneva","1210","1448","452","215","3524","-52354","-8","2574"
"geneva","1215","993","406","200","3182","-52696","-4","2325"
"geneva","1220","647","406","14","2872","-53006","-1","2100"
"geneva","1225","400","81","14","2592","-53286","0","1896"
"geneva","1230","232","48","14","2339","-53539","0","1712"
"geneva","1235","124","45","14","2110","-53768","0","1545"
"geneva","1240","60","27","14","1903","-53975","0","1394"
"geneva","1245","27","9","14","1716","-54162","0","1258"
"geneva","1250","12","9","0","1548","-54330","0","1135"
"geneva","1255","5","9","0","1395","-54483","0","1023"
"geneva","1260","2","9","0","1258","-54620","0","923"
"geneva","1265","1","9","0","1134","-54744","0","832"
"geneva","1270","1","9","0","1022","-54856","0","751"
"geneva","1275","0","9","0","921","-54957","0","677"
"geneva","1280","0","9","0","830","-55048","0","610"
"geneva","1285","0","9","0","748","-55130","0","550"
"geneva","1290","0","0","0","674","-55204","0","496"
"geneva","1295","0","0","0","607","-55271","0","447"
"geneva","1300","0","0","0","547","-55331","0","403"
"geneva","1305","0","0","0","493","-55385","0","363"
"geneva","1310","0","0","0","444","-55434","0","327"
"geneva","1315","0","0","0","400","-55478","0","295"
"geneva","1320","0","0","0","361","-55517","0","266"
"geneva","1325","0","0","0","325","-55553","0","240"
"geneva","1330","0","0","0","293","-55585","0","216"
"geneva","1335","0","0","0","264","-55614","0","195"
"geneva","1340","0","0","0","237","-55641","0","175"
"geneva","1345","0","0","0","214","-55664","0","158"
"geneva","1350","0","0","0","193","-55685","0","142"
"geneva","1355","0","0","0","174","-55704","0","128"
"geneva","1360","0","0","0","156","-55722","0","116"
"geneva","1365","0","0","0","141","-55737","0","104"
"geneva","1370","0","0","0","127","-55751","0","94"
"geneva","1375","0","0","0","114","-55764","0","85"
"geneva","1380","0","0","0","103","-55775","0","76"
"geneva","1385","0","0","0","93","-55785","0","69"
"geneva","1390","0","0","0","83","-55795","0","62"
"geneva","1395","0","0","0","75","-55803","0","56"
"geneva","1400","0","0","0","68","-55810","0","50"
"geneva","1405","0","0","0","61","-55817","0","45"
"geneva","1410","0","0","0","55","-55823","0","41"
"geneva","1415","0","0","0","49","-55829","0","37"
"geneva","1420","0","0","0","45","-55833","0","33"
"geneva","1425","0","0","0","40","-55838","0","30"
"geneva","1430","0","0","0","36","-55842","0","27"
"geneva","1435","0","0","0","33","-55845","0","24"
"geneva","1440","0","0","0","29","-55849","0","22"
"basel","0","0","0","0","5","-32554","0","1"
"basel","5","0","0","0","6","-32553","0","1"
"basel","10","0","0","0","7","-32552","0","1"
"basel","15","0","0","0","7","-32552","0","1"
"basel","20","0","0","0","8","-32551","0","1"
"basel","25","0","0","0","9","-32550","0","1"
"basel","30","0","0","0","10","-32549","0","1"
"basel","35","0","0","0","11","-32548","0","1"
"basel","40","0","0","0","12","-32547","0","2"
"basel","45","0","0","0","14","-32545","0","2"
"basel","50","0","0","0","15","-32544","0","2"
"basel","55","0","0","0","17","-32542","0","2"
"basel","60","0","0","0","19","-32540","0","2"
"basel","65","0","0","0","21","-32538","0","3"
"basel","70","0","0","0","23","-32536","0","3"
"basel","75","0","0","0","26","-32533","0","3"
"basel","80","0","0","0","29","-32530","0","4"
"basel","85","0","0","0","32","-32527","0","4"
"basel","90","0","0","0","35","-32524","0","5"
"basel","95","0","0","0","39","-32520","0","5"
"basel","100","0","0","0","44","-32515","0","6"
"basel","105","0","0","0","49","-32510","0","6"
"basel","110","0","0","0","54","-32505","0","7"
"basel","115","0","0","0","60","-32499","0","8"
"basel","120","0","0","0","67","-32492","0","9"
"basel","125","0","0","0","74","-32485","0","10"
"basel","130","0","0","0","82","-32477","0","11"
"basel","135","0","0","0","92","-32467","0","12"
"basel","140","0","0","0","102","-32457","0","14"
"basel","145","0","0","0","113","-32446","0","15"
"basel","150","0","0","0","126","-32433","0","17"
"basel","155","0","0","0","140","-32419","0","19"
"basel","160","0","0","0","155","-32404","0","21"
"basel","165","0","0","0","173","-32386","0","23"
"basel","170","0","0","0","192","-32367","0","26"
"basel","175","0","0","0","214","-32345","0","29"
"basel","180","0","0","0","237","-32322","0","32"
"basel","185","0","0","0","264","-32295","0","36"
"basel","190","0","0","0","294","-32265","0","40"
"basel","195","0","0","0","326","-32233","0","44"
"basel","200","0","0","0","363","-32196","0","49"
"basel","205","0","0","0","403","-32156","0","55"
"basel","210","0","0","0","448","-32111","0","61"
"basel","215","0","0","0","499","-32060","0","68"
"basel","220","0","0","0","554","-32005","0","75"
"basel","225","0","0","0","616","-31943","0","84"
"basel","230","0","0","0","685","-31874","0","93"
"basel","235","0","0","0","761","-31798","0","104"
"basel","240","0","0","0","846","-31713","0","115"
"basel","245","0","0","0","941","-31618","0","128"
"basel","250","0","0","0","1045","-31514","0","143"
"basel","255","0","0","0","1161","-31398","0","159"
"basel","260","0","0","0","1291","-31268","0","176"
"basel","265","0","0","0","1434","-31125","0","196"
"basel","270","0","0","0","1592","-30967","0","218"
"basel","275","0","0","0","1769","-30790","0","243"
"basel","280","0","0","0","1964","-30595","0","270"
"basel","285","0","0","0","2180","-30379","0","300"
"basel","290","0","1499","0","2419","-30140","0","333"
"basel","295","0","2350","0","2684","-29875","0","370"
"basel","300","0","3143","0","2977","-29582","0","410"
"basel","305","9","3591","0","3301","-29258","-2","455"
"basel","310","37","3617","199","3659","-28900","-6","505"
"basel","315","83","4223","456","4053","-28506","-14","560"
"basel","320","145","4379","820","4488","-28071","-23","621"
"basel","325","220","4745","820","4966","-27593","-30","688"
"basel","330","300","4386","820","5492","-27067","-30","762"
"basel","335","384","4005","1295","6070","-26489","-21","842"
"basel","340","469","3571","1191","6703","-25856","-2","931"
"basel","345","556","3179","1370","7396","-25163","30","1028"
"basel","350","643","3480","1715","8152","-24407","73","1135"
"basel","355","730","2747","2054","8977","-23582","128","1251"
"basel","360","818","2945","2851","9875","-22684","195","1377"
"basel","365","905","3181","4020","10848","-21711","275","1514"
"basel","370","993","3190","4027","11901","-20658","367","1662"
"basel","375","1080","3549","4010","13038","-19521","472","1822"
"basel","380","1167","3740","3794","14260","-18299","589","1995"
"basel","385","1255","3428","3545","15571","-16988","718","2179"
"basel","390","1342","3849","3600","16970","-15589","859","2377"
"basel","395","1430","3473","4053","18459","-14100","1013","2587"
"basel","400","1517","3004","4023","20037","-12522","1179","2809"
"basel","405","1605","3389","3758","21701","-10858","1358","3044"
"basel","410","1692","3462","5078","23448","-9111","1549","3291"
"basel","415","1779","3745","4956","25274","-7285","1752","3548"
"basel","420","1867","3080","5242","27172","-5387","1967","3816"
"basel","425","1954","2900","5958","29134","-3425","2195","4092"
"basel","430","2042","2785","4797","31153","-1406","2435","4376"
"basel","435","2129","2499","6030","33219","660","2688","4667"
"basel","440","2217","2146","6548","35320","2761","2953","4962"
"basel","445","2304","1793","7666","37444","4885","3230","5260"
"basel","450","2392","2559","7533","39581","7022","3520","5560"
"basel","455","2461","2633","7781","41718","9159","3825","5859"
"basel","460","2493","2703","8665","43842","11283","4148","6156"
"basel","465","2488","2667","7944","45941","13382","4490","6449"
"basel","470","2451","3243","9867","48006","15447","4847","6736"
"basel","475","2390","3162","8568","50024","17465","5212","7017"
"basel","480","2316","2984","9012","51988","19429","5576","7290"
"basel","485","2236","3121","8454","53888","21329","5935","7553"
"basel","490","2152","3585","8456","55717","23158","6284","7806"
"basel","495","2067","3269","9331","57471","24912","6622","8048"
"basel","500","1980","2798","7716","59144","26585","6948","8279"
"basel","505","1893","2771","7195","60733","28174","7264","8497"
"basel","510","1806","2099","7433","62236","29677","7566","8704"
"basel","515","1718","2247","7071","63653","31094","7857","8898"
"basel","520","1631","2598","5862","64984","32425","8135","9080"
"basel","525","1543","2443","5898","66229","33670","8400","9250"
"basel","530","1456","2567","5485","67390","34831","8654","9409"
"basel","535","1368","2581","5436","68470","35911","8895","9556"
"basel","540","1281","2590","4993","69472","36913","9124","9692"
"basel","545","1193","2771","4595","70399","37840","9340","9817"
"basel","550","1106","2587","4313","71253","38694","9544","9933"
"basel","555","1019","2883","3766","72040","39481","9736","10040"
"basel","560","931","3078","3404","72763","40204","9915","10137"
"basel","565","844","2826","2844","73426","40867","10082","10227"
"basel","570","756","2483","2950","74033","41474","10237","10309"
"basel","575","669","2312","3302","74588","42029","10379","10383"
"basel","580","581","2114","3204","75094","42535","10509","10451"
"basel","585","494","1557","2735","75555","42996","10627","10513"
"basel","590","407","1463","2235","75974","43415","10732","10569"
"basel","595","319","798","1703","76355","43796","10825","10620"
"basel","600","232","401","1514","76701","44142","10906","10666"
"basel","605","153","386","926","77015","44456","10972","10708"
"basel","610","94","142","509","77299","44740","11024","10746"
"basel","615","52","119","509","77555","44996","11060","10780"
"basel","620","27","49","378","77787","45228","11082","10811"
"basel","625","14","14","0","77997","45438","11094","10839"
"basel","630","7","14","0","78186","45627","11100","10864"
"basel","635","3","14","0","78355","45796","11103","10887"
"basel","640","1","0","0","78508","45949","11105","10907"
"basel","645","0","0","0","78645","46086","11106","10925"
"basel","650","0","0","0","78768","46209","11106","10941"
"basel","655","0","0","0","78877","46318","11106","10956"
"basel","660","0","0","0","78975","46416","11106","10969"
"basel","665","0","0","0","79062","46503","11106","10980"
"basel","670","0","0","0","79139","46580","11106","10990"
"basel","675","0","0","0","79206","46647","11106","10999"
"basel","680","0","0","0","79265","46706","11106","11007"
"basel","685","0","0","0","79317","46758","11106","11013"
"basel","690","0","0","0","79361","46802","11106","11019"
"basel","695","0","0","0","79398","46839","11106","11024"
"basel","700","0","0","0","79430","46871","11106","11028"
"basel","705","0","0","0","79455","46896","11106","11031"
"basel","710","0","0","0","79474","46915","11106","11034"
"basel","715","0","0","0","79489","46930","11106","11035"
"basel","720","0","0","0","79498","46939","11106","11036"
"basel","725","0","0","0","79502","46943","11106","11037"
"basel","730","0","0","0","79501","46942","11106","11036"
"basel","735","0","0","0","79495","46936","11106","11035"
"basel","740","0","0","0","79485","46926","11106","11034"
"basel","745","0","0","0","79470","46911","11106","11032"
"basel","750","0","0","0","79450","46891","11106","11029"
"basel","755","0","0","0","79425","46866","11106","11025"
"basel","760","0","0","0","79394","46835","11106","11021"
"basel","765","0","0","0","79359","46800","11106","11016"
"basel","770","0","0","0","79317","46758","11106","11010"
"basel","775","0","0","0","79270","46711","11106","11003"
"basel","780","0","0","0","79217","46658","11106","10996"
"basel","785","0","0","0","79157","46598","11106","10987"
"basel","790","0","0","0","79089","46530","11106","10978"
"basel","795","0","0","0","79015","46456","11106","10967"
"basel","800","0","0","0","78932","46373","11106","10955"
"basel","805","0","0","0","78840","46281","11106","10943"
"basel","810","0","0","0","78739","46180","11106","10928"
"basel","815","0","0","0","78627","46068","11106","10913"
"basel","820","0","0","0","78505","45946","11106","10895"
"basel","825","0","0","0","78371","45812","11106","10877"
"basel","830","0","0","0","78223","45664","11106","10856"
"basel","835","0","0","0","78062","45503","11106","10833"
"basel","840","0","0","0","77886","45327","11106","10808"
"basel","845","0","0","0","77693","45134","11106","10781"
"basel","850","0","0","0","77483","44924","11106","10752"
"basel","855","0","0","0","77253","44694","11106","10720"
"basel","860","0","0","0","77003","44444","11106","10684"
"basel","865","0","0","0","76731","44172","11106","10646"
"basel","870","0","0","0","76434","43875","11106","10604"
"basel","875","0","0","0","76111","43552","11106","10559"
"basel","880","0","0","0","75761","43202","11106","10510"
"basel","885","0","0","0","75380","42821","11106","10456"
"basel","890","0","0","0","74967","42408","11106","10398"
"basel","895","0","0","0","74520","41961","11106","10335"
"basel","900","0","607","0","74036","41477","11106","10267"
"basel","905","9","1021","0","73512","40953","11098","10193"
"basel","910","37","2365","0","72946","40387","11075","10113"
"basel","915","83","2554","0","72336","39777","11037","10027"
"basel","920","145","2822","0","71679","39120","10983","9935"
"basel","925","220","3013","264","70973","38414","10916","9835"
"basel","930","302","3178","432","70214","37655","10837","9728"
"basel","935","387","2800","836","69401","36842","10744","9614"
"basel","940","474","2800","836","68530","35971","10639","9491"
"basel","945","562","2458","1179","67601","35042","10522","9360"
"basel","950","650","2265","1744","66611","34052","10392","9221"
"basel","955","739","2493","2411","65558","32999","10250","9073"
"basel","960","828","2162","2870","64442","31883","10095","8915"
"basel","965","917","2458","2601","63260","30701","9928","8749"
"basel","970","1006","2461","2925","62014","29455","9749","8574"
"basel","975","1095","2717","3458","60703","28144","9557","8390"
"basel","980","1184","2632","3780","59327","26768","9353","8196"
"basel","985","1273","2914","3513","57889","25330","9137","7994"
"basel","990","1362","3544","3579","56391","23832","8908","7784"
"basel","995","1451","4534","3922","54834","22275","8667","7566"
"basel","1000","1540","3781","3810","53224","20665","8413","7340"
"basel","1005","1629","3946","4522","51564","19005","8148","7108"
"basel","1010","1718","4312","5654","49859","17300","7870","6869"
"basel","1015","1807","4500","5462","48115","15556","7579","6625"
"basel","1020","1896","4871","5232","46338","13779","7277","6377"
"basel","1025","1985","4487","6611","44536","11977","6961","6126"
"basel","1030","2074","3911","6333","42715","10156","6634","5872"
"basel","1035","2163","3587","6218","40883","8324","6294","5617"
"basel","1040","2252","4009","7189","39047","6488","5942","5361"
"basel","1045","2341","3289","6878","37216","4657","5578","5107"
"basel","1050","2430","3868","7496","35397","2838","5201","4854"
"basel","1055","2501","3969","7537","33598","1039","4827","4604"
"basel","1060","2535","4064","8202","31825","-734","4472","4359"
"basel","1065","2532","3775","8501","30086","-2473","4135","4118"
"basel","1070","2495","3913","7956","28387","-4172","3816","3883"
"basel","1075","2434","3780","8595","26733","-5826","3511","3654"
"basel","1080","2360","3979","8339","25129","-7430","3220","3433"
"basel","1085","2278","4382","8401","23579","-8980","2942","3219"
"basel","1090","2194","4803","8408","22087","-10472","2676","3013"
"basel","1095","2107","4699","7697","20656","-11903","2423","2816"
"basel","1100","2020","4581","7328","19286","-13273","2183","2628"
"basel","1105","1931","4381","7473","17981","-14578","1955","2449"
"basel","1110","1842","3832","7835","16740","-15819","1739","2278"
"basel","1115","1753","3610","7835","15564","-16995","1536","2117"
"basel","1120","1664","3502","8856","14452","-18107","1345","1965"
"basel","1125","1575","3286","8035","13403","-19156","1167","1821"
"basel","1130","1486","3350","7345","12416","-20143","1001","1686"
"basel","1135","1397","3583","6699","11490","-21069","847","1559"
"basel","1140","1308","3671","6018","10622","-21937","705","1441"
"basel","1145","1219","3325","5187","9811","-22748","576","1330"
"basel","1150","1130","3325","4139","9053","-23506","459","1227"
"basel","1155","1041","2960","3645","8348","-24211","355","1131"
"basel","1160","952","2256","2971","7691","-24868","263","1041"
"basel","1165","863","1642","3377","7081","-25478","183","958"
"basel","1170","774","1084","2467","6516","-26043","115","881"
"basel","1175","685","874","2815","5992","-26567","60","810"
"basel","1180","596","483","2589","5507","-27052","17","744"
"basel","1185","507","321","2286","5059","-27500","-13","683"
"basel","1190","418","154","1908","4645","-27914","-31","627"
"basel","1195","329","154","1834","4263","-28296","-37","575"
"basel","1200","240","145","1392","3910","-28649","-30","527"
"basel","1205","160","145","1075","3586","-28973","-19","483"
"basel","1210","99","116","1075","3288","-29271","-11","443"
"basel","1215","56","104","1075","3013","-29546","-6","406"
"basel","1220","30","51","810","2760","-29799","-3","372"
"basel","1225","16","27","810","2528","-30031","-2","340"
"basel","1230","8","10","467","2315","-30244","-1","312"
"basel","1235","5","10","467","2120","-30439","-1","285"
"basel","1240","2","7","256","1940","-30619","0","261"
"basel","1245","1","7","118","1776","-30783","0","239"
"basel","1250","0","2","29","1625","-30934","0","218"
"basel","1255","0","0","29","1487","-31072","0","200"
"basel","1260","0","0","0","1360","-31199","0","183"
"basel","1265","0","0","0","1244","-31315","0","167"
"basel","1270","0","0","0","1138","-31421","0","153"
"basel","1275","0","0","0","1040","-31519","0","139"
"basel","1280","0","0","0","951","-31608","0","127"
"basel","1285","0","0","0","870","-31689","0","117"
"basel","1290","0","0","0","795","-31764","0","106"
"basel","1295","0","0","0","727","-31832","0","97"
"basel","1300","0","0","0","664","-31895","0","89"
"basel","1305","0","0","0","607","-31952","0","81"
"basel","1310","0","0","0","555","-32004","0","74"
"basel","1315","0","0","0","507","-32052","0","68"
"basel","1320","0","0","0","464","-32095","0","62"
"basel","1325","0","0","0","424","-32135","0","57"
"basel","1330","0","0","0","387","-32172","0","52"
"basel","1335","0","0","0","354","-32205","0","47"
"basel","1340","0","0","0","323","-32236","0","43"
"basel","1345","0","0","0","295","-32264","0","39"
"basel","1350","0","0","0","270","-32289","0","36"
"basel","1355","0","0","0","247","-32312","0","33"
"basel","1360","0","0","0","225","-32334","0","30"
"basel","1365","0","0","0","206","-32353","0","27"
"basel","1370","0","0","0","188","-32371","0","25"
"basel","1375","0","0","0","172","-32387","0","23"
"basel","1380","0","0","0","157","-32402","0","21"
"basel","1385","0","0","0","144","-32415","0","19"
"basel","1390","0","0","0","131","-32428","0","17"
"basel","1395","0","0","0","120","-32439","0","16"
"basel","1400","0","0","0","109","-32450","0","15"
"basel","1405","0","0","0","100","-32459","0","13"
"basel","1410","0","0","0","91","-32468","0","12"
"basel","1415","0","0","0","83","-32476","0","11"
"basel","1420","0","0","0","76","-32483","0","10"
"basel","1425","0","0","0","70","-32489","0","9"
"basel","1430","0","0","0","64","-32495","0","8"
"basel","1435","0","0","0","58","-32501","0","8"
"basel","1440","0","0","0","53","-32506","0","7"
"lausanne","0","0","0","0","4","-17784","0","1"
"lausanne","5","0","0","0","4","-17784","0","1"
"lausanne","10","0","0","0","5","-17783","0","1"
"lausanne","15","0","0","0","5","-17783","0","1"
"lausanne","20","0","0","0","6","-17782","0","1"
"lausanne","25","0","0","0","6","-17782","0","1"
"lausanne","30","0","0","0","7","-17781","0","2"
"lausanne","35","0","0","0","8","-17780","0","2"
"lausanne","40","0","0","0","9","-17779","0","2"
"lausanne","45","0","0","0","10","-17778","0","2"
"lausanne","50","0","0","0","11","-17777","0","2"
"lausanne","55","0","0","0","12","-17776","0","3"
"lausanne","60","0","0","0","13","-17775","0","3"
"lausanne","65","0","0","0","15","-17773","0","3"
"lausanne","70","0","0","0","16","-17772","0","4"
"lausanne","75","0","0","0","18","-17770","0","4"
"lausanne","80","0","0","0","20","-17768","0","4"
"lausanne","85","0","0","0","22","-17766","0","5"
"lausanne","90","0","0","0","24","-17764","0","5"
"lausanne","95","0","0","0","27","-17761","0","6"
"lausanne","100","0","0","0","30","-17758","0","7"
"lausanne","105","0","0","0","33","-17755","0","7"
"lausanne","110","0","0","0","37","-17751","0","8"
"lausanne","115","0","0","0","41","-17747","0","9"
"lausanne","120","0","0","0","45","-17743","0","10"
"lausanne","125","0","0","0","50","-17738","0","11"
"lausanne","130","0","0","0","55","-17733","0","12"
"lausanne","135","0","0","0","61","-17727","0","13"
"lausanne","140","0","0","0","68","-17720","0","15"
"lausanne","145","0","0","0","75","-17713","0","16"
"lausanne","150","0","0","0","83","-17705","0","18"
"lausanne","155","0","0","0","92","-17696","0","20"
"lausanne","160","0","0","0","102","-17686","0","22"
"lausanne","165","0","0","0","113","-17675","0","25"
"lausanne","170","0","0","0","125","-17663","0","27"
"lausanne","175","0","0","0","138","-17650","0","30"
"lausanne","180","0","0","0","153","-17635","0","34"
"lausanne","185","0","0","0","170","-17618","0","37"
"lausanne","190","0","0","0","188","-17600","0","41"
"lausanne","195","0","0","0","208","-17580","0","46"
"lausanne","200","0","0","0","230","-17558","0","50"
"lausanne","205","0","0","0","254","-17534","0","56"
"lausanne","210","0","0","0","281","-17507","0","62"
"lausanne","215","0","0","0","311","-17477","0","68"
"lausanne","220","0","0","0","345","-17443","0","76"
"lausanne","225","0","0","0","381","-17407","0","84"
"lausanne","230","0","0","0","422","-17366","0","93"
"lausanne","235","0","0","0","466","-17322","0","103"
"lausanne","240","0","0","0","516","-17272","0","113"
"lausanne","245","0","0","0","570","-17218","0","125"
"lausanne","250","0","0","0","630","-17158","0","139"
"lausanne","255","0","0","0","697","-17091","0","153"
"lausanne","260","0","0","0","770","-17018","0","170"
"lausanne","265","0","0","0","851","-16937","0","187"
"lausanne","270","0","0","0","940","-16848","0","207"
"lausanne","275","0","0","0","1038","-16750","0","229"
"lausanne","280","0","0","0","1146","-16642","0","253"
"lausanne","285","0","0","0","1265","-16523","0","279"
"lausanne","290","0","1421","0","1396","-16392","0","308"
"lausanne","295","0","2110","0","1540","-16248","0","340"
"lausanne","300","0","2955","0","1698","-16090","0","375"
"lausanne","305","12","4484","0","1872","-15916","-3","413"
"lausanne","310","47","5216","0","2062","-15726","-13","455"
"lausanne","315","103","5895","0","2271","-15517","-27","501"
"lausanne","320","175","6317","176","2500","-15288","-43","552"
"lausanne","325","261","5779","176","2750","-15038","-58","607"
"lausanne","330","357","6145","176","3023","-14765","-72","668"
"lausanne","335","462","5611","263","3321","-14467","-82","734"
"lausanne","340","575","4993","263","3646","-14142","-88","806"
"lausanne","345","692","4808","263","4000","-13788","-87","884"
"lausanne","350","815","4247","422","4384","-13404","-80","970"
"lausanne","355","942","4612","422","4800","-12988","-65","1062"
"lausanne","360","1072","4304","472","5251","-12537","-42","1162"
"lausanne","365","1204","4344","760","5737","-12051","-11","1270"
"lausanne","370","1338","4947","980","6262","-11526","30","1386"
"lausanne","375","1474","4607","1219","6825","-10963","79","1512"
"lausanne","380","1611","5130","1471","7429","-10359","138","1646"
"lausanne","385","1750","5725","1391","8075","-9713","205","1789"
"lausanne","390","1890","5481","1469","8764","-9024","282","1942"
"lausanne","395","2032","5051","1378","9496","-8292","369","2105"
"lausanne","400","2174","5947","2088","10271","-7517","466","2277"
"lausanne","405","2317","5582","2306","11089","-6699","572","2459"
"lausanne","410","2462","5273","2234","11949","-5839","688","2650"
"lausanne","415","2606","4827","2295","12850","-4938","814","2850"
"lausanne","420","2751","4558","2362","13789","-3999","951","3059"
"lausanne","425","2896","4222","2339","14764","-3024","1099","3275"
"lausanne","430","3041","3976","2669","15773","-2015","1258","3499"
"lausanne","435","3186","3818","3193","16811","-977","1427","3729"
"lausanne","440","3330","4547","2925","17873","85","1607","3965"
"lausanne","445","3475","4359","2854","18957","1169","1798","4205"
"lausanne","450","3620","4516","2949","20055","2267","1999","4449"
"lausanne","455","3741","4693","3258","21163","3375","2218","4694"
"lausanne","460","3815","4898","3553","22276","4488","2460","4941"
"lausanne","465","3848","4601","3348","23387","5599","2722","5187"
"lausanne","470","3848","4705","3421","24491","6703","2998","5431"
"lausanne","475","3822","4654","3480","25582","7794","3285","5672"
"lausanne","480","3774","4445","3210","26655","8867","3579","5909"
"lausanne","485","3709","4698","3111","27705","9917","3876","6141"
"lausanne","490","3629","4758","3314","28728","10940","4174","6367"
"lausanne","495","3538","4447","3909","29718","11930","4471","6586"
"lausanne","500","3437","5079","3403","30674","12886","4766","6796"
"lausanne","505","3328","4210","3454","31592","13804","5056","6999"
"lausanne","510","3213","4442","2888","32469","14681","5341","7192"
"lausanne","515","3093","4000","3160","33305","15517","5619","7376"
"lausanne","520","2970","3788","3123","34097","16309","5891","7550"
"lausanne","525","2843","4087","2777","34846","17058","6155","7715"
"lausanne","530","2714","3964","2331","35550","17762","6412","7870"
"lausanne","535","2581","3863","2217","36212","18424","6660","8016"
"lausanne","540","2445","3741","2155","36830","19042","6901","8152"
"lausanne","545","2307","3430","1982","37407","19619","7134","8278"
"lausanne","550","2167","3417","1774","37944","20156","7358","8396"
"lausanne","555","2025","3424","1111","38442","20654","7573","8506"
"lausanne","560","1882","3532","1176","38902","21114","7778","8607"
"lausanne","565","1737","3566","1105","39328","21540","7975","8700"
"lausanne","570","1592","3582","890","39720","21932","8160","8786"
"lausanne","575","1448","2854","1064","40080","22292","8335","8865"
"lausanne","580","1303","2447","885","40411","22623","8499","8938"
"lausanne","585","1158","2420","885","40714","22926","8652","9004"
"lausanne","590","1013","1932","712","40992","23204","8795","9065"
"lausanne","595","868","1657","739","41246","23458","8926","9121"
"lausanne","600","724","1136","598","41477","23689","9047","9172"
"lausanne","605","591","714","569","41688","23900","9154","9218"
"lausanne","610","481","661","395","41880","24092","9244","9260"
"lausanne","615","392","386","395","42055","24267","9319","9298"
"lausanne","620","320","338","347","42213","24425","9381","9333"
"lausanne","625","260","330","275","42357","24569","9433","9364"
"lausanne","630","212","310","275","42487","24699","9476","9393"
"lausanne","635","173","185","53","42605","24817","9511","9419"
"lausanne","640","140","80","0","42711","24923","9541","9442"
"lausanne","645","113","36","0","42807","25019","9566","9463"
"lausanne","650","91","26","0","42894","25106","9586","9482"
"lausanne","655","73","23","0","42971","25183","9604","9499"
"lausanne","660","58","18","0","43041","25253","9619","9514"
"lausanne","665","46","18","0","43103","25315","9631","9528"
"lausanne","670","35","3","0","43159","25371","9642","9540"
"lausanne","675","26","0","0","43208","25420","9651","9551"
"lausanne","680","18","0","0","43252","25464","9659","9560"
"lausanne","685","12","0","0","43290","25502","9665","9569"
"lausanne","690","8","0","0","43324","25536","9669","9576"
"lausanne","695","4","0","0","43353","25565","9673","9582"
"lausanne","700","2","0","0","43377","25589","9675","9588"
"lausanne","705","1","0","0","43398","25610","9676","9592"
"lausanne","710","0","0","0","43415","25627","9677","9596"
"lausanne","715","0","0","0","43429","25641","9677","9599"
"lausanne","720","0","0","0","43439","25651","9677","9601"
"lausanne","725","0","0","0","43446","25658","9677","9603"
"lausanne","730","0","0","0","43450","25662","9677","9603"
"lausanne","735","0","0","0","43451","25663","9677","9603"
"lausanne","740","0","0","0","43449","25661","9677","9603"
"lausanne","745","0","0","0","43443","25655","9677","9602"
"lausanne","750","0","0","0","43435","25647","9677","9600"
"lausanne","755","0","0","0","43424","25636","9677","9598"
"lausanne","760","0","0","0","43410","25622","9677","9594"
"lausanne","765","0","0","0","43393","25605","9677","9591"
"lausanne","770","0","0","0","43373","25585","9677","9586"
"lausanne","775","0","0","0","43349","25561","9677","9581"
"lausanne","780","0","0","0","43322","25534","9677","9575"
"lausanne","785","0","0","0","43291","25503","9677","9568"
"lausanne","790","0","0","0","43256","25468","9677","9560"
"lausanne","795","0","0","0","43217","25429","9677","9552"
"lausanne","800","0","0","0","43174","25386","9677","9542"
"lausanne","805","0","0","0","43125","25337","9677","9531"
"lausanne","810","0","0","0","43072","25284","9677","9520"
"lausanne","815","0","0","0","43014","25226","9677","9507"
"lausanne","820","0","0","0","42950","25162","9677","9493"
"lausanne","825","0","0","0","42879","25091","9677","9477"
"lausanne","830","0","0","0","42802","25014","9677","9460"
"lausanne","835","0","0","0","42718","24930","9677","9441"
"lausanne","840","0","0","0","42626","24838","9677","9421"
"lausanne","845","0","0","0","42525","24737","9677","9399"
"lausanne","850","0","0","0","42416","24628","9677","9375"
"lausanne","855","0","0","0","42296","24508","9677","9348"
"lausanne","860","0","0","0","42167","24379","9677","9320"
"lausanne","865","0","0","0","42025","24237","9677","9288"
"lausanne","870","0","0","0","41872","24084","9677","9254"
"lausanne","875","0","0","0","41706","23918","9677","9218"
"lausanne","880","0","0","0","41525","23737","9677","9178"
"lausanne","885","0","0","0","41330","23542","9677","9135"
"lausanne","890","0","0","0","41118","23330","9677","9088"
"lausanne","895","0","0","0","40889","23101","9677","9037"
"lausanne","900","0","310","0","40642","22854","9677","8982"
"lausanne","905","12","1314","181","40374","22586","9668","8923"
"lausanne","910","47","2581","231","40086","22298","9643","8859"
"lausanne","915","103","2750","231","39776","21988","9601","8791"
"lausanne","920","176","3827","231","39442","21654","9545","8717"
"lausanne","925","262","4208","231","39083","21295","9475","8637"
"lausanne","930","358","5029","449","38698","20910","9393","8552"
"lausanne","935","464","5257","601","38285","20497","9298","8460"
"lausanne","940","575","5057","653","37844","20056","9192","8363"
"lausanne","945","693","5325","827","37372","19584","9073","8258"
"lausanne","950","816","4801","545","36870","19082","8943","8147"
"lausanne","955","942","4327","555","36335","18547","8801","8029"
"lausanne","960","1072","4300","549","35768","17980","8649","7903"
"lausanne","965","1204","4239","771","35167","17379","8486","7770"
"lausanne","970","1337","4087","1175","34531","16743","8312","7629"
"lausanne","975","1473","4113","1179","33862","16074","8127","7481"
"lausanne","980","1610","4258","1649","33158","15370","7931","7325"
"lausanne","985","1748","4997","1642","32421","14633","7725","7161"
"lausanne","990","1888","5550","1774","31650","13862","7508","6990"
"lausanne","995","2029","5379","1737","30847","13059","7280","6813"
"lausanne","1000","2170","5380","1881","30013","12225","7041","6628"
"lausanne","1005","2313","5685","2068","29151","11363","6792","6437"
"lausanne","1010","2456","5722","2092","28261","10473","6531","6240"
"lausanne","1015","2599","5867","2338","27348","9560","6261","6038"
"lausanne","1020","2741","5486","2338","26414","8626","5979","5831"
"lausanne","1025","2884","6056","3016","25461","7673","5686","5620"
"lausanne","1030","3027","5515","3178","24494","6706","5383","5406"
"lausanne","1035","3170","5407","3016","23516","5728","5069","5190"
"lausanne","1040","3312","5688","2849","22532","4744","4745","4972"
"lausanne","1045","3455","5916","2713","21545","3757","4409","4753"
"lausanne","1050","3598","5838","2576","20559","2771","4063","4535"
"lausanne","1055","3717","4992","2487","19579","1791","3723","4319"
"lausanne","1060","3789","5158","2969","18608","820","3407","4104"
"lausanne","1065","3819","4907","2920","17651","-137","3112","3892"
"lausanne","1070","3817","4965","3184","16710","-1078","2835","3684"
"lausanne","1075","3788","4625","3565","15789","-1999","2574","3481"
"lausanne","1080","3738","4763","3221","14892","-2896","2328","3283"
"lausanne","1085","3670","4403","3648","14020","-3768","2096","3090"
"lausanne","1090","3589","4535","3516","13177","-4611","1877","2904"
"lausanne","1095","3497","4368","2812","12363","-5425","1671","2724"
"lausanne","1100","3394","5099","2404","11581","-6207","1478","2551"
"lausanne","1105","3284","4892","2450","10832","-6956","1297","2386"
"lausanne","1110","3167","5187","2458","10116","-7672","1127","2228"
"lausanne","1115","3046","4683","2660","9435","-8353","967","2078"
"lausanne","1120","2922","4232","2576","8788","-9000","819","1935"
"lausanne","1125","2794","4257","2419","8174","-9614","681","1800"
"lausanne","1130","2663","4528","2715","7595","-10193","554","1672"
"lausanne","1135","2529","4806","2664","7049","-10739","438","1552"
"lausanne","1140","2392","5307","2734","6535","-11253","332","1438"
"lausanne","1145","2253","5724","2414","6053","-11735","238","1332"
"lausanne","1150","2112","5735","2472","5601","-12187","154","1232"
"lausanne","1155","1970","5566","2297","5178","-12610","81","1139"
"lausanne","1160","1827","4465","2222","4784","-13004","18","1052"
"lausanne","1165","1684","3930","1980","4416","-13372","-33","971"
"lausanne","1170","1541","3381","1903","4073","-13715","-74","896"
"lausanne","1175","1399","2447","1737","3755","-14033","-105","826"
"lausanne","1180","1256","2142","1377","3460","-14328","-124","761"
"lausanne","1185","1113","1790","1259","3186","-14602","-133","700"
"lausanne","1190","970","1786","770","2932","-14856","-131","645"
"lausanne","1195","828","878","649","2697","-15091","-118","593"
"lausanne","1200","685","829","486","2480","-15308","-94","545"
"lausanne","1205","554","800","356","2279","-15509","-68","501"
"lausanne","1210","446","617","206","2094","-15694","-49","460"
"lausanne","1215","360","595","136","1923","-15865","-35","423"
"lausanne","1220","290","570","119","1766","-16022","-24","388"
"lausanne","1225","233","564","103","1621","-16167","-16","356"
"lausanne","1230","187","549","48","1487","-16301","-11","327"
"lausanne","1235","149","281","48","1365","-16423","-6","300"
"lausanne","1240","118","278","30","1252","-16536","-3","275"
"lausanne","1245","93","278","30","1148","-16640","-2","252"
"lausanne","1250","73","0","30","1052","-16736","-1","231"
"lausanne","1255","57","0","0","965","-16823","0","212"
"lausanne","1260","44","0","0","884","-16904","0","194"
"lausanne","1265","33","0","0","810","-16978","0","178"
"lausanne","1270","24","0","0","742","-17046","0","163"
"lausanne","1275","16","0","0","680","-17108","0","149"
"lausanne","1280","10","0","0","623","-17165","0","137"
"lausanne","1285","6","0","0","571","-17217","0","125"
"lausanne","1290","3","0","0","523","-17265","0","115"
"lausanne","1295","1","0","0","479","-17309","0","105"
"lausanne","1300","0","0","0","438","-17350","0","96"
"lausanne","1305","0","0","0","401","-17387","0","88"
"lausanne","1310","0","0","0","367","-17421","0","81"
"lausanne","1315","0","0","0","336","-17452","0","74"
"lausanne","1320","0","0","0","308","-17480","0","68"
"lausanne","1325","0","0","0","282","-17506","0","62"
"lausanne","1330","0","0","0","258","-17530","0","57"
"lausanne","1335","0","0","0","236","-17552","0","52"
"lausanne","1340","0","0","0","216","-17572","0","47"
"lausanne","1345","0","0","0","198","-17590","0","43"
"lausanne","1350","0","0","0","181","-17607","0","40"
"lausanne","1355","0","0","0","166","-17622","0","36"
"lausanne","1360","0","0","0","152","-17636","0","33"
"lausanne","1365","0","0","0","139","-17649","0","30"
"lausanne","1370","0","0","0","127","-17661","0","28"
"lausanne","1375","0","0","0","116","-17672","0","25"
"lausanne","1380","0","0","0","106","-17682","0","23"
"lausanne","1385","0","0","0","97","-17691","0","21"
"lausanne","1390","0","0","0","89","-17699","0","20"
"lausanne","1395","0","0","0","82","-17706","0","18"
"lausanne","1400","0","0","0","75","-17713","0","16"
"lausanne","1405","0","0","0","68","-17720","0","15"
"lausanne","1410","0","0","0","62","-17726","0","14"
"lausanne","1415","0","0","0","57","-17731","0","13"
"lausanne","1420","0","0","0","52","-17736","0","11"
"lausanne","1425","0","0","0","48","-17740","0","10"
"lausanne","1430","0","0","0","44","-17744","0","10"
"lausanne","1435","0","0","0","40","-17748","0","9"
"lausanne","1440","0","0","0","37","-17751","0","8"
"bern","0","0","0","0","7","-34302","0","1"
"bern","5","0","0","0","8","-34301","0","1"
"bern","10","0","0","0","9","-34300","0","1"
"bern","15","0","0","0","10","-34299","0","1"
"bern","20","0","0","0","11","-34298","0","2"
"bern","25","0","0","0","12","-34297","0","2"
"bern","30","0","0","0","13","-34296","0","2"
"bern","35","0","0","0","15","-34294","0","2"
"bern","40","0","0","0","17","-34292","0","2"
"bern","45","0","0","0","18","-34291","0","3"
"bern","50","0","0","0","20","-34289","0","3"
"bern","55","0","0","0","22","-34287","0","3"
"bern","60","0","0","0","25","-34284","0","4"
"bern","65","0","0","0","28","-34281","0","4"
"bern","70","0","0","0","31","-34278","0","4"
"bern","75","0","0","0","34","-34275","0","5"
"bern","80","0","0","0","38","-34271","0","5"
"bern","85","0","0","0","42","-34267","0","6"
"bern","90","0","0","0","46","-34263","0","7"
"bern","95","0","0","0","51","-34258","0","7"
"bern","100","0","0","0","57","-34252","0","8"
"bern","105","0","0","0","63","-34246","0","9"
"bern","110","0","0","0","70","-34239","0","10"
"bern","115","0","0","0","77","-34232","0","11"
"bern","120","0","0","0","86","-34223","0","12"
"bern","125","0","0","0","95","-34214","0","14"
"bern","130","0","0","0","105","-34204","0","15"
"bern","135","0","0","0","116","-34193","0","17"
"bern","140","0","0","0","129","-34180","0","19"
"bern","145","0","0","0","143","-34166","0","21"
"bern","150","0","0","0","158","-34151","0","23"
"bern","155","0","0","0","175","-34134","0","26"
"bern","160","0","0","0","194","-34115","0","28"
"bern","165","0","0","0","215","-34094","0","31"
"bern","170","0","0","0","238","-34071","0","35"
"bern","175","0","0","0","264","-34045","0","38"
"bern","180","0","0","0","292","-34017","0","43"
"bern","185","0","0","0","324","-33985","0","47"
"bern","190","0","0","0","359","-33950","0","52"
"bern","195","0","0","0","397","-33912","0","58"
"bern","200","0","0","0","440","-33869","0","64"
"bern","205","0","0","0","487","-33822","0","71"
"bern","210","0","0","0","539","-33770","0","79"
"bern","215","0","0","0","597","-33712","0","87"
"bern","220","0","0","0","661","-33648","0","96"
"bern","225","0","0","0","732","-33577","0","107"
"bern","230","0","0","0","810","-33499","0","118"
"bern","235","0","0","0","896","-33413","0","131"
"bern","240","0","0","0","991","-33318","0","145"
"bern","245","0","0","0","1097","-33212","0","160"
"bern","250","0","0","0","1213","-33096","0","177"
"bern","255","0","0","0","1342","-32967","0","196"
"bern","260","0","0","0","1484","-32825","0","217"
"bern","265","0","0","0","1640","-32669","0","240"
"bern","270","0","0","0","1813","-32496","0","265"
"bern","275","0","0","0","2003","-32306","0","293"
"bern","280","0","0","0","2213","-32096","0","324"
"bern","285","0","0","0","2444","-31865","0","358"
"bern","290","0","1916","0","2698","-31611","0","395"
"bern","295","0","3205","0","2978","-31331","0","437"
"bern","300","0","5231","0","3286","-31023","0","482"
"bern","305","10","7095","0","3623","-30686","-2","531"
"bern","310","40","7967","0","3994","-30315","-6","586"
"bern","315","89","9031","0","4401","-29908","-13","646"
"bern","320","152","9108","0","4846","-29463","-19","711"
"bern","325","228","9978","0","5333","-28976","-21","783"
"bern","330","313","10656","0","5866","-28443","-18","862"
"bern","335","405","9926","193","6447","-27862","-6","947"
"bern","340","500","10309","314","7081","-27228","16","1041"
"bern","345","597","9791","283","7770","-26539","51","1142"
"bern","350","697","9884","898","8519","-25790","97","1253"
"bern","355","797","10316","1218","9332","-24977","157","1373"
"bern","360","898","10104","1599","10211","-24098","229","1503"
"bern","365","1000","9369","1977","11161","-23148","316","1643"
"bern","370","1102","9616","1923","12185","-22124","415","1794"
"bern","375","1205","9632","1827","13286","-21023","529","1957"
"bern","380","1307","8437","2136","14467","-19842","656","2131"
"bern","385","1410","8092","2421","15729","-18580","797","2318"
"bern","390","1513","7949","2778","17075","-17234","952","2517"
"bern","395","1616","6734","2980","18505","-15804","1120","2728"
"bern","400","1719","6835","3241","20020","-14289","1302","2952"
"bern","405","1822","6859","3600","21620","-12689","1498","3189"
"bern","410","1925","5838","3688","23301","-11008","1708","3437"
"bern","415","2028","5692","3536","25062","-9247","1932","3697"
"bern","420","2131","5554","3694","26899","-7410","2169","3969"
"bern","425","2234","6582","4136","28807","-5502","2420","4251"
"bern","430","2338","6746","4299","30779","-3530","2685","4542"
"bern","435","2441","7538","4479","32808","-1501","2964","4842"
"bern","440","2545","7331","5162","34886","577","3257","5148"
"bern","445","2648","7813","6275","37004","2695","3564","5461"
"bern","450","2752","7547","6744","39151","4842","3884","5777"
"bern","455","2836","8040","6874","41317","7008","4221","6096"
"bern","460","2880","7937","6679","43490","9181","4578","6417"
"bern","465","2886","8049","6151","45659","11350","4953","6736"
"bern","470","2862","7956","5909","47813","13504","5341","7053"
"bern","475","2814","7554","6152","49940","15631","5735","7366"
"bern","480","2748","6894","6041","52031","17722","6132","7673"
"bern","485","2669","6232","5997","54076","19767","6525","7974"
"bern","490","2582","5491","5811","56064","21755","6912","8266"
"bern","495","2491","6021","5893","57990","23681","7289","8548"
"bern","500","2396","6417","5734","59846","25537","7655","8820"
"bern","505","2299","6571","6098","61625","27316","8009","9081"
"bern","510","2200","6134","5541","63325","29016","8350","9330"
"bern","515","2100","6132","5671","64942","30633","8678","9567"
"bern","520","2000","5473","5327","66474","32165","8993","9791"
"bern","525","1899","7144","5082","67919","33610","9294","10002"
"bern","530","1797","7655","4715","69279","34970","9582","10201"
"bern","535","1696","7774","4824","70553","36244","9857","10387"
"bern","540","1594","7551","4597","71743","37434","10118","10561"
"bern","545","1492","7541","4299","72852","38543","10365","10723"
"bern","550","1390","7288","4314","73882","39573","10598","10873"
"bern","555","1287","6763","4067","74837","40528","10817","11012"
"bern","560","1185","6262","3549","75720","41411","11023","11141"
"bern","565","1082","5786","2732","76534","42225","11215","11260"
"bern","570","979","5172","2849","77283","42974","11394","11369"
"bern","575","876","4419","2794","77971","43662","11558","11469"
"bern","580","773","4050","2463","78603","44294","11709","11561"
"bern","585","670","2924","2461","79181","44872","11846","11645"
"bern","590","567","2748","2305","79710","45401","11970","11722"
"bern","595","464","2344","1990","80192","45883","12079","11792"
"bern","600","360","2138","1990","80632","46323","12175","11856"
"bern","605","266","1362","1808","81032","46723","12256","11915"
"bern","610","193","1219","1650","81397","47088","12320","11967"
"bern","615","138","683","1465","81727","47418","12367","12015"
"bern","620","98","447","1250","82027","47718","12402","12059"
"bern","625","70","438","904","82299","47990","12427","12099"
"bern","630","51","228","805","82545","48236","12443","12134"
"bern","635","39","208","308","82767","48458","12453","12166"
"bern","640","30","149","178","82967","48658","12461","12195"
"bern","645","24","131","178","83148","48839","12466","12222"
"bern","650","20","118","178","83310","49001","12470","12245"
"bern","655","16","86","178","83455","49146","12473","12266"
"bern","660","14","31","0","83586","49277","12475","12285"
"bern","665","12","31","0","83702","49393","12477","12302"
"bern","670","10","31","0","83805","49496","12479","12317"
"bern","675","9","20","0","83897","49588","12480","12330"
"bern","680","8","15","0","83977","49668","12481","12342"
"bern","685","7","0","0","84048","49739","12482","12352"
"bern","690","6","0","0","84109","49800","12483","12361"
"bern","695","5","0","0","84162","49853","12484","12368"
"bern","700","4","0","0","84206","49897","12485","12375"
"bern","705","3","0","0","84243","49934","12486","12380"
"bern","710","3","0","0","84272","49963","12486","12384"
"bern","715","2","0","0","84295","49986","12487","12387"
"bern","720","2","0","0","84311","50002","12487","12390"
"bern","725","1","0","0","84321","50012","12488","12391"
"bern","730","1","0","0","84324","50015","12488","12391"
"bern","735","1","0","0","84322","50013","12488","12391"
"bern","740","0","0","0","84313","50004","12489","12390"
"bern","745","0","0","0","84299","49990","12489","12388"
"bern","750","0","0","0","84279","49970","12489","12384"
"bern","755","0","0","0","84252","49943","12489","12380"
"bern","760","0","0","0","84220","49911","12489","12376"
"bern","765","0","0","0","84181","49872","12489","12370"
"bern","770","0","0","0","84135","49826","12489","12363"
"bern","775","0","0","0","84082","49773","12489","12355"
"bern","780","0","0","0","84023","49714","12489","12346"
"bern","785","0","0","0","83955","49646","12489","12336"
"bern","790","0","0","0","83879","49570","12489","12325"
"bern","795","0","0","0","83795","49486","12489","12313"
"bern","800","0","0","0","83701","49392","12489","12299"
"bern","805","0","0","0","83598","49289","12489","12283"
"bern","810","0","0","0","83484","49175","12489","12266"
"bern","815","0","0","0","83358","49049","12489","12248"
"bern","820","0","0","0","83221","48912","12489","12227"
"bern","825","0","0","0","83070","48761","12489","12205"
"bern","830","0","0","0","82905","48596","12489","12181"
"bern","835","0","0","0","82725","48416","12489","12154"
"bern","840","0","0","0","82528","48219","12489","12125"
"bern","845","0","0","0","82314","48005","12489","12093"
"bern","850","0","0","0","82080","47771","12489","12059"
"bern","855","0","0","0","81826","47517","12489","12021"
"bern","860","0","0","0","81550","47241","12489","11980"
"bern","865","0","0","0","81250","46941","12489","11936"
"bern","870","0","0","0","80924","46615","12489","11887"
"bern","875","0","0","0","80571","46262","12489","11835"
"bern","880","0","0","0","80189","45880","12489","11778"
"bern","885","0","0","0","79775","45466","12489","11717"
"bern","890","0","0","0","79327","45018","12489","11651"
"bern","895","0","0","0","78843","44534","12489","11579"
"bern","900","0","1373","0","78322","44013","12489","11502"
"bern","905","10","1837","0","77759","43450","12481","11418"
"bern","910","40","2117","0","77154","42845","12455","11329"
"bern","915","89","3132","179","76503","42194","12413","11232"
"bern","920","153","3815","179","75804","41495","12355","11129"
"bern","925","228","3954","195","75054","40745","12282","11018"
"bern","930","313","4788","195","74252","39943","12193","10899"
"bern","935","404","5089","407","73395","39086","12090","10772"
"bern","940","499","5209","743","72480","38171","11973","10637"
"bern","945","596","4760","1237","71506","37197","11841","10492"
"bern","950","695","4736","1333","70471","36162","11695","10339"
"bern","955","795","5143","1374","69374","35065","11535","10177"
"bern","960","895","5220","1512","68213","33904","11361","10005"
"bern","965","996","5008","1667","66988","32679","11173","9824"
"bern","970","1098","6115","1952","65698","31389","10971","9633"
"bern","975","1200","6069","2141","64343","30034","10755","9433"
"bern","980","1302","6216","2506","62925","28616","10525","9223"
"bern","985","1404","5892","2360","61444","27135","10281","9005"
"bern","990","1506","6941","2607","59903","25594","10024","8777"
"bern","995","1608","6952","2714","58304","23995","9752","8541"
"bern","1000","1710","7496","2535","56652","22343","9467","8297"
"bern","1005","1813","7788","2826","54948","20639","9168","8046"
"bern","1010","1915","8297","2658","53200","18891","8855","7788"
"bern","1015","2018","8490","2786","51411","17102","8528","7525"
"bern","1020","2120","8971","3245","49588","15279","8187","7256"
"bern","1025","2223","9916","4042","47737","13428","7833","6984"
"bern","1030","2326","8864","4269","45866","11557","7464","6708"
"bern","1035","2428","9936","4424","43980","9671","7082","6431"
"bern","1040","2531","9801","4981","42089","7780","6685","6153"
"bern","1045","2634","9423","5335","40198","5889","6275","5875"
"bern","1050","2737","8917","6175","38317","4008","5851","5599"
"bern","1055","2820","8306","6640","36452","2143","5430","5325"
"bern","1060","2864","8655","7060","34610","301","5029","5055"
"bern","1065","2869","9553","7233","32798","-1511","4647","4789"
"bern","1070","2844","8971","7668","31023","-3286","4284","4529"
"bern","1075","2796","9863","7419","29289","-5020","3937","4275"
"bern","1080","2729","10063","6999","27603","-6706","3607","4028"
"bern","1085","2650","9712","6366","25969","-8340","3292","3789"
"bern","1090","2564","9732","6388","24391","-9918","2992","3558"
"bern","1095","2473","10643","6256","22871","-11438","2707","3336"
"bern","1100","2378","10674","5608","21413","-12896","2436","3122"
"bern","1105","2281","10499","5244","20018","-14291","2179","2918"
"bern","1110","2183","10676","5742","18688","-15621","1937","2724"
"bern","1115","2084","9927","6374","17422","-16887","1708","2539"
"bern","1120","1984","8842","6295","16221","-18088","1494","2364"
"bern","1125","1884","9027","5613","15084","-19225","1294","2198"
"bern","1130","1783","9040","5658","14011","-20298","1107","2041"
"bern","1135","1682","8017","5284","13000","-21309","935","1893"
"bern","1140","1580","8720","5117","12050","-22259","776","1755"
"bern","1145","1479","9194","4798","11159","-23150","631","1625"
"bern","1150","1377","9999","4598","10324","-23985","500","1503"
"bern","1155","1276","10423","3808","9544","-24765","383","1389"
"bern","1160","1174","9304","3761","8816","-25493","279","1283"
"bern","1165","1072","8216","3239","8138","-26171","190","1184"
"bern","1170","970","7242","3368","7506","-26803","115","1092"
"bern","1175","867","6348","2787","6919","-27390","53","1007"
"bern","1180","765","5362","2539","6375","-27934","5","927"
"bern","1185","662","4340","2259","5870","-28439","-29","854"
"bern","1190","560","2766","1984","5402","-28907","-49","786"
"bern","1195","457","1775","1495","4970","-29339","-55","723"
"bern","1200","354","1119","1236","4570","-29739","-47","664"
"bern","1205","261","877","1197","4200","-30109","-34","611"
"bern","1210","188","813","1197","3859","-30450","-24","561"
"bern","1215","134","614","1083","3545","-30764","-17","515"
"bern","1220","94","579","569","3255","-31054","-11","473"
"bern","1225","67","495","378","2988","-31321","-8","434"
"bern","1230","49","354","148","2742","-31567","-5","398"
"bern","1235","37","348","11","2516","-31793","-3","366"
"bern","1240","28","248","0","2307","-32002","-2","335"
"bern","1245","22","245","0","2116","-32193","-1","307"
"bern","1250","18","245","0","1940","-32369","-1","282"
"bern","1255","15","242","0","1779","-32530","0","258"
"bern","1260","13","195","0","1630","-32679","0","237"
"bern","1265","11","195","0","1494","-32815","0","217"
"bern","1270","9","148","0","1369","-32940","0","199"
"bern","1275","8","145","0","1255","-33054","0","182"
"bern","1280","7","48","0","1149","-33160","0","167"
"bern","1285","6","48","0","1053","-33256","0","153"
"bern","1290","5","0","0","964","-33345","0","140"
"bern","1295","4","0","0","883","-33426","0","128"
"bern","1300","3","0","0","809","-33500","0","117"
"bern","1305","3","0","0","741","-33568","0","108"
"bern","1310","2","0","0","678","-33631","0","98"
"bern","1315","2","0","0","621","-33688","0","90"
"bern","1320","1","0","0","569","-33740","0","83"
"bern","1325","1","0","0","521","-33788","0","76"
"bern","1330","1","0","0","477","-33832","0","69"
"bern","1335","0","0","0","436","-33873","0","63"
"bern","1340","0","0","0","399","-33910","0","58"
"bern","1345","0","0","0","365","-33944","0","53"
"bern","1350","0","0","0","335","-33974","0","49"
"bern","1355","0","0","0","306","-34003","0","44"
"bern","1360","0","0","0","280","-34029","0","41"
"bern","1365","0","0","0","257","-34052","0","37"
"bern","1370","0","0","0","235","-34074","0","34"
"bern","1375","0","0","0","215","-34094","0","31"
"bern","1380","0","0","0","197","-34112","0","29"
"bern","1385","0","0","0","180","-34129","0","26"
"bern","1390","0","0","0","165","-34144","0","24"
"bern","1395","0","0","0","151","-34158","0","22"
"bern","1400","0","0","0","138","-34171","0","20"
"bern","1405","0","0","0","126","-34183","0","18"
"bern","1410","0","0","0","115","-34194","0","17"
"bern","1415","0","0","0","106","-34203","0","15"
"bern","1420","0","0","0","97","-34212","0","14"
"bern","1425","0","0","0","88","-34221","0","13"
"bern","1430","0","0","0","81","-34228","0","12"
"bern","1435","0","0","0","74","-34235","0","11"
"bern","1440","0","0","0","68","-34241","0","10"
"winterthur","0","0","0","0","2","-2987","0","0"
"winterthur","5","0","0","0","2","-2987","0","0"
"winterthur","10","0","0","0","2","-2987","0","1"
"winterthur","15","0","0","0","2","-2987","0","1"
"winterthur","20","0","0","0","2","-2987","0","1"
"winterthur","25","0","0","0","3","-2986","0","1"
"winterthur","30","0","0","0","3","-2986","0","1"
"winterthur","35","0","0","0","3","-2986","0","1"
"winterthur","40","0","0","0","3","-2986","0","1"
"winterthur","45","0","0","0","4","-2985","0","1"
"winterthur","50","0","0","0","4","-2985","0","1"
"winterthur","55","0","0","0","5","-2984","0","1"
"winterthur","60","0","0","0","5","-2984","0","1"
"winterthur","65","0","0","0","6","-2983","0","2"
"winterthur","70","0","0","0","6","-2983","0","2"
"winterthur","75","0","0","0","7","-2982","0","2"
"winterthur","80","0","0","0","7","-2982","0","2"
"winterthur","85","0","0","0","8","-2981","0","2"
"winterthur","90","0","0","0","9","-2980","0","3"
"winterthur","95","0","0","0","10","-2979","0","3"
"winterthur","100","0","0","0","11","-2978","0","3"
"winterthur","105","0","0","0","12","-2977","0","3"
"winterthur","110","0","0","0","13","-2976","0","4"
"winterthur","115","0","0","0","14","-2975","0","4"
"winterthur","120","0","0","0","16","-2973","0","4"
"winterthur","125","0","0","0","17","-2972","0","5"
"winterthur","130","0","0","0","19","-2970","0","5"
"winterthur","135","0","0","0","21","-2968","0","6"
"winterthur","140","0","0","0","23","-2966","0","6"
"winterthur","145","0","0","0","25","-2964","0","7"
"winterthur","150","0","0","0","27","-2962","0","8"
"winterthur","155","0","0","0","30","-2959","0","8"
"winterthur","160","0","0","0","33","-2956","0","9"
"winterthur","165","0","0","0","36","-2953","0","10"
"winterthur","170","0","0","0","39","-2950","0","11"
"winterthur","175","0","0","0","43","-2946","0","12"
"winterthur","180","0","0","0","47","-2942","0","13"
"winterthur","185","0","0","0","51","-2938","0","15"
"winterthur","190","0","0","0","56","-2933","0","16"
"winterthur","195","0","0","0","61","-2928","0","17"
"winterthur","200","0","0","0","67","-2922","0","19"
"winterthur","205","0","0","0","73","-2916","0","21"
"winterthur","210","0","0","0","80","-2909","0","23"
"winterthur","215","0","0","0","87","-2902","0","25"
"winterthur","220","0","0","0","95","-2894","0","27"
"winterthur","225","0","0","0","103","-2886","0","29"
"winterthur","230","0","0","0","112","-2877","0","32"
"winterthur","235","0","0","0","122","-2867","0","35"
"winterthur","240","0","0","0","133","-2856","0","38"
"winterthur","245","0","0","0","144","-2845","0","41"
"winterthur","250","0","0","0","157","-2832","0","44"
"winterthur","255","0","0","0","170","-2819","0","48"
"winterthur","260","0","0","0","184","-2805","0","52"
"winterthur","265","0","0","0","200","-2789","0","57"
"winterthur","270","0","0","0","216","-2773","0","61"
"winterthur","275","0","0","0","234","-2755","0","66"
"winterthur","280","0","0","0","252","-2737","0","72"
"winterthur","285","0","0","0","272","-2717","0","77"
"winterthur","290","0","469","0","294","-2695","0","83"
"winterthur","295","0","1212","0","316","-2673","0","90"
"winterthur","300","0","2009","0","340","-2649","0","96"
"winterthur","305","11","2492","0","365","-2624","-5","104"
"winterthur","310","43","2644","0","391","-2598","-19","111"
"winterthur","315","96","3572","0","419","-2570","-43","119"
"winterthur","320","168","4170","9","448","-2541","-74","127"
"winterthur","325","256","4595","9","478","-2511","-110","136"
"winterthur","330","355","4970","9","509","-2480","-149","145"
"winterthur","335","463","5855","32","541","-2448","-190","154"
"winterthur","340","574","5765","81","575","-2414","-231","164"
"winterthur","345","687","5725","383","610","-2379","-270","173"
"winterthur","350","801","5026","454","645","-2344","-308","184"
"winterthur","355","915","4616","602","681","-2308","-344","194"
"winterthur","360","1030","4998","675","719","-2270","-378","205"
"winterthur","365","1144","5039","877","757","-2232","-410","215"
"winterthur","370","1259","5070","957","795","-2194","-439","227"
"winterthur","375","1374","5398","1119","835","-2154","-467","238"
"winterthur","380","1489","5397","1202","876","-2113","-492","250"
"winterthur","385","1605","5692","1341","918","-2071","-515","262"
"winterthur","390","1720","5373","1483","961","-2028","-536","274"
"winterthur","395","1835","4947","1799","1006","-1983","-555","287"
"winterthur","400","1951","4747","2209","1053","-1936","-572","301"
"winterthur","405","2066","4655","2546","1104","-1885","-586","315"
"winterthur","410","2182","4241","2775","1158","-1831","-598","331"
"winterthur","415","2297","4415","2804","1216","-1773","-608","347"
"winterthur","420","2413","4918","2952","1279","-1710","-616","365"
"winterthur","425","2528","4355","3076","1348","-1641","-621","385"
"winterthur","430","2644","4521","3178","1425","-1564","-625","407"
"winterthur","435","2759","4315","3485","1509","-1480","-625","431"
"winterthur","440","2875","4152","3815","1602","-1387","-624","458"
"winterthur","445","2991","4493","3873","1705","-1284","-621","487"
"winterthur","450","3106","4173","4573","1817","-1172","-615","519"
"winterthur","455","3200","3945","4554","1939","-1050","-597","554"
"winterthur","460","3251","3863","4142","2072","-917","-558","592"
"winterthur","465","3260","3881","4418","2215","-774","-498","633"
"winterthur","470","3232","3750","4214","2368","-621","-421","676"
"winterthur","475","3173","3272","4133","2530","-459","-332","722"
"winterthur","480","3090","3520","4051","2700","-289","-234","770"
"winterthur","485","2989","3808","4043","2876","-113","-130","821"
"winterthur","490","2882","3871","3926","3058","69","-25","872"
"winterthur","495","2772","3972","4126","3245","256","80","925"
"winterthur","500","2660","4033","4120","3434","445","184","979"
"winterthur","505","2547","3845","4105","3624","635","286","1033"
"winterthur","510","2433","3794","3794","3815","826","387","1087"
"winterthur","515","2319","4053","3966","4004","1015","485","1141"
"winterthur","520","2205","4316","3722","4190","1201","582","1194"
"winterthur","525","2091","4149","3295","4372","1383","677","1245"
"winterthur","530","1976","3506","3059","4549","1560","769","1296"
"winterthur","535","1861","3134","2847","4720","1731","860","1344"
"winterthur","540","1746","3316","2847","4885","1896","948","1391"
"winterthur","545","1631","3497","3057","5043","2054","1035","1436"
"winterthur","550","1515","3458","2970","5194","2205","1119","1479"
"winterthur","555","1400","3400","3043","5337","2348","1201","1519"
"winterthur","560","1284","2832","2852","5472","2483","1281","1558"
"winterthur","565","1169","2871","2620","5600","2611","1358","1594"
"winterthur","570","1053","3152","2605","5719","2730","1434","1628"
"winterthur","575","938","3010","2610","5832","2843","1507","1660"
"winterthur","580","822","2718","2311","5936","2947","1578","1689"
"winterthur","585","707","1881","2133","6034","3045","1646","1717"
"winterthur","590","591","1705","2113","6125","3136","1713","1743"
"winterthur","595","475","1552","1872","6209","3220","1777","1767"
"winterthur","600","360","1246","1496","6287","3298","1839","1789"
"winterthur","605","255","712","1224","6358","3369","1893","1809"
"winterthur","610","172","554","1081","6425","3436","1936","1828"
"winterthur","615","110","361","1029","6486","3497","1968","1845"
"winterthur","620","66","344","969","6542","3553","1990","1861"
"winterthur","625","38","150","756","6593","3604","2004","1876"
"winterthur","630","22","95","720","6641","3652","2013","1889"
"winterthur","635","14","76","656","6684","3695","2018","1901"
"winterthur","640","10","76","368","6723","3734","2021","1912"
"winterthur","645","7","13","311","6759","3770","2023","1923"
"winterthur","650","5","13","20","6792","3803","2025","1932"
"winterthur","655","4","13","20","6823","3834","2026","1941"
"winterthur","660","3","0","0","6850","3861","2027","1948"
"winterthur","665","2","0","0","6875","3886","2028","1955"
"winterthur","670","2","0","0","6898","3909","2028","1962"
"winterthur","675","1","0","0","6918","3929","2029","1968"
"winterthur","680","1","0","0","6937","3948","2029","1973"
"winterthur","685","0","0","0","6954","3965","2030","1978"
"winterthur","690","0","0","0","6969","3980","2030","1982"
"winterthur","695","0","0","0","6983","3994","2030","1986"
"winterthur","700","0","0","0","6995","4006","2030","1989"
"winterthur","705","0","0","0","7006","4017","2030","1993"
"winterthur","710","0","0","0","7016","4027","2030","1995"
"winterthur","715","0","0","0","7025","4036","2030","1998"
"winterthur","720","0","0","0","7033","4044","2030","2000"
"winterthur","725","0","0","0","7040","4051","2030","2002"
"winterthur","730","0","0","0","7046","4057","2030","2004"
"winterthur","735","0","0","0","7052","4063","2030","2006"
"winterthur","740","0","0","0","7057","4068","2030","2007"
"winterthur","745","0","0","0","7061","4072","2030","2008"
"winterthur","750","0","0","0","7064","4075","2030","2009"
"winterthur","755","0","0","0","7067","4078","2030","2010"
"winterthur","760","0","0","0","7070","4081","2030","2011"
"winterthur","765","0","0","0","7072","4083","2030","2011"
"winterthur","770","0","0","0","7073","4084","2030","2012"
"winterthur","775","0","0","0","7075","4086","2030","2012"
"winterthur","780","0","0","0","7075","4086","2030","2012"
"winterthur","785","0","0","0","7076","4087","2030","2012"
"winterthur","790","0","0","0","7076","4087","2030","2012"
"winterthur","795","0","0","0","7076","4087","2030","2012"
"winterthur","800","0","0","0","7075","4086","2030","2012"
"winterthur","805","0","0","0","7075","4086","2030","2012"
"winterthur","810","0","0","0","7074","4085","2030","2012"
"winterthur","815","0","0","0","7072","4083","2030","2011"
"winterthur","820","0","0","0","7071","4082","2030","2011"
"winterthur","825","0","0","0","7069","4080","2030","2011"
"winterthur","830","0","0","0","7068","4079","2030","2010"
"winterthur","835","0","0","0","7066","4077","2030","2009"
"winterthur","840","0","0","0","7063","4074","2030","2009"
"winterthur","845","0","0","0","7061","4072","2030","2008"
"winterthur","850","0","0","0","7059","4070","2030","2008"
"winterthur","855","0","0","0","7056","4067","2030","2007"
"winterthur","860","0","0","0","7054","4065","2030","2006"
"winterthur","865","0","0","0","7051","4062","2030","2005"
"winterthur","870","0","0","0","7048","4059","2030","2004"
"winterthur","875","0","0","0","7045","4056","2030","2004"
"winterthur","880","0","0","0","7042","4053","2030","2003"
"winterthur","885","0","0","0","7038","4049","2030","2002"
"winterthur","890","0","0","0","7035","4046","2030","2001"
"winterthur","895","0","0","0","7031","4042","2030","1999"
"winterthur","900","0","209","0","7027","4038","2030","1998"
"winterthur","905","11","283","190","7022","4033","2024","1997"
"winterthur","910","43","767","190","7017","4028","2006","1995"
"winterthur","915","96","1235","204","7011","4022","1977","1994"
"winterthur","920","168","1294","240","7004","4015","1936","1992"
"winterthur","925","255","1967","240","6996","4007","1884","1989"
"winterthur","930","355","2368","240","6986","3997","1824","1987"
"winterthur","935","463","2839","275","6975","3986","1757","1983"
"winterthur","940","575","3038","311","6962","3973","1685","1980"
"winterthur","945","689","3456","340","6947","3958","1610","1975"
"winterthur","950","803","3612","519","6928","3939","1533","1970"
"winterthur","955","918","3343","559","6907","3918","1453","1964"
"winterthur","960","1033","3396","772","6881","3892","1371","1956"
"winterthur","965","1148","3657","1059","6851","3862","1287","1948"
"winterthur","970","1264","3903","1083","6816","3827","1201","1938"
"winterthur","975","1380","3709","1083","6776","3787","1112","1926"
"winterthur","980","1495","3667","1282","6729","3740","1021","1913"
"winterthur","985","1611","3285","1545","6675","3686","928","1897"
"winterthur","990","1727","3227","1166","6614","3625","832","1880"
"winterthur","995","1843","3410","1229","6544","3555","734","1860"
"winterthur","1000","1959","3416","1766","6466","3477","634","1838"
"winterthur","1005","2075","3909","1997","6379","3390","532","1813"
"winterthur","1010","2191","4088","2104","6282","3293","427","1785"
"winterthur","1015","2307","4116","2612","6175","3186","321","1755"
"winterthur","1020","2424","4226","2630","6059","3070","212","1722"
"winterthur","1025","2540","4717","2284","5933","2944","100","1686"
"winterthur","1030","2656","4689","2548","5797","2808","-13","1647"
"winterthur","1035","2772","4753","2871","5652","2663","-129","1606"
"winterthur","1040","2888","4905","2822","5498","2509","-247","1562"
"winterthur","1045","3004","5857","3263","5337","2348","-368","1516"
"winterthur","1050","3120","5677","3432","5167","2178","-490","1468"
"winterthur","1055","3215","5332","3606","4992","2003","-603","1418"
"winterthur","1060","3266","5168","4282","4811","1822","-694","1367"
"winterthur","1065","3276","5256","4244","4626","1637","-765","1314"
"winterthur","1070","3249","5299","4294","4437","1448","-814","1260"
"winterthur","1075","3190","5096","4909","4246","1257","-845","1206"
"winterthur","1080","3108","4856","5171","4054","1065","-861","1151"
"winterthur","1085","3007","4505","4666","3862","873","-865","1097"
"winterthur","1090","2899","4564","4654","3672","683","-861","1043"
"winterthur","1095","2788","4646","4734","3483","494","-855","989"
"winterthur","1100","2676","5615","4930","3297","308","-846","936"
"winterthur","1105","2562","5876","5191","3115","126","-834","885"
"winterthur","1110","2448","6264","5244","2938","-51","-820","834"
"winterthur","1115","2333","5804","4668","2766","-223","-803","785"
"winterthur","1120","2218","5960","4173","2599","-390","-784","738"
"winterthur","1125","2103","5807","4315","2439","-550","-763","692"
"winterthur","1130","1988","5797","4157","2285","-704","-740","649"
"winterthur","1135","1873","5619","3910","2137","-852","-714","607"
"winterthur","1140","1757","6385","3681","1996","-993","-686","567"
"winterthur","1145","1641","6125","3314","1863","-1126","-656","529"
"winterthur","1150","1525","6250","2992","1736","-1253","-624","493"
"winterthur","1155","1409","5764","2484","1616","-1373","-589","459"
"winterthur","1160","1293","5391","2488","1502","-1487","-552","426"
"winterthur","1165","1177","4540","1795","1395","-1594","-513","396"
"winterthur","1170","1060","3842","1733","1295","-1694","-472","368"
"winterthur","1175","944","3141","1565","1201","-1788","-428","341"
"winterthur","1180","828","2673","1400","1112","-1877","-382","316"
"winterthur","1185","712","2180","1472","1030","-1959","-334","292"
"winterthur","1190","596","1516","1231","953","-2036","-284","270"
"winterthur","1195","480","1107","1317","881","-2108","-231","250"
"winterthur","1200","364","572","1253","814","-2175","-176","231"
"winterthur","1205","258","524","1242","752","-2237","-125","213"
"winterthur","1210","175","466","1210","694","-2295","-83","197"
"winterthur","1215","112","212","773","640","-2349","-51","182"
"winterthur","1220","67","182","737","590","-2399","-28","168"
"winterthur","1225","39","182","519","544","-2445","-13","154"
"winterthur","1230","22","160","519","501","-2488","-5","142"
"winterthur","1235","14","41","432","462","-2527","-2","131"
"winterthur","1240","10","11","421","425","-2564","-1","121"
"winterthur","1245","7","11","402","392","-2597","0","111"
"winterthur","1250","5","2","382","360","-2629","0","102"
"winterthur","1255","4","0","382","332","-2657","0","94"
"winterthur","1260","3","0","382","305","-2684","0","87"
"winterthur","1265","2","0","221","281","-2708","0","80"
"winterthur","1270","2","0","0","258","-2731","0","73"
"winterthur","1275","1","0","0","237","-2752","0","67"
"winterthur","1280","1","0","0","218","-2771","0","62"
"winterthur","1285","0","0","0","200","-2789","0","57"
"winterthur","1290","0","0","0","184","-2805","0","52"
"winterthur","1295","0","0","0","169","-2820","0","48"
"winterthur","1300","0","0","0","155","-2834","0","44"
"winterthur","1305","0","0","0","143","-2846","0","40"
"winterthur","1310","0","0","0","131","-2858","0","37"
"winterthur","1315","0","0","0","120","-2869","0","34"
"winterthur","1320","0","0","0","111","-2878","0","31"
"winterthur","1325","0","0","0","102","-2887","0","29"
"winterthur","1330","0","0","0","93","-2896","0","26"
"winterthur","1335","0","0","0","86","-2903","0","24"
"winterthur","1340","0","0","0","79","-2910","0","22"
"winterthur","1345","0","0","0","72","-2917","0","20"
"winterthur","1350","0","0","0","66","-2923","0","19"
"winterthur","1355","0","0","0","61","-2928","0","17"
"winterthur","1360","0","0","0","56","-2933","0","16"
"winterthur","1365","0","0","0","51","-2938","0","15"
"winterthur","1370","0","0","0","47","-2942","0","13"
"winterthur","1375","0","0","0","43","-2946","0","12"
"winterthur","1380","0","0","0","40","-2949","0","11"
"winterthur","1385","0","0","0","36","-2953","0","10"
"winterthur","1390","0","0","0","33","-2956","0","9"
"winterthur","1395","0","0","0","31","-2958","0","9"
"winterthur","1400","0","0","0","28","-2961","0","8"
"winterthur","1405","0","0","0","26","-2963","0","7"
"winterthur","1410","0","0","0","24","-2965","0","7"
"winterthur","1415","0","0","0","22","-2967","0","6"
"winterthur","1420","0","0","0","20","-2969","0","6"
"winterthur","1425","0","0","0","18","-2971","0","5"
"winterthur","1430","0","0","0","17","-2972","0","5"
"winterthur","1435","0","0","0","15","-2974","0","4"
"winterthur","1440","0","0","0","14","-2975","0","4"
"lucerne","0","0","0","0","2","-8916","0","1"
"lucerne","5","0","0","0","3","-8915","0","1"
"lucerne","10","0","0","0","3","-8915","0","1"
"lucerne","15","0","0","0","3","-8915","0","1"
"lucerne","20","0","0","0","4","-8914","0","1"
"lucerne","25","0","0","0","4","-8914","0","1"
"lucerne","30","0","0","0","4","-8914","0","1"
"lucerne","35","0","0","0","5","-8913","0","1"
"lucerne","40","0","0","0","5","-8913","0","1"
"lucerne","45","0","0","0","6","-8912","0","2"
"lucerne","50","0","0","0","6","-8912","0","2"
"lucerne","55","0","0","0","7","-8911","0","2"
"lucerne","60","0","0","0","8","-8910","0","2"
"lucerne","65","0","0","0","9","-8909","0","2"
"lucerne","70","0","0","0","10","-8908","0","3"
"lucerne","75","0","0","0","11","-8907","0","3"
"lucerne","80","0","0","0","12","-8906","0","3"
"lucerne","85","0","0","0","13","-8905","0","3"
"lucerne","90","0","0","0","14","-8904","0","4"
"lucerne","95","0","0","0","16","-8902","0","4"
"lucerne","100","0","0","0","18","-8900","0","5"
"lucerne","105","0","0","0","19","-8899","0","5"
"lucerne","110","0","0","0","22","-8896","0","6"
"lucerne","115","0","0","0","24","-8894","0","6"
"lucerne","120","0","0","0","26","-8892","0","7"
"lucerne","125","0","0","0","29","-8889","0","8"
"lucerne","130","0","0","0","32","-8886","0","9"
"lucerne","135","0","0","0","35","-8883","0","9"
"lucerne","140","0","0","0","39","-8879","0","10"
"lucerne","145","0","0","0","43","-8875","0","11"
"lucerne","150","0","0","0","48","-8870","0","13"
"lucerne","155","0","0","0","53","-8865","0","14"
"lucerne","160","0","0","0","58","-8860","0","15"
"lucerne","165","0","0","0","64","-8854","0","17"
"lucerne","170","0","0","0","71","-8847","0","19"
"lucerne","175","0","0","0","79","-8839","0","21"
"lucerne","180","0","0","0","87","-8831","0","23"
"lucerne","185","0","0","0","96","-8822","0","25"
"lucerne","190","0","0","0","106","-8812","0","28"
"lucerne","195","0","0","0","117","-8801","0","31"
"lucerne","200","0","0","0","129","-8789","0","34"
"lucerne","205","0","0","0","142","-8776","0","38"
"lucerne","210","0","0","0","156","-8762","0","42"
"lucerne","215","0","0","0","173","-8745","0","46"
"lucerne","220","0","0","0","190","-8728","0","51"
"lucerne","225","0","0","0","210","-8708","0","56"
"lucerne","230","0","0","0","231","-8687","0","62"
"lucerne","235","0","0","0","255","-8663","0","68"
"lucerne","240","0","0","0","281","-8637","0","75"
"lucerne","245","0","0","0","309","-8609","0","82"
"lucerne","250","0","0","0","341","-8577","0","91"
"lucerne","255","0","0","0","375","-8543","0","100"
"lucerne","260","0","0","0","413","-8505","0","110"
"lucerne","265","0","0","0","455","-8463","0","121"
"lucerne","270","0","0","0","500","-8418","0","133"
"lucerne","275","0","0","0","550","-8368","0","147"
"lucerne","280","0","0","0","605","-8313","0","161"
"lucerne","285","0","0","0","665","-8253","0","177"
"lucerne","290","0","893","0","731","-8187","0","195"
"lucerne","295","0","1377","0","803","-8115","0","214"
"lucerne","300","0","2184","0","881","-8037","0","235"
"lucerne","305","9","2723","0","967","-7951","-3","258"
"lucerne","310","35","3255","0","1060","-7858","-11","283"
"lucerne","315","78","4175","0","1162","-7756","-24","310"
"lucerne","320","133","4252","0","1273","-7645","-38","340"
"lucerne","325","197","5025","0","1394","-7524","-51","372"
"lucerne","330","268","4971","0","1525","-7393","-62","407"
"lucerne","335","343","4712","0","1667","-7251","-69","445"
"lucerne","340","421","4574","402","1821","-7097","-71","486"
"lucerne","345","502","4205","402","1988","-6930","-69","531"
"lucerne","350","585","3953","597","2168","-6750","-61","579"
"lucerne","355","669","4096","865","2362","-6556","-47","631"
"lucerne","360","754","3857","1003","2571","-6347","-27","687"
"lucerne","365","839","3186","1003","2796","-6122","-1","747"
"lucerne","370","924","2874","1237","3037","-5881","32","812"
"lucerne","375","1009","3049","1580","3295","-5623","71","881"
"lucerne","380","1095","3059","1679","3572","-5346","116","955"
"lucerne","385","1180","2623","2145","3866","-5052","168","1034"
"lucerne","390","1266","2694","1828","4179","-4739","226","1118"
"lucerne","395","1352","2882","2168","4512","-4406","291","1207"
"lucerne","400","1437","2984","2160","4864","-4054","362","1302"
"lucerne","405","1523","3055","2598","5235","-3683","440","1401"
"lucerne","410","1609","2951","2024","5627","-3291","524","1506"
"lucerne","415","1695","3326","2297","6037","-2881","614","1616"
"lucerne","420","1781","3211","2897","6467","-2451","712","1731"
"lucerne","425","1867","2897","2951","6915","-2003","815","1852"
"lucerne","430","1952","3013","2812","7381","-1537","925","1976"
"lucerne","435","2038","3366","2737","7863","-1055","1042","2105"
"lucerne","440","2124","2626","2636","8360","-558","1165","2238"
"lucerne","445","2210","2860","2624","8870","-48","1295","2375"
"lucerne","450","2296","2730","3069","9391","473","1431","2515"
"lucerne","455","2364","2567","2850","9922","1004","1580","2657"
"lucerne","460","2397","2548","3343","10459","1541","1745","2800"
"lucerne","465","2398","2108","2990","11001","2083","1926","2945"
"lucerne","470","2374","2199","3204","11544","2626","2117","3090"
"lucerne","475","2332","2278","3083","12086","3168","2312","3235"
"lucerne","480","2276","2310","3079","12623","3705","2509","3378"
"lucerne","485","2212","2037","3170","13155","4237","2705","3520"
"lucerne","490","2140","2212","3273","13677","4759","2898","3660"
"lucerne","495","2064","2312","3403","14187","5269","3088","3796"
"lucerne","500","1984","2274","3639","14683","5765","3274","3928"
"lucerne","505","1902","2994","3295","15164","6246","3454","4056"
"lucerne","510","1819","2977","3271","15627","6709","3629","4179"
"lucerne","515","1735","2497","2876","16072","7154","3797","4298"
"lucerne","520","1650","2734","2466","16496","7578","3959","4411"
"lucerne","525","1566","2333","2203","16900","7982","4115","4518"
"lucerne","530","1481","2649","2603","17283","8365","4265","4620"
"lucerne","535","1395","2939","2493","17644","8726","4408","4716"
"lucerne","540","1310","2947","2109","17984","9066","4545","4807"
"lucerne","545","1224","2838","1845","18303","9385","4676","4892"
"lucerne","550","1139","2744","2013","18601","9683","4800","4971"
"lucerne","555","1053","2614","1836","18879","9961","4918","5045"
"lucerne","560","967","2981","1637","19138","10220","5029","5113"
"lucerne","565","882","2576","1493","19378","10460","5134","5177"
"lucerne","570","796","2612","1492","19600","10682","5233","5236"
"lucerne","575","710","2233","1090","19805","10887","5324","5291"
"lucerne","580","624","1770","872","19993","11075","5410","5341"
"lucerne","585","538","1520","1051","20167","11249","5489","5387"
"lucerne","590","452","1089","959","20327","11409","5561","5429"
"lucerne","595","367","848","791","20473","11555","5627","5468"
"lucerne","600","281","848","791","20607","11689","5686","5504"
"lucerne","605","204","429","791","20729","11811","5736","5536"
"lucerne","610","144","323","755","20841","11923","5774","5566"
"lucerne","615","101","290","418","20943","12025","5801","5593"
"lucerne","620","70","191","207","21036","12118","5820","5617"
"lucerne","625","48","170","154","21120","12202","5834","5640"
"lucerne","630","33","148","94","21197","12279","5843","5660"
"lucerne","635","22","71","94","21267","12349","5850","5679"
"lucerne","640","15","36","94","21330","12412","5855","5695"
"lucerne","645","10","36","94","21387","12469","5858","5710"
"lucerne","650","7","30","94","21438","12520","5860","5724"
"lucerne","655","5","25","94","21485","12567","5861","5736"
"lucerne","660","4","23","94","21526","12608","5862","5747"
"lucerne","665","3","12","50","21564","12646","5863","5757"
"lucerne","670","2","12","50","21597","12679","5864","5766"
"lucerne","675","2","12","0","21627","12709","5864","5774"
"lucerne","680","1","2","0","21654","12736","5865","5781"
"lucerne","685","1","2","0","21678","12760","5865","5787"
"lucerne","690","1","0","0","21699","12781","5865","5793"
"lucerne","695","1","0","0","21717","12799","5865","5798"
"lucerne","700","0","0","0","21732","12814","5866","5802"
"lucerne","705","0","0","0","21746","12828","5866","5805"
"lucerne","710","0","0","0","21757","12839","5866","5808"
"lucerne","715","0","0","0","21766","12848","5866","5811"
"lucerne","720","0","0","0","21774","12856","5866","5813"
"lucerne","725","0","0","0","21779","12861","5866","5814"
"lucerne","730","0","0","0","21783","12865","5866","5815"
"lucerne","735","0","0","0","21785","12867","5866","5816"
"lucerne","740","0","0","0","21786","12868","5866","5816"
"lucerne","745","0","0","0","21785","12867","5866","5816"
"lucerne","750","0","0","0","21782","12864","5866","5815"
"lucerne","755","0","0","0","21777","12859","5866","5814"
"lucerne","760","0","0","0","21771","12853","5866","5812"
"lucerne","765","0","0","0","21764","12846","5866","5810"
"lucerne","770","0","0","0","21755","12837","5866","5807"
"lucerne","775","0","0","0","21744","12826","5866","5804"
"lucerne","780","0","0","0","21731","12813","5866","5801"
"lucerne","785","0","0","0","21716","12798","5866","5797"
"lucerne","790","0","0","0","21700","12782","5866","5793"
"lucerne","795","0","0","0","21681","12763","5866","5788"
"lucerne","800","0","0","0","21660","12742","5866","5782"
"lucerne","805","0","0","0","21637","12719","5866","5776"
"lucerne","810","0","0","0","21612","12694","5866","5769"
"lucerne","815","0","0","0","21584","12666","5866","5761"
"lucerne","820","0","0","0","21553","12635","5866","5753"
"lucerne","825","0","0","0","21519","12601","5866","5744"
"lucerne","830","0","0","0","21482","12564","5866","5734"
"lucerne","835","0","0","0","21441","12523","5866","5723"
"lucerne","840","0","0","0","21397","12479","5866","5711"
"lucerne","845","0","0","0","21349","12431","5866","5699"
"lucerne","850","0","0","0","21297","12379","5866","5684"
"lucerne","855","0","0","0","21240","12322","5866","5669"
"lucerne","860","0","0","0","21178","12260","5866","5653"
"lucerne","865","0","0","0","21111","12193","5866","5635"
"lucerne","870","0","0","0","21038","12120","5866","5615"
"lucerne","875","0","0","0","20960","12042","5866","5594"
"lucerne","880","0","0","0","20874","11956","5866","5571"
"lucerne","885","0","0","0","20782","11864","5866","5546"
"lucerne","890","0","0","0","20682","11764","5866","5519"
"lucerne","895","0","0","0","20574","11656","5866","5490"
"lucerne","900","0","229","0","20458","11540","5866","5459"
"lucerne","905","9","292","0","20333","11415","5860","5426"
"lucerne","910","35","806","0","20198","11280","5842","5389"
"lucerne","915","78","969","0","20053","11135","5812","5350"
"lucerne","920","134","996","0","19896","10978","5772","5308"
"lucerne","925","200","1104","0","19729","10811","5722","5263"
"lucerne","930","272","1475","0","19549","10631","5663","5215"
"lucerne","935","349","1705","198","19356","10438","5596","5163"
"lucerne","940","430","2335","198","19150","10232","5522","5108"
"lucerne","945","513","2945","512","18930","10012","5440","5049"
"lucerne","950","598","2863","650","18695","9777","5351","4986"
"lucerne","955","685","2929","1159","18445","9527","5254","4919"
"lucerne","960","772","2968","1209","18179","9261","5151","4847"
"lucerne","965","859","3416","1378","17897","8979","5042","4772"
"lucerne","970","947","3304","1480","17599","8681","4925","4692"
"lucerne","975","1034","2947","1635","17284","8366","4802","4607"
"lucerne","980","1122","2960","1587","16952","8034","4673","4518"
"lucerne","985","1210","3260","1603","16603","7685","4537","4425"
"lucerne","990","1298","3002","1992","16237","7319","4395","4327"
"lucerne","995","1387","3332","2407","15855","6937","4246","4224"
"lucerne","1000","1475","3437","2438","15457","6539","4090","4118"
"lucerne","1005","1563","3104","2449","15044","6126","3928","4007"
"lucerne","1010","1651","3614","2683","14616","5698","3760","3893"
"lucerne","1015","1739","3340","2797","14175","5257","3585","3775"
"lucerne","1020","1827","3876","2729","13722","4804","3403","3654"
"lucerne","1025","1916","4003","2642","13258","4340","3215","3530"
"lucerne","1030","2004","3496","3243","12785","3867","3021","3403"
"lucerne","1035","2092","3400","2841","12305","3387","2820","3275"
"lucerne","1040","2180","3831","2888","11819","2901","2612","3145"
"lucerne","1045","2269","4056","2781","11329","2411","2398","3015"
"lucerne","1050","2357","4251","2876","10838","1920","2177","2884"
"lucerne","1055","2428","4205","2622","10348","1430","1962","2753"
"lucerne","1060","2463","3651","2638","9859","941","1765","2623"
"lucerne","1065","2465","3881","2614","9376","458","1584","2494"
"lucerne","1070","2442","3671","2578","8898","-20","1418","2366"
"lucerne","1075","2399","4076","2576","8429","-489","1265","2241"
"lucerne","1080","2342","3280","2573","7970","-948","1123","2119"
"lucerne","1085","2277","3422","3102","7521","-1397","990","1999"
"lucerne","1090","2204","3296","3206","7086","-1832","866","1884"
"lucerne","1095","2125","3353","3675","6664","-2254","750","1771"
"lucerne","1100","2043","3690","3810","6257","-2661","643","1663"
"lucerne","1105","1958","3811","3026","5866","-3052","543","1559"
"lucerne","1110","1873","3799","2969","5490","-3428","451","1459"
"lucerne","1115","1786","4108","2818","5132","-3786","365","1363"
"lucerne","1120","1699","4250","2960","4790","-4128","286","1272"
"lucerne","1125","1612","4117","2582","4465","-4453","213","1186"
"lucerne","1130","1524","3799","2741","4157","-4761","147","1104"
"lucerne","1135","1437","3839","2482","3866","-5052","87","1027"
"lucerne","1140","1349","4036","2627","3591","-5327","34","954"
"lucerne","1145","1261","4092","2159","3332","-5586","-13","885"
"lucerne","1150","1173","3739","2265","3089","-5829","-53","820"
"lucerne","1155","1084","3464","2144","2861","-6057","-86","760"
"lucerne","1160","996","2784","2028","2648","-6270","-113","703"
"lucerne","1165","908","2340","1885","2448","-6470","-134","650"
"lucerne","1170","820","1898","1654","2262","-6656","-148","601"
"lucerne","1175","732","1581","1385","2089","-6829","-155","555"
"lucerne","1180","644","1304","1428","1928","-6990","-156","512"
"lucerne","1185","556","1113","1237","1778","-7140","-151","472"
"lucerne","1190","467","818","820","1639","-7279","-139","435"
"lucerne","1195","379","688","710","1510","-7408","-120","401"
"lucerne","1200","291","665","710","1390","-7528","-95","369"
"lucerne","1205","211","607","586","1279","-7639","-69","340"
"lucerne","1210","150","589","478","1177","-7741","-49","312"
"lucerne","1215","104","308","478","1083","-7835","-34","287"
"lucerne","1220","72","115","283","995","-7923","-24","264"
"lucerne","1225","49","99","283","915","-8003","-16","243"
"lucerne","1230","33","38","108","841","-8077","-11","223"
"lucerne","1235","22","36","108","772","-8146","-7","205"
"lucerne","1240","14","22","108","709","-8209","-4","188"
"lucerne","1245","9","16","108","651","-8267","-2","173"
"lucerne","1250","6","7","108","598","-8320","-1","159"
"lucerne","1255","5","7","71","549","-8369","0","146"
"lucerne","1260","3","7","0","503","-8415","0","134"
"lucerne","1265","2","5","0","462","-8456","0","122"
"lucerne","1270","2","5","0","424","-8494","0","112"
"lucerne","1275","1","5","0","389","-8529","0","103"
"lucerne","1280","1","0","0","356","-8562","0","95"
"lucerne","1285","1","0","0","327","-8591","0","87"
"lucerne","1290","1","0","0","300","-8618","0","79"
"lucerne","1295","1","0","0","275","-8643","0","73"
"lucerne","1300","0","0","0","252","-8666","0","67"
"lucerne","1305","0","0","0","231","-8687","0","61"
"lucerne","1310","0","0","0","212","-8706","0","56"
"lucerne","1315","0","0","0","194","-8724","0","51"
"lucerne","1320","0","0","0","178","-8740","0","47"
"lucerne","1325","0","0","0","163","-8755","0","43"
"lucerne","1330","0","0","0","149","-8769","0","40"
"lucerne","1335","0","0","0","137","-8781","0","36"
"lucerne","1340","0","0","0","125","-8793","0","33"
"lucerne","1345","0","0","0","115","-8803","0","30"
"lucerne","1350","0","0","0","105","-8813","0","28"
"lucerne","1355","0","0","0","96","-8822","0","26"
"lucerne","1360","0","0","0","88","-8830","0","23"
"lucerne","1365","0","0","0","81","-8837","0","21"
"lucerne","1370","0","0","0","74","-8844","0","20"
"lucerne","1375","0","0","0","68","-8850","0","18"
"lucerne","1380","0","0","0","62","-8856","0","16"
"lucerne","1385","0","0","0","57","-8861","0","15"
"lucerne","1390","0","0","0","52","-8866","0","14"
"lucerne","1395","0","0","0","48","-8870","0","13"
"lucerne","1400","0","0","0","44","-8874","0","12"
"lucerne","1405","0","0","0","40","-8878","0","11"
"lucerne","1410","0","0","0","37","-8881","0","10"
"lucerne","1415","0","0","0","34","-8884","0","9"
"lucerne","1420","0","0","0","31","-8887","0","8"
"lucerne","1425","0","0","0","28","-8890","0","7"
"lucerne","1430","0","0","0","26","-8892","0","7"
"lucerne","1435","0","0","0","24","-8894","0","6"
"lucerne","1440","0","0","0","22","-8896","0","6"
"st-gallen","0","0","0","0","3","-14379","0","1"
"st-gallen","5","0","0","0","3","-14379","0","1"
"st-gallen","10","0","0","0","4","-14378","0","1"
"st-gallen","15","0","0","0","4","-14378","0","2"
"st-gallen","20","0","0","0","5","-14377","0","2"
"st-gallen","25","0","0","0","5","-14377","0","2"
"st-gallen","30","0","0","0","6","-14376","0","2"
"st-gallen","35","0","0","0","6","-14376","0","2"
"st-gallen","40","0","0","0","7","-14375","0","3"
"st-gallen","45","0","0","0","8","-14374","0","3"
"st-gallen","50","0","0","0","9","-14373","0","3"
"st-gallen","55","0","0","0","10","-14372","0","3"
"st-gallen","60","0","0","0","11","-14371","0","4"
"st-gallen","65","0","0","0","12","-14370","0","4"
"st-gallen","70","0","0","0","13","-14369","0","5"
"st-gallen","75","0","0","0","14","-14368","0","5"
"st-gallen","80","0","0","0","16","-14366","0","6"
"st-gallen","85","0","0","0","18","-14364","0","6"
"st-gallen","90","0","0","0","20","-14362","0","7"
"st-gallen","95","0","0","0","22","-14360","0","8"
"st-gallen","100","0","0","0","24","-14358","0","9"
"st-gallen","105","0","0","0","27","-14355","0","10"
"st-gallen","110","0","0","0","30","-14352","0","11"
"st-gallen","115","0","0","0","33","-14349","0","12"
"st-gallen","120","0","0","0","36","-14346","0","13"
"st-gallen","125","0","0","0","40","-14342","0","15"
"st-gallen","130","0","0","0","45","-14337","0","16"
"st-gallen","135","0","0","0","49","-14333","0","18"
"st-gallen","140","0","0","0","55","-14327","0","20"
"st-gallen","145","0","0","0","61","-14321","0","22"
"st-gallen","150","0","0","0","67","-14315","0","24"
"st-gallen","155","0","0","0","74","-14308","0","27"
"st-gallen","160","0","0","0","82","-14300","0","30"
"st-gallen","165","0","0","0","91","-14291","0","33"
"st-gallen","170","0","0","0","101","-14281","0","37"
"st-gallen","175","0","0","0","112","-14270","0","41"
"st-gallen","180","0","0","0","124","-14258","0","45"
"st-gallen","185","0","0","0","137","-14245","0","50"
"st-gallen","190","0","0","0","152","-14230","0","55"
"st-gallen","195","0","0","0","168","-14214","0","61"
"st-gallen","200","0","0","0","186","-14196","0","68"
"st-gallen","205","0","0","0","206","-14176","0","75"
"st-gallen","210","0","0","0","228","-14154","0","83"
"st-gallen","215","0","0","0","252","-14130","0","92"
"st-gallen","220","0","0","0","279","-14103","0","102"
"st-gallen","225","0","0","0","309","-14073","0","112"
"st-gallen","230","0","0","0","342","-14040","0","124"
"st-gallen","235","0","0","0","378","-14004","0","138"
"st-gallen","240","0","0","0","418","-13964","0","152"
"st-gallen","245","0","0","0","462","-13920","0","168"
"st-gallen","250","0","0","0","511","-13871","0","186"
"st-gallen","255","0","0","0","565","-13817","0","206"
"st-gallen","260","0","0","0","625","-13757","0","227"
"st-gallen","265","0","0","0","690","-13692","0","251"
"st-gallen","270","0","0","0","763","-13619","0","278"
"st-gallen","275","0","0","0","842","-13540","0","307"
"st-gallen","280","0","0","0","930","-13452","0","339"
"st-gallen","285","0","0","0","1027","-13355","0","374"
"st-gallen","290","0","911","0","1133","-13249","0","413"
"st-gallen","295","0","1298","0","1250","-13132","0","455"
"st-gallen","300","0","1453","0","1379","-13003","0","502"
"st-gallen","305","12","2361","0","1520","-12862","-3","554"
"st-gallen","310","49","3009","0","1675","-12707","-10","610"
"st-gallen","315","109","3646","0","1845","-12537","-22","672"
"st-gallen","320","186","4526","0","2031","-12351","-34","740"
"st-gallen","325","274","4688","0","2234","-12148","-39","814"
"st-gallen","330","369","4641","0","2456","-11926","-36","895"
"st-gallen","335","468","5348","0","2698","-11684","-22","983"
"st-gallen","340","572","4902","136","2962","-11420","3","1080"
"st-gallen","345","677","4520","136","3249","-11133","41","1184"
"st-gallen","350","785","4419","165","3561","-10821","92","1298"
"st-gallen","355","895","3839","192","3900","-10482","156","1422"
"st-gallen","360","1006","3495","276","4265","-10117","233","1555"
"st-gallen","365","1118","3202","276","4661","-9721","324","1699"
"st-gallen","370","1231","2416","140","5086","-9296","429","1855"
"st-gallen","375","1344","2431","175","5544","-8838","549","2022"
"st-gallen","380","1456","2455","249","6035","-8347","682","2201"
"st-gallen","385","1569","2534","577","6559","-7823","831","2393"
"st-gallen","390","1682","2483","804","7119","-7263","993","2597"
"st-gallen","395","1794","2824","1043","7713","-6669","1170","2814"
"st-gallen","400","1907","3453","1212","8342","-6040","1361","3043"
"st-gallen","405","2020","3790","1380","9007","-5375","1567","3286"
"st-gallen","410","2132","3467","1520","9705","-4677","1787","3541"
"st-gallen","415","2245","3671","1378","10437","-3945","2022","3808"
"st-gallen","420","2358","3758","1648","11200","-3182","2271","4087"
"st-gallen","425","2471","3723","1871","11993","-2389","2534","4376"
"st-gallen","430","2583","3559","2007","12813","-1569","2812","4675"
"st-gallen","435","2696","3167","2297","13657","-725","3104","4983"
"st-gallen","440","2809","2482","2791","14522","140","3411","5299"
"st-gallen","445","2921","2319","2909","15403","1021","3732","5621"
"st-gallen","450","3034","2235","3179","16297","1915","4068","5947"
"st-gallen","455","3122","2021","3267","17200","2818","4423","6276"
"st-gallen","460","3161","2243","3278","18106","3724","4802","6606"
"st-gallen","465","3154","2195","3049","19011","4629","5205","6936"
"st-gallen","470","3112","2002","2923","19910","5528","5620","7264"
"st-gallen","475","3049","1761","2950","20799","6417","6040","7588"
"st-gallen","480","2973","1731","2855","21673","7291","6455","7907"
"st-gallen","485","2887","1567","2805","22528","8146","6863","8218"
"st-gallen","490","2793","1890","2939","23361","8979","7263","8522"
"st-gallen","495","2694","1773","2703","24168","9786","7653","8816"
"st-gallen","500","2590","1958","2567","24946","10564","8030","9099"
"st-gallen","505","2484","1969","2248","25693","11311","8396","9371"
"st-gallen","510","2374","1966","2150","26407","12025","8750","9631"
"st-gallen","515","2263","2014","2454","27087","12705","9091","9879"
"st-gallen","520","2150","2115","2417","27731","13349","9418","10113"
"st-gallen","525","2038","1958","2592","28339","13957","9730","10335"
"st-gallen","530","1925","1867","2559","28912","14530","10029","10543"
"st-gallen","535","1812","2027","2719","29449","15067","10313","10738"
"st-gallen","540","1700","1940","2611","29951","15569","10582","10921"
"st-gallen","545","1587","2250","2546","30419","16037","10837","11091"
"st-gallen","550","1474","2106","2521","30854","16472","11078","11250"
"st-gallen","555","1361","2098","2346","31258","16876","11304","11396"
"st-gallen","560","1249","2000","2224","31631","17249","11516","11532"
"st-gallen","565","1136","1845","2085","31976","17594","11714","11657"
"st-gallen","570","1023","1497","2101","32293","17911","11897","11773"
"st-gallen","575","911","1477","1919","32584","18202","12066","11879"
"st-gallen","580","798","1466","1836","32852","18470","12220","11976"
"st-gallen","585","685","1429","1466","33097","18715","12360","12065"
"st-gallen","590","572","1390","1357","33322","18940","12486","12147"
"st-gallen","595","460","1386","1209","33526","19144","12597","12221"
"st-gallen","600","347","1207","840","33713","19331","12693","12289"
"st-gallen","605","247","1178","790","33883","19501","12773","12351"
"st-gallen","610","171","1068","642","34038","19656","12833","12407"
"st-gallen","615","118","903","630","34179","19797","12875","12458"
"st-gallen","620","82","892","561","34306","19924","12903","12505"
"st-gallen","625","58","857","389","34422","20040","12921","12547"
"st-gallen","630","40","671","217","34527","20145","12935","12585"
"st-gallen","635","26","533","217","34621","20239","12945","12619"
"st-gallen","640","17","492","217","34707","20325","12952","12650"
"st-gallen","645","10","317","202","34784","20402","12957","12678"
"st-gallen","650","5","317","202","34853","20471","12960","12703"
"st-gallen","655","2","317","202","34915","20533","12962","12726"
"st-gallen","660","1","184","75","34971","20589","12963","12746"
"st-gallen","665","0","179","75","35021","20639","12964","12764"
"st-gallen","670","0","173","24","35065","20683","12964","12780"
"st-gallen","675","0","8","0","35104","20722","12964","12795"
"st-gallen","680","0","4","0","35139","20757","12964","12807"
"st-gallen","685","0","2","0","35169","20787","12964","12818"
"st-gallen","690","0","2","0","35196","20814","12964","12828"
"st-gallen","695","0","0","0","35218","20836","12964","12836"
"st-gallen","700","0","0","0","35238","20856","12964","12843"
"st-gallen","705","0","0","0","35254","20872","12964","12849"
"st-gallen","710","0","0","0","35267","20885","12964","12853"
"st-gallen","715","0","0","0","35277","20895","12964","12857"
"st-gallen","720","0","0","0","35284","20902","12964","12860"
"st-gallen","725","0","0","0","35289","20907","12964","12861"
"st-gallen","730","0","0","0","35291","20909","12964","12862"
"st-gallen","735","0","0","0","35291","20909","12964","12862"
"st-gallen","740","0","0","0","35288","20906","12964","12861"
"st-gallen","745","0","0","0","35282","20900","12964","12859"
"st-gallen","750","0","0","0","35275","20893","12964","12856"
"st-gallen","755","0","0","0","35264","20882","12964","12852"
"st-gallen","760","0","0","0","35251","20869","12964","12848"
"st-gallen","765","0","0","0","35236","20854","12964","12842"
"st-gallen","770","0","0","0","35217","20835","12964","12835"
"st-gallen","775","0","0","0","35196","20814","12964","12827"
"st-gallen","780","0","0","0","35172","20790","12964","12819"
"st-gallen","785","0","0","0","35144","20762","12964","12809"
"st-gallen","790","0","0","0","35114","20732","12964","12797"
"st-gallen","795","0","0","0","35080","20698","12964","12785"
"st-gallen","800","0","0","0","35041","20659","12964","12771"
"st-gallen","805","0","0","0","34999","20617","12964","12756"
"st-gallen","810","0","0","0","34953","20571","12964","12739"
"st-gallen","815","0","0","0","34902","20520","12964","12720"
"st-gallen","820","0","0","0","34846","20464","12964","12700"
"st-gallen","825","0","0","0","34784","20402","12964","12677"
"st-gallen","830","0","0","0","34717","20335","12964","12653"
"st-gallen","835","0","0","0","34644","20262","12964","12626"
"st-gallen","840","0","0","0","34564","20182","12964","12597"
"st-gallen","845","0","0","0","34476","20094","12964","12565"
"st-gallen","850","0","0","0","34381","19999","12964","12530"
"st-gallen","855","0","0","0","34278","19896","12964","12492"
"st-gallen","860","0","0","0","34165","19783","12964","12451"
"st-gallen","865","0","0","0","34043","19661","12964","12407"
"st-gallen","870","0","0","0","33910","19528","12964","12358"
"st-gallen","875","0","0","0","33766","19384","12964","12305"
"st-gallen","880","0","0","0","33610","19228","12964","12249"
"st-gallen","885","0","0","0","33441","19059","12964","12187"
"st-gallen","890","0","0","0","33258","18876","12964","12120"
"st-gallen","895","0","0","0","33061","18679","12964","12048"
"st-gallen","900","0","285","0","32848","18466","12964","11970"
"st-gallen","905","12","344","0","32618","18236","12954","11887"
"st-gallen","910","49","851","0","32370","17988","12925","11796"
"st-gallen","915","108","934","136","32104","17722","12876","11699"
"st-gallen","920","184","1275","236","31819","17437","12810","11595"
"st-gallen","925","270","1175","301","31512","17130","12727","11483"
"st-gallen","930","362","1410","353","31183","16801","12628","11363"
"st-gallen","935","459","1666","380","30832","16450","12514","11235"
"st-gallen","940","559","1750","491","30457","16075","12384","11098"
"st-gallen","945","662","1700","544","30058","15676","12239","10952"
"st-gallen","950","768","1810","469","29633","15251","12079","10797"
"st-gallen","955","874","2098","613","29182","14800","11904","10632"
"st-gallen","960","982","2536","786","28704","14322","11714","10458"
"st-gallen","965","1091","2892","786","28200","13818","11510","10274"
"st-gallen","970","1201","2677","798","27668","13286","11291","10080"
"st-gallen","975","1310","3238","930","27109","12727","11057","9876"
"st-gallen","980","1419","2864","1026","26523","12141","10810","9662"
"st-gallen","985","1529","2343","918","25911","11529","10547","9439"
"st-gallen","990","1638","3016","1222","25273","10891","10271","9206"
"st-gallen","995","1748","3370","1110","24610","10228","9980","8964"
"st-gallen","1000","1857","3441","1389","23924","9542","9674","8714"
"st-gallen","1005","1967","3391","1699","23217","8835","9354","8456"
"st-gallen","1010","2076","3496","1759","22489","8107","9020","8191"
"st-gallen","1015","2185","3717","1736","21744","7362","8672","7919"
"st-gallen","1020","2295","3500","2244","20983","6601","8308","7641"
"st-gallen","1025","2404","3746","2307","20210","5828","7931","7360"
"st-gallen","1030","2514","3535","2351","19427","5045","7539","7074"
"st-gallen","1035","2623","3252","2175","18638","4256","7133","6786"
"st-gallen","1040","2732","3177","2076","17845","3463","6712","6497"
"st-gallen","1045","2842","3108","2075","17052","2670","6277","6208"
"st-gallen","1050","2951","3209","2459","16261","1879","5828","5920"
"st-gallen","1055","3036","3654","2699","15476","1094","5383","5634"
"st-gallen","1060","3072","3490","2831","14701","319","4964","5351"
"st-gallen","1065","3063","3453","3078","13937","-445","4568","5073"
"st-gallen","1070","3021","2948","2835","13188","-1194","4194","4800"
"st-gallen","1075","2959","3291","2577","12456","-1926","3838","4533"
"st-gallen","1080","2884","3599","2501","11743","-2639","3500","4274"
"st-gallen","1085","2800","3617","2354","11052","-3330","3179","4022"
"st-gallen","1090","2708","3980","2278","10384","-3998","2874","3779"
"st-gallen","1095","2611","4023","2032","9740","-4642","2585","3544"
"st-gallen","1100","2510","4355","2320","9122","-5260","2311","3319"
"st-gallen","1105","2406","4053","2360","8530","-5852","2053","3104"
"st-gallen","1110","2299","4055","2462","7965","-6417","1810","2898"
"st-gallen","1115","2191","3833","2786","7427","-6955","1582","2702"
"st-gallen","1120","2082","3458","2928","6917","-7465","1369","2516"
"st-gallen","1125","1972","3256","2731","6434","-7948","1170","2340"
"st-gallen","1130","1863","3320","2505","5977","-8405","985","2174"
"st-gallen","1135","1753","3275","1969","5547","-8835","816","2018"
"st-gallen","1140","1644","3204","1917","5143","-9239","660","1871"
"st-gallen","1145","1535","3653","1890","4763","-9619","519","1732"
"st-gallen","1150","1425","3428","1802","4408","-9974","392","1603"
"st-gallen","1155","1316","3419","1554","4075","-10307","280","1482"
"st-gallen","1160","1206","3348","1371","3765","-10617","182","1369"
"st-gallen","1165","1097","2783","1206","3475","-10907","99","1264"
"st-gallen","1170","988","2287","1014","3206","-11176","30","1166"
"st-gallen","1175","878","2054","1014","2956","-11426","-25","1075"
"st-gallen","1180","769","1722","796","2724","-11658","-65","990"
"st-gallen","1185","659","1394","880","2508","-11874","-91","912"
"st-gallen","1190","550","905","773","2309","-12073","-103","839"
"st-gallen","1195","441","717","773","2124","-12258","-100","772"
"st-gallen","1200","331","653","787","1953","-12429","-82","710"
"st-gallen","1205","234","498","750","1795","-12587","-60","653"
"st-gallen","1210","162","414","735","1650","-12732","-44","600"
"st-gallen","1215","111","385","566","1515","-12867","-32","551"
"st-gallen","1220","77","124","531","1392","-12990","-23","506"
"st-gallen","1225","54","103","436","1277","-13105","-17","464"
"st-gallen","1230","37","60","436","1172","-13210","-12","426"
"st-gallen","1235","24","34","408","1076","-13306","-8","391"
"st-gallen","1240","15","22","408","987","-13395","-5","359"
"st-gallen","1245","9","15","201","905","-13477","-3","329"
"st-gallen","1250","5","7","201","830","-13552","-2","302"
"st-gallen","1255","2","7","201","761","-13621","-1","277"
"st-gallen","1260","1","5","201","697","-13685","0","254"
"st-gallen","1265","0","5","96","639","-13743","0","232"
"st-gallen","1270","0","5","84","586","-13796","0","213"
"st-gallen","1275","0","0","0","537","-13845","0","195"
"st-gallen","1280","0","0","0","492","-13890","0","179"
"st-gallen","1285","0","0","0","450","-13932","0","164"
"st-gallen","1290","0","0","0","413","-13969","0","150"
"st-gallen","1295","0","0","0","378","-14004","0","137"
"st-gallen","1300","0","0","0","346","-14036","0","126"
"st-gallen","1305","0","0","0","317","-14065","0","115"
"st-gallen","1310","0","0","0","290","-14092","0","105"
"st-gallen","1315","0","0","0","266","-14116","0","97"
"st-gallen","1320","0","0","0","243","-14139","0","88"
"st-gallen","1325","0","0","0","223","-14159","0","81"
"st-gallen","1330","0","0","0","204","-14178","0","74"
"st-gallen","1335","0","0","0","187","-14195","0","68"
"st-gallen","1340","0","0","0","171","-14211","0","62"
"st-gallen","1345","0","0","0","156","-14226","0","57"
"st-gallen","1350","0","0","0","143","-14239","0","52"
"st-gallen","1355","0","0","0","131","-14251","0","48"
"st-gallen","1360","0","0","0","120","-14262","0","44"
"st-gallen","1365","0","0","0","110","-14272","0","40"
"st-gallen","1370","0","0","0","101","-14281","0","37"
"st-gallen","1375","0","0","0","92","-14290","0","33"
"st-gallen","1380","0","0","0","84","-14298","0","31"
"st-gallen","1385","0","0","0","77","-14305","0","28"
"st-gallen","1390","0","0","0","71","-14311","0","26"
"st-gallen","1395","0","0","0","65","-14317","0","23"
"st-gallen","1400","0","0","0","59","-14323","0","21"
"st-gallen","1405","0","0","0","54","-14328","0","20"
"st-gallen","1410","0","0","0","49","-14333","0","18"
"st-gallen","1415","0","0","0","45","-14337","0","16"
"st-gallen","1420","0","0","0","41","-14341","0","15"
"st-gallen","1425","0","0","0","38","-14344","0","14"
"st-gallen","1430","0","0","0","35","-14347","0","13"
"st-gallen","1435","0","0","0","32","-14350","0","12"
"st-gallen","1440","0","0","0","29","-14353","0","11"
"lugano","0","0","0","0","1","-10745","0","1"
"lugano","5","0","0","0","2","-10744","0","1"
"lugano","10","0","0","0","2","-10744","0","1"
"lugano","15","0","0","0","2","-10744","0","1"
"lugano","20","0","0","0","2","-10744","0","1"
"lugano","25","0","0","0","2","-10744","0","1"
"lugano","30","0","0","0","3","-10743","0","1"
"lugano","35","0","0","0","3","-10743","0","1"
"lugano","40","0","0","0","3","-10743","0","2"
"lugano","45","0","0","0","4","-10742","0","2"
"lugano","50","0","0","0","4","-10742","0","2"
"lugano","55","0","0","0","4","-10742","0","2"
"lugano","60","0","0","0","5","-10741","0","2"
"lugano","65","0","0","0","6","-10740","0","3"
"lugano","70","0","0","0","6","-10740","0","3"
"lugano","75","0","0","0","7","-10739","0","3"
"lugano","80","0","0","0","8","-10738","0","4"
"lugano","85","0","0","0","9","-10737","0","4"
"lugano","90","0","0","0","10","-10736","0","5"
"lugano","95","0","0","0","11","-10735","0","5"
"lugano","100","0","0","0","12","-10734","0","6"
"lugano","105","0","0","0","13","-10733","0","6"
"lugano","110","0","0","0","15","-10731","0","7"
"lugano","115","0","0","0","16","-10730","0","8"
"lugano","120","0","0","0","18","-10728","0","9"
"lugano","125","0","0","0","20","-10726","0","10"
"lugano","130","0","0","0","22","-10724","0","11"
"lugano","135","0","0","0","25","-10721","0","12"
"lugano","140","0","0","0","28","-10718","0","13"
"lugano","145","0","0","0","31","-10715","0","15"
"lugano","150","0","0","0","35","-10711","0","17"
"lugano","155","0","0","0","39","-10707","0","19"
"lugano","160","0","0","0","43","-10703","0","21"
"lugano","165","0","0","0","48","-10698","0","23"
"lugano","170","0","0","0","53","-10693","0","26"
"lugano","175","0","0","0","59","-10687","0","29"
"lugano","180","0","0","0","66","-10680","0","32"
"lugano","185","0","0","0","74","-10672","0","36"
"lugano","190","0","0","0","82","-10664","0","40"
"lugano","195","0","0","0","92","-10654","0","44"
"lugano","200","0","0","0","102","-10644","0","49"
"lugano","205","0","0","0","114","-10632","0","55"
"lugano","210","0","0","0","127","-10619","0","61"
"lugano","215","0","0","0","141","-10605","0","68"
"lugano","220","0","0","0","157","-10589","0","76"
"lugano","225","0","0","0","175","-10571","0","85"
"lugano","230","0","0","0","195","-10551","0","94"
"lugano","235","0","0","0","217","-10529","0","105"
"lugano","240","0","0","0","242","-10504","0","117"
"lugano","245","0","0","0","270","-10476","0","131"
"lugano","250","0","0","0","301","-10445","0","146"
"lugano","255","0","0","0","335","-10411","0","162"
"lugano","260","0","0","0","373","-10373","0","181"
"lugano","265","0","0","0","415","-10331","0","202"
"lugano","270","0","0","0","463","-10283","0","225"
"lugano","275","0","0","0","515","-10231","0","250"
"lugano","280","0","0","0","573","-10173","0","279"
"lugano","285","0","0","0","638","-10108","0","310"
"lugano","290","0","120","0","710","-10036","0","345"
"lugano","295","0","122","0","790","-9956","0","385"
"lugano","300","0","371","0","879","-9867","0","428"
"lugano","305","11","371","0","977","-9769","-2","476"
"lugano","310","44","371","0","1086","-9660","-8","529"
"lugano","315","96","398","0","1207","-9539","-15","588"
"lugano","320","164","398","0","1340","-9406","-22","654"
"lugano","325","246","295","0","1488","-9258","-28","726"
"lugano","330","342","341","0","1650","-9096","-31","806"
"lugano","335","448","630","0","1829","-8917","-30","893"
"lugano","340","563","655","0","2026","-8720","-23","990"
"lugano","345","686","583","0","2243","-8503","-9","1097"
"lugano","350","815","685","68","2481","-8265","13","1213"
"lugano","355","950","703","189","2741","-8005","45","1341"
"lugano","360","1090","589","189","3025","-7721","86","1481"
"lugano","365","1234","279","361","3334","-7412","137","1633"
"lugano","370","1382","283","473","3670","-7076","198","1798"
"lugano","375","1533","172","473","4035","-6711","272","1977"
"lugano","380","1687","288","583","4429","-6317","357","2171"
"lugano","385","1843","369","462","4852","-5894","455","2380"
"lugano","390","1999","434","462","5307","-5439","567","2604"
"lugano","395","2156","560","571","5794","-4952","693","2843"
"lugano","400","2312","550","611","6311","-4435","833","3098"
"lugano","405","2469","791","847","6859","-3887","988","3367"
"lugano","410","2626","666","1095","7437","-3309","1157","3652"
"lugano","415","2783","552","1319","8044","-2702","1341","3951"
"lugano","420","2939","601","1595","8678","-2068","1539","4263"
"lugano","425","3096","711","1640","9336","-1410","1752","4586"
"lugano","430","3253","711","1574","10015","-731","1979","4920"
"lugano","435","3410","691","1766","10712","-34","2221","5263"
"lugano","440","3566","701","1718","11424","678","2478","5613"
"lugano","445","3723","657","2104","12147","1401","2748","5968"
"lugano","450","3880","237","2334","12875","2129","3034","6326"
"lugano","455","4014","188","2461","13605","2859","3338","6684"
"lugano","460","4105","275","2622","14333","3587","3663","7041"
"lugano","465","4158","108","2668","15054","4308","4007","7395"
"lugano","470","4179","97","2646","15763","5017","4365","7742"
"lugano","475","4171","178","2592","16458","5712","4734","8082"
"lugano","480","4137","178","2873","17135","6389","5112","8413"
"lugano","485","4082","178","3073","17790","7044","5497","8733"
"lugano","490","4008","350","3016","18421","7675","5884","9041"
"lugano","495","3919","411","3060","19027","8281","6272","9337"
"lugano","500","3817","411","2921","19604","8858","6658","9618"
"lugano","505","3704","411","2744","20152","9406","7041","9885"
"lugano","510","3582","330","2766","20671","9925","7418","10137"
"lugano","515","3449","330","2811","21159","10413","7790","10374"
"lugano","520","3310","330","2714","21617","10871","8155","10597"
"lugano","525","3165","200","2472","22045","11299","8511","10805"
"lugano","530","3014","63","2501","22444","11698","8858","10998"
"lugano","535","2859","63","2466","22815","12069","9194","11178"
"lugano","540","2704","72","2383","23159","12413","9517","11344"
"lugano","545","2547","123","2226","23476","12730","9826","11497"
"lugano","550","2390","123","2073","23768","13022","10121","11639"
"lugano","555","2233","123","1508","24037","13291","10401","11768"
"lugano","560","2077","127","1766","24283","13537","10667","11887"
"lugano","565","1920","237","1668","24509","13763","10918","11996"
"lugano","570","1763","232","1614","24715","13969","11155","12096"
"lugano","575","1606","232","1163","24903","14157","11378","12186"
"lugano","580","1450","232","1058","25075","14329","11585","12269"
"lugano","585","1293","65","867","25231","14485","11779","12344"
"lugano","590","1136","34","867","25372","14626","11957","12412"
"lugano","595","979","3","846","25501","14755","12122","12474"
"lugano","600","823","3","846","25617","14871","12271","12529"
"lugano","605","677","3","826","25722","14976","12405","12580"
"lugano","610","553","3","698","25818","15072","12520","12626"
"lugano","615","448","3","661","25904","15158","12619","12667"
"lugano","620","360","3","661","25981","15235","12703","12704"
"lugano","625","285","3","661","26051","15305","12775","12738"
"lugano","630","224","3","550","26114","15368","12835","12768"
"lugano","635","173","3","424","26170","15424","12884","12795"
"lugano","640","132","3","424","26221","15475","12925","12819"
"lugano","645","98","3","237","26266","15520","12958","12841"
"lugano","650","70","3","237","26307","15561","12985","12860"
"lugano","655","48","3","210","26343","15597","13006","12877"
"lugano","660","31","3","210","26375","15629","13023","12893"
"lugano","665","19","0","210","26404","15658","13035","12906"
"lugano","670","10","0","210","26429","15683","13044","12918"
"lugano","675","5","0","210","26451","15705","13049","12929"
"lugano","680","2","0","117","26470","15724","13052","12938"
"lugano","685","1","0","117","26487","15741","13053","12946"
"lugano","690","0","0","117","26501","15755","13054","12953"
"lugano","695","0","0","0","26513","15767","13054","12958"
"lugano","700","0","0","0","26523","15777","13054","12963"
"lugano","705","0","0","0","26531","15785","13054","12967"
"lugano","710","0","0","0","26537","15791","13054","12969"
"lugano","715","0","0","0","26542","15796","13054","12971"
"lugano","720","0","0","0","26544","15798","13054","12973"
"lugano","725","0","0","0","26545","15799","13054","12973"
"lugano","730","0","0","0","26544","15798","13054","12973"
"lugano","735","0","0","0","26542","15796","13054","12971"
"lugano","740","0","0","0","26538","15792","13054","12969"
"lugano","745","0","0","0","26533","15787","13054","12967"
"lugano","750","0","0","0","26525","15779","13054","12963"
"lugano","755","0","0","0","26516","15770","13054","12959"
"lugano","760","0","0","0","26506","15760","13054","12953"
"lugano","765","0","0","0","26493","15747","13054","12947"
"lugano","770","0","0","0","26479","15733","13054","12940"
"lugano","775","0","0","0","26462","15716","13054","12932"
"lugano","780","0","0","0","26443","15697","13054","12923"
"lugano","785","0","0","0","26422","15676","13054","12912"
"lugano","790","0","0","0","26399","15653","13054","12901"
"lugano","795","0","0","0","26373","15627","13054","12888"
"lugano","800","0","0","0","26344","15598","13054","12874"
"lugano","805","0","0","0","26311","15565","13054","12858"
"lugano","810","0","0","0","26276","15530","13054","12841"
"lugano","815","0","0","0","26237","15491","13054","12822"
"lugano","820","0","0","0","26194","15448","13054","12801"
"lugano","825","0","0","0","26147","15401","13054","12778"
"lugano","830","0","0","0","26095","15349","13054","12753"
"lugano","835","0","0","0","26039","15293","13054","12725"
"lugano","840","0","0","0","25977","15231","13054","12695"
"lugano","845","0","0","0","25909","15163","13054","12661"
"lugano","850","0","0","0","25835","15089","13054","12625"
"lugano","855","0","0","0","25754","15008","13054","12586"
"lugano","860","0","0","0","25665","14919","13054","12542"
"lugano","865","0","0","0","25569","14823","13054","12495"
"lugano","870","0","0","0","25464","14718","13054","12444"
"lugano","875","0","0","0","25350","14604","13054","12388"
"lugano","880","0","0","0","25226","14480","13054","12327"
"lugano","885","0","0","0","25091","14345","13054","12261"
"lugano","890","0","0","0","24945","14199","13054","12189"
"lugano","895","0","0","0","24786","14040","13054","12112"
"lugano","900","0","0","0","24615","13869","13054","12028"
"lugano","905","11","3","0","24429","13683","13045","11937"
"lugano","910","44","166","0","24228","13482","13017","11838"
"lugano","915","95","166","0","24012","13266","12972","11732"
"lugano","920","163","166","39","23779","13033","12911","11618"
"lugano","925","244","183","212","23528","12782","12834","11495"
"lugano","930","339","240","212","23259","12513","12741","11363"
"lugano","935","444","288","212","22971","12225","12633","11221"
"lugano","940","558","349","258","22663","11917","12510","11070"
"lugano","945","679","412","212","22334","11588","12372","10909"
"lugano","950","807","415","225","21984","11238","12220","10737"
"lugano","955","940","545","281","21612","10866","12053","10555"
"lugano","960","1076","518","281","21219","10473","11871","10362"
"lugano","965","1214","438","577","20803","10057","11675","10158"
"lugano","970","1355","377","589","20366","9620","11465","9943"
"lugano","975","1497","448","697","19906","9160","11239","9717"
"lugano","980","1639","518","745","19426","8680","11000","9481"
"lugano","985","1782","684","827","18924","8178","10745","9235"
"lugano","990","1926","583","843","18403","7657","10476","8980"
"lugano","995","2070","582","1068","17864","7118","10193","8715"
"lugano","1000","2214","326","1082","17307","6561","9895","8442"
"lugano","1005","2358","247","1494","16735","5989","9583","8162"
"lugano","1010","2502","252","1845","16150","5404","9256","7875"
"lugano","1015","2646","332","1969","15553","4807","8915","7582"
"lugano","1020","2790","209","2103","14948","4202","8559","7285"
"lugano","1025","2934","301","2155","14336","3590","8188","6985"
"lugano","1030","3078","325","2357","13720","2974","7803","6684"
"lugano","1035","3223","397","2343","13103","2357","7404","6382"
"lugano","1040","3367","419","2438","12487","1741","6990","6080"
"lugano","1045","3511","586","2514","11875","1129","6562","5781"
"lugano","1050","3655","499","2307","11270","524","6119","5484"
"lugano","1055","3777","764","2313","10673","-73","5680","5193"
"lugano","1060","3856","694","2362","10088","-658","5263","4907"
"lugano","1065","3897","707","2438","9516","-1230","4866","4627"
"lugano","1070","3906","707","2695","8959","-1787","4488","4355"
"lugano","1075","3887","605","2831","8420","-2326","4127","4092"
"lugano","1080","3842","577","2778","7898","-2848","3783","3837"
"lugano","1085","3776","427","2570","7396","-3350","3455","3592"
"lugano","1090","3692","247","2882","6914","-3832","3142","3357"
"lugano","1095","3593","247","2481","6454","-4292","2844","3132"
"lugano","1100","3481","271","2649","6014","-4732","2560","2918"
"lugano","1105","3360","271","2475","5597","-5149","2292","2715"
"lugano","1110","3232","292","2819","5202","-5544","2038","2522"
"lugano","1115","3099","312","2670","4828","-5918","1799","2340"
"lugano","1120","2962","333","2427","4475","-6271","1574","2169"
"lugano","1125","2822","288","2379","4144","-6602","1364","2008"
"lugano","1130","2682","288","2179","3833","-6913","1169","1856"
"lugano","1135","2540","352","2027","3541","-7205","988","1715"
"lugano","1140","2397","477","1622","3269","-7477","821","1583"
"lugano","1145","2252","460","1528","3015","-7731","670","1459"
"lugano","1150","2108","606","1673","2778","-7968","532","1344"
"lugano","1155","1964","579","1737","2558","-8188","410","1238"
"lugano","1160","1820","579","1765","2354","-8392","301","1138"
"lugano","1165","1676","306","1875","2165","-8581","208","1047"
"lugano","1170","1532","224","1795","1989","-8757","128","962"
"lugano","1175","1388","224","1438","1827","-8919","64","883"
"lugano","1180","1244","57","1471","1677","-9069","13","810"
"lugano","1185","1100","57","1348","1539","-9207","-22","743"
"lugano","1190","956","22","1227","1411","-9335","-44","682"
"lugano","1195","812","0","982","1294","-9452","-50","625"
"lugano","1200","668","0","748","1186","-9560","-43","572"
"lugano","1205","535","0","720","1086","-9660","-29","524"
"lugano","1210","423","0","720","995","-9751","-20","480"
"lugano","1215","331","0","720","911","-9835","-14","439"
"lugano","1220","254","0","611","834","-9912","-9","402"
"lugano","1225","191","0","574","763","-9983","-6","368"
"lugano","1230","142","0","574","698","-10048","-4","336"
"lugano","1235","103","0","353","638","-10108","-3","308"
"lugano","1240","73","0","194","584","-10162","-2","281"
"lugano","1245","50","0","194","534","-10212","-2","257"
"lugano","1250","34","0","194","488","-10258","-1","235"
"lugano","1255","23","0","194","446","-10300","-1","215"
"lugano","1260","14","0","194","408","-10338","-1","196"
"lugano","1265","9","0","93","373","-10373","0","179"
"lugano","1270","6","0","93","341","-10405","0","164"
"lugano","1275","3","0","93","311","-10435","0","150"
"lugano","1280","1","0","93","284","-10462","0","137"
"lugano","1285","0","0","93","260","-10486","0","125"
"lugano","1290","0","0","93","237","-10509","0","114"
"lugano","1295","0","0","93","217","-10529","0","104"
"lugano","1300","0","0","93","198","-10548","0","95"
"lugano","1305","0","0","93","181","-10565","0","87"
"lugano","1310","0","0","0","165","-10581","0","79"
"lugano","1315","0","0","0","151","-10595","0","72"
"lugano","1320","0","0","0","138","-10608","0","66"
"lugano","1325","0","0","0","126","-10620","0","60"
"lugano","1330","0","0","0","115","-10631","0","55"
"lugano","1335","0","0","0","105","-10641","0","50"
"lugano","1340","0","0","0","96","-10650","0","46"
"lugano","1345","0","0","0","87","-10659","0","42"
"lugano","1350","0","0","0","80","-10666","0","38"
"lugano","1355","0","0","0","73","-10673","0","35"
"lugano","1360","0","0","0","67","-10679","0","32"
"lugano","1365","0","0","0","61","-10685","0","29"
"lugano","1370","0","0","0","55","-10691","0","27"
"lugano","1375","0","0","0","51","-10695","0","24"
"lugano","1380","0","0","0","46","-10700","0","22"
"lugano","1385","0","0","0","42","-10704","0","20"
"lugano","1390","0","0","0","39","-10707","0","18"
"lugano","1395","0","0","0","35","-10711","0","17"
"lugano","1400","0","0","0","32","-10714","0","15"
"lugano","1405","0","0","0","29","-10717","0","14"
"lugano","1410","0","0","0","27","-10719","0","13"
"lugano","1415","0","0","0","24","-10722","0","12"
"lugano","1420","0","0","0","22","-10724","0","11"
"lugano","1425","0","0","0","20","-10726","0","10"
"lugano","1430","0","0","0","19","-10727","0","9"
"lugano","1435","0","0","0","17","-10729","0","8"
"lugano","1440","0","0","0","16","-10730","0","7"
"biel-bienne","0","0","0","0","1","-4801","0","0"
"biel-bienne","5","0","0","0","2","-4800","0","0"
"biel-bienne","10","0","0","0","2","-4800","0","1"
"biel-bienne","15","0","0","0","2","-4800","0","1"
"biel-bienne","20","0","0","0","2","-4800","0","1"
"biel-bienne","25","0","0","0","2","-4800","0","1"
"biel-bienne","30","0","0","0","3","-4799","0","1"
"biel-bienne","35","0","0","0","3","-4799","0","1"
"biel-bienne","40","0","0","0","3","-4799","0","1"
"biel-bienne","45","0","0","0","3","-4799","0","1"
"biel-bienne","50","0","0","0","4","-4798","0","1"
"biel-bienne","55","0","0","0","4","-4798","0","1"
"biel-bienne","60","0","0","0","5","-4797","0","1"
"biel-bienne","65","0","0","0","5","-4797","0","2"
"biel-bienne","70","0","0","0","6","-4796","0","2"
"biel-bienne","75","0","0","0","6","-4796","0","2"
"biel-bienne","80","0","0","0","7","-4795","0","2"
"biel-bienne","85","0","0","0","8","-4794","0","2"
"biel-bienne","90","0","0","0","9","-4793","0","3"
"biel-bienne","95","0","0","0","9","-4793","0","3"
"biel-bienne","100","0","0","0","10","-4792","0","3"
"biel-bienne","105","0","0","0","12","-4790","0","3"
"biel-bienne","110","0","0","0","13","-4789","0","4"
"biel-bienne","115","0","0","0","14","-4788","0","4"
"biel-bienne","120","0","0","0","16","-4786","0","5"
"biel-bienne","125","0","0","0","17","-4785","0","5"
"biel-bienne","130","0","0","0","19","-4783","0","6"
"biel-bienne","135","0","0","0","21","-4781","0","6"
"biel-bienne","140","0","0","0","23","-4779","0","7"
"biel-bienne","145","0","0","0","26","-4776","0","8"
"biel-bienne","150","0","0","0","28","-4774","0","9"
"biel-bienne","155","0","0","0","31","-4771","0","9"
"biel-bienne","160","0","0","0","35","-4767","0","10"
"biel-bienne","165","0","0","0","38","-4764","0","12"
"biel-bienne","170","0","0","0","42","-4760","0","13"
"biel-bienne","175","0","0","0","47","-4755","0","14"
"biel-bienne","180","0","0","0","51","-4751","0","16"
"biel-bienne","185","0","0","0","57","-4745","0","17"
"biel-bienne","190","0","0","0","63","-4739","0","19"
"biel-bienne","195","0","0","0","69","-4733","0","21"
"biel-bienne","200","0","0","0","76","-4726","0","23"
"biel-bienne","205","0","0","0","84","-4718","0","26"
"biel-bienne","210","0","0","0","93","-4709","0","28"
"biel-bienne","215","0","0","0","102","-4700","0","31"
"biel-bienne","220","0","0","0","113","-4689","0","34"
"biel-bienne","225","0","0","0","124","-4678","0","38"
"biel-bienne","230","0","0","0","137","-4665","0","42"
"biel-bienne","235","0","0","0","151","-4651","0","46"
"biel-bienne","240","0","0","0","166","-4636","0","51"
"biel-bienne","245","0","0","0","183","-4619","0","56"
"biel-bienne","250","0","0","0","202","-4600","0","62"
"biel-bienne","255","0","0","0","222","-4580","0","68"
"biel-bienne","260","0","0","0","244","-4558","0","75"
"biel-bienne","265","0","0","0","269","-4533","0","82"
"biel-bienne","270","0","0","0","296","-4506","0","91"
"biel-bienne","275","0","0","0","325","-4477","0","100"
"biel-bienne","280","0","0","0","358","-4444","0","110"
"biel-bienne","285","0","0","0","393","-4409","0","120"
"biel-bienne","290","0","780","0","431","-4371","0","132"
"biel-bienne","295","0","925","0","474","-4328","0","145"
"biel-bienne","300","0","1389","0","520","-4282","0","160"
"biel-bienne","305","5","1520","0","570","-4232","-2","175"
"biel-bienne","310","22","1559","0","625","-4177","-7","192"
"biel-bienne","315","48","1563","0","685","-4117","-14","211"
"biel-bienne","320","81","1779","0","750","-4052","-23","231"
"biel-bienne","325","121","1866","0","820","-3982","-32","253"
"biel-bienne","330","165","1820","0","897","-3905","-39","277"
"biel-bienne","335","212","1671","4","980","-3822","-44","303"
"biel-bienne","340","262","1489","176","1069","-3733","-46","331"
"biel-bienne","345","314","1584","176","1166","-3636","-46","361"
"biel-bienne","350","366","1860","225","1271","-3531","-42","394"
"biel-bienne","355","419","1924","225","1384","-3418","-34","429"
"biel-bienne","360","473","1774","508","1505","-3297","-24","467"
"biel-bienne","365","527","1678","543","1635","-3167","-9","508"
"biel-bienne","370","582","2050","563","1774","-3028","9","552"
"biel-bienne","375","637","1806","590","1923","-2879","31","598"
"biel-bienne","380","692","1871","470","2082","-2720","57","648"
"biel-bienne","385","748","1757","694","2251","-2551","87","701"
"biel-bienne","390","804","1761","905","2430","-2372","120","758"
"biel-bienne","395","860","1747","905","2620","-2182","157","817"
"biel-bienne","400","917","1944","1123","2821","-1981","198","880"
"biel-bienne","405","973","1538","1458","3031","-1771","243","946"
"biel-bienne","410","1030","1364","1314","3253","-1549","292","1016"
"biel-bienne","415","1087","1289","1344","3485","-1317","344","1089"
"biel-bienne","420","1144","1195","1580","3726","-1076","401","1164"
"biel-bienne","425","1201","973","1605","3977","-825","461","1243"
"biel-bienne","430","1259","877","1665","4237","-565","526","1324"
"biel-bienne","435","1316","1109","1572","4504","-298","594","1408"
"biel-bienne","440","1374","684","1534","4779","-23","666","1494"
"biel-bienne","445","1431","649","1535","5060","258","743","1581"
"biel-bienne","450","1489","615","1434","5345","543","823","1670"
"biel-bienne","455","1536","577","1260","5635","833","910","1760"
"biel-bienne","460","1562","607","1322","5926","1124","1009","1851"
"biel-bienne","465","1568","587","1466","6218","1416","1116","1941"
"biel-bienne","470","1558","372","1469","6509","1707","1230","2032"
"biel-bienne","475","1537","372","1317","6799","1997","1347","2121"
"biel-bienne","480","1507","437","1322","7084","2282","1466","2209"
"biel-bienne","485","1470","459","1278","7365","2563","1584","2296"
"biel-bienne","490","1428","573","1269","7639","2837","1702","2380"
"biel-bienne","495","1383","594","1379","7906","3104","1817","2462"
"biel-bienne","500","1337","844","1419","8164","3362","1930","2541"
"biel-bienne","505","1288","937","1196","8413","3611","2040","2617"
"biel-bienne","510","1238","939","1214","8651","3849","2147","2690"
"biel-bienne","515","1188","1113","1284","8879","4077","2251","2760"
"biel-bienne","520","1136","1247","885","9096","4294","2351","2826"
"biel-bienne","525","1084","1456","1173","9302","4500","2448","2889"
"biel-bienne","530","1031","1085","1048","9496","4694","2542","2948"
"biel-bienne","535","978","1282","1316","9679","4877","2632","3004"
"biel-bienne","540","924","1195","1105","9850","5048","2718","3056"
"biel-bienne","545","870","1131","1093","10010","5208","2801","3104"
"biel-bienne","550","815","961","838","10159","5357","2880","3150"
"biel-bienne","555","759","881","908","10298","5496","2956","3192"
"biel-bienne","560","704","1092","799","10427","5625","3027","3231"
"biel-bienne","565","648","1234","713","10546","5744","3096","3267"
"biel-bienne","570","591","1100","544","10656","5854","3160","3300"
"biel-bienne","575","535","977","368","10757","5955","3220","3331"
"biel-bienne","580","478","894","427","10851","6049","3277","3359"
"biel-bienne","585","421","848","427","10936","6134","3330","3385"
"biel-bienne","590","364","404","568","11015","6213","3379","3409"
"biel-bienne","595","307","372","546","11087","6285","3424","3430"
"biel-bienne","600","249","296","459","11153","6351","3465","3450"
"biel-bienne","605","197","293","393","11213","6411","3501","3468"
"biel-bienne","610","155","204","205","11267","6465","3530","3485"
"biel-bienne","615","123","78","205","11317","6515","3551","3500"
"biel-bienne","620","99","67","191","11363","6561","3568","3513"
"biel-bienne","625","80","61","191","11404","6602","3581","3526"
"biel-bienne","630","66","56","142","11441","6639","3591","3537"
"biel-bienne","635","56","56","108","11475","6673","3600","3547"
"biel-bienne","640","48","56","108","11506","6704","3606","3556"
"biel-bienne","645","41","49","45","11533","6731","3612","3565"
"biel-bienne","650","36","49","26","11558","6756","3617","3572"
"biel-bienne","655","31","49","26","11581","6779","3621","3579"
"biel-bienne","660","27","45","26","11601","6799","3625","3585"
"biel-bienne","665","23","45","26","11619","6817","3628","3590"
"biel-bienne","670","20","41","9","11635","6833","3631","3595"
"biel-bienne","675","17","41","0","11649","6847","3634","3599"
"biel-bienne","680","14","41","0","11662","6860","3637","3603"
"biel-bienne","685","12","41","0","11673","6871","3639","3607"
"biel-bienne","690","10","0","0","11683","6881","3641","3609"
"biel-bienne","695","8","0","0","11692","6890","3643","3612"
"biel-bienne","700","7","0","0","11699","6897","3644","3614"
"biel-bienne","705","6","0","0","11705","6903","3645","3616"
"biel-bienne","710","4","0","0","11710","6908","3647","3617"
"biel-bienne","715","3","0","0","11714","6912","3648","3619"
"biel-bienne","720","3","0","0","11717","6915","3648","3619"
"biel-bienne","725","2","0","0","11719","6917","3649","3620"
"biel-bienne","730","1","0","0","11720","6918","3650","3620"
"biel-bienne","735","1","0","0","11721","6919","3650","3620"
"biel-bienne","740","1","0","0","11720","6918","3650","3620"
"biel-bienne","745","0","0","0","11719","6917","3651","3620"
"biel-bienne","750","0","0","0","11716","6914","3651","3619"
"biel-bienne","755","0","0","0","11713","6911","3651","3618"
"biel-bienne","760","0","0","0","11709","6907","3651","3617"
"biel-bienne","765","0","0","0","11704","6902","3651","3615"
"biel-bienne","770","0","0","0","11699","6897","3651","3613"
"biel-bienne","775","0","0","0","11692","6890","3651","3611"
"biel-bienne","780","0","0","0","11684","6882","3651","3609"
"biel-bienne","785","0","0","0","11675","6873","3651","3606"
"biel-bienne","790","0","0","0","11666","6864","3651","3603"
"biel-bienne","795","0","0","0","11655","6853","3651","3599"
"biel-bienne","800","0","0","0","11642","6840","3651","3595"
"biel-bienne","805","0","0","0","11629","6827","3651","3591"
"biel-bienne","810","0","0","0","11614","6812","3651","3586"
"biel-bienne","815","0","0","0","11598","6796","3651","3581"
"biel-bienne","820","0","0","0","11580","6778","3651","3576"
"biel-bienne","825","0","0","0","11560","6758","3651","3569"
"biel-bienne","830","0","0","0","11539","6737","3651","3563"
"biel-bienne","835","0","0","0","11515","6713","3651","3555"
"biel-bienne","840","0","0","0","11490","6688","3651","3547"
"biel-bienne","845","0","0","0","11462","6660","3651","3538"
"biel-bienne","850","0","0","0","11432","6630","3651","3529"
"biel-bienne","855","0","0","0","11399","6597","3651","3518"
"biel-bienne","860","0","0","0","11363","6561","3651","3507"
"biel-bienne","865","0","0","0","11325","6523","3651","3495"
"biel-bienne","870","0","0","0","11283","6481","3651","3482"
"biel-bienne","875","0","0","0","11238","6436","3651","3467"
"biel-bienne","880","0","0","0","11189","6387","3651","3452"
"biel-bienne","885","0","0","0","11136","6334","3651","3435"
"biel-bienne","890","0","0","0","11078","6276","3651","3417"
"biel-bienne","895","0","0","0","11017","6215","3651","3398"
"biel-bienne","900","0","192","0","10950","6148","3651","3376"
"biel-bienne","905","5","305","0","10878","6076","3647","3354"
"biel-bienne","910","22","568","0","10801","5999","3636","3329"
"biel-bienne","915","48","831","0","10718","5916","3618","3303"
"biel-bienne","920","81","935","7","10628","5826","3593","3275"
"biel-bienne","925","121","942","35","10532","5730","3562","3245"
"biel-bienne","930","165","1001","35","10430","5628","3525","3212"
"biel-bienne","935","212","816","35","10320","5518","3482","3177"
"biel-bienne","940","262","933","35","10202","5400","3435","3140"
"biel-bienne","945","314","1218","35","10077","5275","3383","3101"
"biel-bienne","950","366","1228","51","9943","5141","3326","3059"
"biel-bienne","955","420","911","358","9801","4999","3266","3014"
"biel-bienne","960","474","1111","412","9651","4849","3201","2967"
"biel-bienne","965","528","1132","462","9491","4689","3132","2916"
"biel-bienne","970","583","1065","450","9322","4520","3059","2863"
"biel-bienne","975","638","1067","454","9144","4342","2982","2808"
"biel-bienne","980","693","1163","566","8957","4155","2900","2749"
"biel-bienne","985","749","961","634","8761","3959","2815","2688"
"biel-bienne","990","805","1168","648","8556","3754","2726","2624"
"biel-bienne","995","862","1079","851","8342","3540","2632","2557"
"biel-bienne","1000","918","1108","552","8120","3318","2535","2488"
"biel-bienne","1005","975","1315","593","7890","3088","2433","2416"
"biel-bienne","1010","1032","1724","693","7653","2851","2327","2342"
"biel-bienne","1015","1089","1702","749","7409","2607","2218","2266"
"biel-bienne","1020","1146","1741","888","7160","2358","2104","2189"
"biel-bienne","1025","1204","1718","1113","6905","2103","1986","2110"
"biel-bienne","1030","1261","1813","1167","6646","1844","1864","2030"
"biel-bienne","1035","1319","1629","1203","6384","1582","1738","1949"
"biel-bienne","1040","1376","1715","1113","6120","1318","1608","1867"
"biel-bienne","1045","1434","1523","999","5855","1053","1474","1785"
"biel-bienne","1050","1492","1855","1090","5590","788","1336","1704"
"biel-bienne","1055","1540","2195","1407","5327","525","1201","1623"
"biel-bienne","1060","1565","2269","1957","5066","264","1077","1542"
"biel-bienne","1065","1571","1925","1884","4808","6","963","1463"
"biel-bienne","1070","1562","1788","1951","4554","-248","859","1385"
"biel-bienne","1075","1541","1711","1815","4306","-496","763","1309"
"biel-bienne","1080","1511","1849","1707","4064","-738","675","1235"
"biel-bienne","1085","1474","1688","1730","3829","-973","593","1163"
"biel-bienne","1090","1432","1642","1745","3601","-1201","517","1093"
"biel-bienne","1095","1387","1611","1662","3381","-1421","447","1026"
"biel-bienne","1100","1340","1438","1511","3169","-1633","381","962"
"biel-bienne","1105","1292","1412","1480","2966","-1836","319","900"
"biel-bienne","1110","1242","1204","1669","2772","-2030","262","841"
"biel-bienne","1115","1191","1187","1655","2588","-2214","209","784"
"biel-bienne","1120","1140","1186","1689","2412","-2390","160","731"
"biel-bienne","1125","1087","1192","1722","2246","-2556","116","680"
"biel-bienne","1130","1035","1318","1664","2088","-2714","75","632"
"biel-bienne","1135","981","1345","1710","1940","-2862","39","587"
"biel-bienne","1140","927","1446","1646","1800","-3002","6","545"
"biel-bienne","1145","873","1248","1261","1668","-3134","-22","505"
"biel-bienne","1150","818","1227","1168","1545","-3257","-46","467"
"biel-bienne","1155","762","1296","807","1430","-3372","-66","432"
"biel-bienne","1160","706","1250","781","1322","-3480","-82","400"
"biel-bienne","1165","650","1176","525","1222","-3580","-94","369"
"biel-bienne","1170","594","976","520","1128","-3674","-102","341"
"biel-bienne","1175","537","688","560","1041","-3761","-106","314"
"biel-bienne","1180","480","624","557","960","-3842","-106","290"
"biel-bienne","1185","423","201","546","885","-3917","-101","267"
"biel-bienne","1190","366","167","540","815","-3987","-93","246"
"biel-bienne","1195","308","167","517","750","-4052","-81","227"
"biel-bienne","1200","250","147","526","691","-4111","-64","208"
"biel-bienne","1205","198","98","422","635","-4167","-47","192"
"biel-bienne","1210","156","55","413","584","-4218","-34","176"
"biel-bienne","1215","124","55","343","537","-4265","-24","162"
"biel-bienne","1220","99","42","319","494","-4308","-16","149"
"biel-bienne","1225","81","36","267","454","-4348","-11","137"
"biel-bienne","1230","67","33","267","417","-4385","-7","126"
"biel-bienne","1235","56","30","138","383","-4419","-4","115"
"biel-bienne","1240","48","30","68","351","-4451","-3","106"
"biel-bienne","1245","41","12","68","322","-4480","-2","97"
"biel-bienne","1250","36","9","68","296","-4506","-1","89"
"biel-bienne","1255","31","3","63","272","-4530","-1","82"
"biel-bienne","1260","27","3","59","249","-4553","-1","75"
"biel-bienne","1265","23","3","38","228","-4574","0","69"
"biel-bienne","1270","20","3","38","210","-4592","0","63"
"biel-bienne","1275","17","3","38","192","-4610","0","58"
"biel-bienne","1280","14","3","38","176","-4626","0","53"
"biel-bienne","1285","12","0","31","162","-4640","0","49"
"biel-bienne","1290","10","0","0","148","-4654","0","45"
"biel-bienne","1295","8","0","0","136","-4666","0","41"
"biel-bienne","1300","7","0","0","124","-4678","0","37"
"biel-bienne","1305","5","0","0","114","-4688","0","34"
"biel-bienne","1310","4","0","0","105","-4697","0","31"
"biel-bienne","1315","3","0","0","96","-4706","0","29"
"biel-bienne","1320","2","0","0","88","-4714","0","26"
"biel-bienne","1325","2","0","0","80","-4722","0","24"
"biel-bienne","1330","1","0","0","74","-4728","0","22"
"biel-bienne","1335","1","0","0","67","-4735","0","20"
"biel-bienne","1340","0","0","0","62","-4740","0","19"
"biel-bienne","1345","0","0","0","57","-4745","0","17"
"biel-bienne","1350","0","0","0","52","-4750","0","16"
"biel-bienne","1355","0","0","0","48","-4754","0","14"
"biel-bienne","1360","0","0","0","44","-4758","0","13"
"biel-bienne","1365","0","0","0","40","-4762","0","12"
"biel-bienne","1370","0","0","0","37","-4765","0","11"
"biel-bienne","1375","0","0","0","33","-4769","0","10"
"biel-bienne","1380","0","0","0","31","-4771","0","9"
"biel-bienne","1385","0","0","0","28","-4774","0","8"
"biel-bienne","1390","0","0","0","26","-4776","0","8"
"biel-bienne","1395","0","0","0","24","-4778","0","7"
"biel-bienne","1400","0","0","0","22","-4780","0","6"
"biel-bienne","1405","0","0","0","20","-4782","0","6"
"biel-bienne","1410","0","0","0","18","-4784","0","5"
"biel-bienne","1415","0","0","0","17","-4785","0","5"
"biel-bienne","1420","0","0","0","15","-4787","0","5"
"biel-bienne","1425","0","0","0","14","-4788","0","4"
"biel-bienne","1430","0","0","0","13","-4789","0","4"
"biel-bienne","1435","0","0","0","12","-4790","0","3"
"biel-bienne","1440","0","0","0","11","-4791","0","3"
"schaffhausen","0","0","0","0","0","-3170","0","0"
"schaffhausen","5","0","0","0","1","-3169","0","0"
"schaffhausen","10","0","0","0","1","-3169","0","0"
"schaffhausen","15","0","0","0","1","-3169","0","0"
"schaffhausen","20","0","0","0","1","-3169","0","0"
"schaffhausen","25","0","0","0","1","-3169","0","0"
"schaffhausen","30","0","0","0","1","-3169","0","0"
"schaffhausen","35","0","0","0","1","-3169","0","0"
"schaffhausen","40","0","0","0","1","-3169","0","0"
"schaffhausen","45","0","0","0","1","-3169","0","0"
"schaffhausen","50","0","0","0","1","-3169","0","1"
"schaffhausen","55","0","0","0","2","-3168","0","1"
"schaffhausen","60","0","0","0","2","-3168","0","1"
"schaffhausen","65","0","0","0","2","-3168","0","1"
"schaffhausen","70","0","0","0","2","-3168","0","1"
"schaffhausen","75","0","0","0","2","-3168","0","1"
"schaffhausen","80","0","0","0","3","-3167","0","1"
"schaffhausen","85","0","0","0","3","-3167","0","1"
"schaffhausen","90","0","0","0","3","-3167","0","1"
"schaffhausen","95","0","0","0","4","-3166","0","1"
"schaffhausen","100","0","0","0","4","-3166","0","2"
"schaffhausen","105","0","0","0","4","-3166","0","2"
"schaffhausen","110","0","0","0","5","-3165","0","2"
"schaffhausen","115","0","0","0","6","-3164","0","2"
"schaffhausen","120","0","0","0","6","-3164","0","2"
"schaffhausen","125","0","0","0","7","-3163","0","3"
"schaffhausen","130","0","0","0","8","-3162","0","3"
"schaffhausen","135","0","0","0","8","-3162","0","3"
"schaffhausen","140","0","0","0","9","-3161","0","4"
"schaffhausen","145","0","0","0","10","-3160","0","4"
"schaffhausen","150","0","0","0","12","-3158","0","5"
"schaffhausen","155","0","0","0","13","-3157","0","5"
"schaffhausen","160","0","0","0","14","-3156","0","6"
"schaffhausen","165","0","0","0","16","-3154","0","6"
"schaffhausen","170","0","0","0","18","-3152","0","7"
"schaffhausen","175","0","0","0","20","-3150","0","8"
"schaffhausen","180","0","0","0","22","-3148","0","9"
"schaffhausen","185","0","0","0","24","-3146","0","10"
"schaffhausen","190","0","0","0","27","-3143","0","11"
"schaffhausen","195","0","0","0","30","-3140","0","12"
"schaffhausen","200","0","0","0","33","-3137","0","13"
"schaffhausen","205","0","0","0","37","-3133","0","15"
"schaffhausen","210","0","0","0","41","-3129","0","17"
"schaffhausen","215","0","0","0","46","-3124","0","18"
"schaffhausen","220","0","0","0","51","-3119","0","21"
"schaffhausen","225","0","0","0","56","-3114","0","23"
"schaffhausen","230","0","0","0","62","-3108","0","25"
"schaffhausen","235","0","0","0","69","-3101","0","28"
"schaffhausen","240","0","0","0","77","-3093","0","32"
"schaffhausen","245","0","0","0","85","-3085","0","35"
"schaffhausen","250","0","0","0","95","-3075","0","39"
"schaffhausen","255","0","0","0","105","-3065","0","43"
"schaffhausen","260","0","0","0","117","-3053","0","48"
"schaffhausen","265","0","0","0","130","-3040","0","54"
"schaffhausen","270","0","0","0","144","-3026","0","60"
"schaffhausen","275","0","0","0","159","-3011","0","66"
"schaffhausen","280","0","0","0","177","-2993","0","74"
"schaffhausen","285","0","0","0","196","-2974","0","82"
"schaffhausen","290","0","116","0","217","-2953","0","91"
"schaffhausen","295","0","141","0","240","-2930","0","101"
"schaffhausen","300","0","318","0","266","-2904","0","112"
"schaffhausen","305","4","525","0","294","-2876","-1","125"
"schaffhausen","310","17","707","0","325","-2845","-5","138"
"schaffhausen","315","36","703","0","360","-2810","-9","153"
"schaffhausen","320","59","703","0","398","-2772","-12","170"
"schaffhausen","325","86","574","0","439","-2731","-15","189"
"schaffhausen","330","116","575","0","485","-2685","-15","209"
"schaffhausen","335","147","422","0","535","-2635","-13","231"
"schaffhausen","340","180","215","0","590","-2580","-8","255"
"schaffhausen","345","213","206","12","650","-2520","1","282"
"schaffhausen","350","247","263","16","715","-2455","13","312"
"schaffhausen","355","281","377","16","786","-2384","28","344"
"schaffhausen","360","316","443","16","864","-2306","47","379"
"schaffhausen","365","350","511","57","948","-2222","69","417"
"schaffhausen","370","384","662","170","1039","-2131","96","458"
"schaffhausen","375","419","799","170","1137","-2033","126","503"
"schaffhausen","380","453","819","233","1243","-1927","159","551"
"schaffhausen","385","488","943","243","1357","-1813","197","603"
"schaffhausen","390","522","1071","243","1478","-1692","238","658"
"schaffhausen","395","557","1033","450","1608","-1562","282","718"
"schaffhausen","400","591","1037","522","1746","-1424","331","781"
"schaffhausen","405","626","1029","580","1893","-1277","383","848"
"schaffhausen","410","660","969","373","2047","-1123","439","919"
"schaffhausen","415","695","835","575","2209","-961","499","993"
"schaffhausen","420","729","665","709","2379","-791","563","1070"
"schaffhausen","425","764","737","693","2556","-614","630","1151"
"schaffhausen","430","799","957","790","2740","-430","701","1234"
"schaffhausen","435","833","837","953","2929","-241","776","1320"
"schaffhausen","440","868","791","1107","3123","-47","855","1408"
"schaffhausen","445","902","742","963","3321","151","937","1497"
"schaffhausen","450","937","730","980","3523","353","1023","1587"
"schaffhausen","455","962","486","883","3726","556","1115","1678"
"schaffhausen","460","971","614","1106","3930","760","1216","1769"
"schaffhausen","465","968","591","1052","4135","965","1321","1859"
"schaffhausen","470","956","599","980","4338","1168","1429","1948"
"schaffhausen","475","937","213","999","4538","1368","1539","2035"
"schaffhausen","480","912","206","996","4735","1565","1648","2121"
"schaffhausen","485","883","280","1104","4928","1758","1756","2204"
"schaffhausen","490","852","311","943","5116","1946","1861","2284"
"schaffhausen","495","820","297","903","5297","2127","1964","2362"
"schaffhausen","500","787","486","963","5472","2302","2064","2436"
"schaffhausen","505","754","466","905","5640","2470","2160","2506"
"schaffhausen","510","720","378","878","5799","2629","2253","2573"
"schaffhausen","515","685","472","775","5951","2781","2343","2637"
"schaffhausen","520","651","472","542","6095","2925","2429","2696"
"schaffhausen","525","616","538","744","6230","3060","2511","2752"
"schaffhausen","530","582","347","799","6357","3187","2590","2804"
"schaffhausen","535","547","360","818","6476","3306","2665","2853"
"schaffhausen","540","513","447","671","6586","3416","2736","2898"
"schaffhausen","545","478","398","534","6689","3519","2803","2940"
"schaffhausen","550","444","400","455","6784","3614","2867","2978"
"schaffhausen","555","409","462","388","6872","3702","2927","3014"
"schaffhausen","560","375","508","359","6953","3783","2983","3046"
"schaffhausen","565","340","511","253","7028","3858","3036","3076"
"schaffhausen","570","306","648","202","7097","3927","3084","3103"
"schaffhausen","575","271","621","203","7159","3989","3129","3128"
"schaffhausen","580","237","463","380","7217","4047","3170","3151"
"schaffhausen","585","202","463","376","7269","4099","3208","3172"
"schaffhausen","590","168","380","382","7317","4147","3242","3191"
"schaffhausen","595","133","312","355","7360","4190","3272","3208"
"schaffhausen","600","99","226","206","7400","4230","3298","3223"
"schaffhausen","605","69","215","182","7436","4266","3319","3237"
"schaffhausen","610","47","215","164","7468","4298","3334","3250"
"schaffhausen","615","31","206","164","7498","4328","3345","3261"
"schaffhausen","620","20","150","109","7524","4354","3353","3272"
"schaffhausen","625","12","0","82","7548","4378","3358","3281"
"schaffhausen","630","8","0","67","7570","4400","3362","3289"
"schaffhausen","635","5","0","67","7590","4420","3364","3297"
"schaffhausen","640","3","0","54","7607","4437","3365","3304"
"schaffhausen","645","2","0","54","7623","4453","3366","3310"
"schaffhausen","650","1","0","54","7637","4467","3367","3315"
"schaffhausen","655","0","0","39","7650","4480","3368","3320"
"schaffhausen","660","0","0","39","7661","4491","3368","3324"
"schaffhausen","665","0","0","24","7672","4502","3368","3328"
"schaffhausen","670","0","0","24","7681","4511","3368","3332"
"schaffhausen","675","0","0","24","7689","4519","3368","3335"
"schaffhausen","680","0","0","24","7696","4526","3368","3337"
"schaffhausen","685","0","0","0","7702","4532","3368","3340"
"schaffhausen","690","0","0","0","7707","4537","3368","3342"
"schaffhausen","695","0","0","0","7712","4542","3368","3343"
"schaffhausen","700","0","0","0","7716","4546","3368","3345"
"schaffhausen","705","0","0","0","7720","4550","3368","3346"
"schaffhausen","710","0","0","0","7722","4552","3368","3347"
"schaffhausen","715","0","0","0","7725","4555","3368","3348"
"schaffhausen","720","0","0","0","7726","4556","3368","3348"
"schaffhausen","725","0","0","0","7728","4558","3368","3349"
"schaffhausen","730","0","0","0","7729","4559","3368","3349"
"schaffhausen","735","0","0","0","7729","4559","3368","3349"
"schaffhausen","740","0","0","0","7729","4559","3368","3348"
"schaffhausen","745","0","0","0","7728","4558","3368","3348"
"schaffhausen","750","0","0","0","7727","4557","3368","3347"
"schaffhausen","755","0","0","0","7726","4556","3368","3346"
"schaffhausen","760","0","0","0","7724","4554","3368","3345"
"schaffhausen","765","0","0","0","7721","4551","3368","3344"
"schaffhausen","770","0","0","0","7718","4548","3368","3343"
"schaffhausen","775","0","0","0","7715","4545","3368","3341"
"schaffhausen","780","0","0","0","7711","4541","3368","3339"
"schaffhausen","785","0","0","0","7707","4537","3368","3337"
"schaffhausen","790","0","0","0","7702","4532","3368","3335"
"schaffhausen","795","0","0","0","7696","4526","3368","3332"
"schaffhausen","800","0","0","0","7690","4520","3368","3329"
"schaffhausen","805","0","0","0","7683","4513","3368","3326"
"schaffhausen","810","0","0","0","7675","4505","3368","3322"
"schaffhausen","815","0","0","0","7666","4496","3368","3318"
"schaffhausen","820","0","0","0","7657","4487","3368","3314"
"schaffhausen","825","0","0","0","7646","4476","3368","3309"
"schaffhausen","830","0","0","0","7635","4465","3368","3303"
"schaffhausen","835","0","0","0","7622","4452","3368","3297"
"schaffhausen","840","0","0","0","7608","4438","3368","3291"
"schaffhausen","845","0","0","0","7593","4423","3368","3283"
"schaffhausen","850","0","0","0","7576","4406","3368","3276"
"schaffhausen","855","0","0","0","7558","4388","3368","3267"
"schaffhausen","860","0","0","0","7538","4368","3368","3258"
"schaffhausen","865","0","0","0","7516","4346","3368","3247"
"schaffhausen","870","0","0","0","7493","4323","3368","3236"
"schaffhausen","875","0","0","0","7467","4297","3368","3224"
"schaffhausen","880","0","0","0","7439","4269","3368","3211"
"schaffhausen","885","0","0","0","7408","4238","3368","3196"
"schaffhausen","890","0","0","0","7375","4205","3368","3181"
"schaffhausen","895","0","0","0","7338","4168","3368","3163"
"schaffhausen","900","0","80","0","7299","4129","3368","3145"
"schaffhausen","905","4","87","0","7256","4086","3365","3125"
"schaffhausen","910","17","90","0","7210","4040","3356","3103"
"schaffhausen","915","36","93","0","7160","3990","3341","3079"
"schaffhausen","920","59","391","16","7105","3935","3321","3053"
"schaffhausen","925","87","523","75","7047","3877","3296","3026"
"schaffhausen","930","116","542","119","6983","3813","3267","2996"
"schaffhausen","935","148","576","305","6915","3745","3233","2964"
"schaffhausen","940","181","581","305","6841","3671","3196","2929"
"schaffhausen","945","214","609","305","6762","3592","3154","2892"
"schaffhausen","950","247","403","370","6677","3507","3108","2853"
"schaffhausen","955","281","297","222","6586","3416","3059","2810"
"schaffhausen","960","316","492","308","6489","3319","3006","2765"
"schaffhausen","965","350","641","434","6385","3215","2949","2717"
"schaffhausen","970","384","795","616","6275","3105","2888","2667"
"schaffhausen","975","419","833","616","6159","2989","2824","2613"
"schaffhausen","980","453","1028","616","6035","2865","2755","2556"
"schaffhausen","985","487","819","655","5905","2735","2684","2497"
"schaffhausen","990","522","688","691","5768","2598","2608","2435"
"schaffhausen","995","556","446","726","5624","2454","2529","2370"
"schaffhausen","1000","590","445","604","5474","2304","2446","2302"
"schaffhausen","1005","625","472","670","5318","2148","2359","2232"
"schaffhausen","1010","659","747","526","5157","1987","2268","2160"
"schaffhausen","1015","694","709","482","4990","1820","2174","2086"
"schaffhausen","1020","728","649","504","4819","1649","2076","2010"
"schaffhausen","1025","762","889","575","4643","1473","1974","1933"
"schaffhausen","1030","797","807","690","4465","1295","1868","1855"
"schaffhausen","1035","831","842","711","4284","1114","1759","1776"
"schaffhausen","1040","865","837","690","4101","931","1646","1696"
"schaffhausen","1045","900","836","709","3917","747","1529","1617"
"schaffhausen","1050","934","636","546","3733","563","1409","1538"
"schaffhausen","1055","960","465","464","3550","380","1291","1459"
"schaffhausen","1060","969","574","581","3369","199","1181","1382"
"schaffhausen","1065","965","393","718","3190","20","1079","1306"
"schaffhausen","1070","953","304","759","3014","-156","983","1232"
"schaffhausen","1075","933","340","884","2842","-328","893","1159"
"schaffhausen","1080","908","411","787","2675","-495","809","1089"
"schaffhausen","1085","879","406","807","2512","-658","729","1021"
"schaffhausen","1090","848","401","847","2355","-815","655","955"
"schaffhausen","1095","816","490","926","2204","-966","584","892"
"schaffhausen","1100","783","526","1027","2059","-1111","517","832"
"schaffhausen","1105","750","516","1043","1920","-1250","455","775"
"schaffhausen","1110","716","476","1025","1788","-1382","395","720"
"schaffhausen","1115","682","746","1000","1662","-1508","340","669"
"schaffhausen","1120","647","862","739","1544","-1626","288","620"
"schaffhausen","1125","613","673","754","1431","-1739","241","574"
"schaffhausen","1130","579","577","747","1325","-1845","196","531"
"schaffhausen","1135","544","868","648","1226","-1944","156","490"
"schaffhausen","1140","510","801","513","1133","-2037","119","452"
"schaffhausen","1145","475","931","462","1046","-2124","87","417"
"schaffhausen","1150","441","912","479","964","-2206","57","384"
"schaffhausen","1155","407","930","283","889","-2281","32","354"
"schaffhausen","1160","372","930","268","818","-2352","10","325"
"schaffhausen","1165","338","747","257","752","-2418","-8","299"
"schaffhausen","1170","303","664","156","692","-2478","-22","274"
"schaffhausen","1175","269","573","288","635","-2535","-32","252"
"schaffhausen","1180","235","573","288","583","-2587","-39","231"
"schaffhausen","1185","200","383","288","535","-2635","-42","212"
"schaffhausen","1190","166","220","278","491","-2679","-41","194"
"schaffhausen","1195","132","66","285","450","-2720","-37","178"
"schaffhausen","1200","97","45","214","412","-2758","-28","163"
"schaffhausen","1205","67","35","210","378","-2792","-20","149"
"schaffhausen","1210","46","26","70","346","-2824","-13","136"
"schaffhausen","1215","30","23","70","316","-2854","-8","124"
"schaffhausen","1220","19","12","70","290","-2880","-5","114"
"schaffhausen","1225","12","12","46","265","-2905","-3","104"
"schaffhausen","1230","7","12","33","242","-2928","-1","95"
"schaffhausen","1235","4","9","33","221","-2949","0","87"
"schaffhausen","1240","3","0","33","202","-2968","0","79"
"schaffhausen","1245","2","0","33","185","-2985","0","72"
"schaffhausen","1250","1","0","33","169","-3001","0","66"
"schaffhausen","1255","0","0","24","154","-3016","0","60"
"schaffhausen","1260","0","0","0","141","-3029","0","55"
"schaffhausen","1265","0","0","0","129","-3041","0","50"
"schaffhausen","1270","0","0","0","118","-3052","0","46"
"schaffhausen","1275","0","0","0","107","-3063","0","42"
"schaffhausen","1280","0","0","0","98","-3072","0","38"
"schaffhausen","1285","0","0","0","90","-3080","0","35"
"schaffhausen","1290","0","0","0","82","-3088","0","32"
"schaffhausen","1295","0","0","0","75","-3095","0","29"
"schaffhausen","1300","0","0","0","68","-3102","0","26"
"schaffhausen","1305","0","0","0","62","-3108","0","24"
"schaffhausen","1310","0","0","0","57","-3113","0","22"
"schaffhausen","1315","0","0","0","52","-3118","0","20"
"schaffhausen","1320","0","0","0","47","-3123","0","18"
"schaffhausen","1325","0","0","0","43","-3127","0","17"
"schaffhausen","1330","0","0","0","39","-3131","0","15"
"schaffhausen","1335","0","0","0","36","-3134","0","14"
"schaffhausen","1340","0","0","0","33","-3137","0","13"
"schaffhausen","1345","0","0","0","30","-3140","0","12"
"schaffhausen","1350","0","0","0","27","-3143","0","11"
"schaffhausen","1355","0","0","0","25","-3145","0","10"
"schaffhausen","1360","0","0","0","23","-3147","0","9"
"schaffhausen","1365","0","0","0","21","-3149","0","8"
"schaffhausen","1370","0","0","0","19","-3151","0","7"
"schaffhausen","1375","0","0","0","17","-3153","0","7"
"schaffhausen","1380","0","0","0","16","-3154","0","6"
"schaffhausen","1385","0","0","0","14","-3156","0","6"
"schaffhausen","1390","0","0","0","13","-3157","0","5"
"schaffhausen","1395","0","0","0","12","-3158","0","5"
"schaffhausen","1400","0","0","0","11","-3159","0","4"
"schaffhausen","1405","0","0","0","10","-3160","0","4"
"schaffhausen","1410","0","0","0","9","-3161","0","3"
"schaffhausen","1415","0","0","0","8","-3162","0","3"
"schaffhausen","1420","0","0","0","8","-3162","0","3"
"schaffhausen","1425","0","0","0","7","-3163","0","3"
"schaffhausen","1430","0","0","0","6","-3164","0","2"
"schaffhausen","1435","0","0","0","6","-3164","0","2"
"schaffhausen","1440","0","0","0","5","-3165","0","2"
"la-chaux-de-fonds","0","0","0","0","0","-3188","0","0"
"la-chaux-de-fonds","5","0","0","0","0","-3188","0","0"
"la-chaux-de-fonds","10","0","0","0","0","-3188","0","0"
"la-chaux-de-fonds","15","0","0","0","1","-3187","0","0"
"la-chaux-de-fonds","20","0","0","0","1","-3187","0","0"
"la-chaux-de-fonds","25","0","0","0","1","-3187","0","0"
"la-chaux-de-fonds","30","0","0","0","1","-3187","0","0"
"la-chaux-de-fonds","35","0","0","0","1","-3187","0","0"
"la-chaux-de-fonds","40","0","0","0","1","-3187","0","0"
"la-chaux-de-fonds","45","0","0","0","1","-3187","0","1"
"la-chaux-de-fonds","50","0","0","0","1","-3187","0","1"
"la-chaux-de-fonds","55","0","0","0","1","-3187","0","1"
"la-chaux-de-fonds","60","0","0","0","1","-3187","0","1"
"la-chaux-de-fonds","65","0","0","0","2","-3186","0","1"
"la-chaux-de-fonds","70","0","0","0","2","-3186","0","1"
"la-chaux-de-fonds","75","0","0","0","2","-3186","0","1"
"la-chaux-de-fonds","80","0","0","0","2","-3186","0","1"
"la-chaux-de-fonds","85","0","0","0","2","-3186","0","1"
"la-chaux-de-fonds","90","0","0","0","3","-3185","0","1"
"la-chaux-de-fonds","95","0","0","0","3","-3185","0","2"
"la-chaux-de-fonds","100","0","0","0","3","-3185","0","2"
"la-chaux-de-fonds","105","0","0","0","4","-3184","0","2"
"la-chaux-de-fonds","110","0","0","0","4","-3184","0","2"
"la-chaux-de-fonds","115","0","0","0","5","-3183","0","2"
"la-chaux-de-fonds","120","0","0","0","5","-3183","0","3"
"la-chaux-de-fonds","125","0","0","0","6","-3182","0","3"
"la-chaux-de-fonds","130","0","0","0","7","-3181","0","3"
"la-chaux-de-fonds","135","0","0","0","7","-3181","0","4"
"la-chaux-de-fonds","140","0","0","0","8","-3180","0","4"
"la-chaux-de-fonds","145","0","0","0","9","-3179","0","5"
"la-chaux-de-fonds","150","0","0","0","10","-3178","0","5"
"la-chaux-de-fonds","155","0","0","0","11","-3177","0","6"
"la-chaux-de-fonds","160","0","0","0","13","-3175","0","6"
"la-chaux-de-fonds","165","0","0","0","14","-3174","0","7"
"la-chaux-de-fonds","170","0","0","0","16","-3172","0","8"
"la-chaux-de-fonds","175","0","0","0","18","-3170","0","9"
"la-chaux-de-fonds","180","0","0","0","20","-3168","0","10"
"la-chaux-de-fonds","185","0","0","0","22","-3166","0","11"
"la-chaux-de-fonds","190","0","0","0","25","-3163","0","13"
"la-chaux-de-fonds","195","0","0","0","28","-3160","0","14"
"la-chaux-de-fonds","200","0","0","0","31","-3157","0","16"
"la-chaux-de-fonds","205","0","0","0","35","-3153","0","18"
"la-chaux-de-fonds","210","0","0","0","39","-3149","0","20"
"la-chaux-de-fonds","215","0","0","0","43","-3145","0","22"
"la-chaux-de-fonds","220","0","0","0","48","-3140","0","25"
"la-chaux-de-fonds","225","0","0","0","54","-3134","0","28"
"la-chaux-de-fonds","230","0","0","0","60","-3128","0","31"
"la-chaux-de-fonds","235","0","0","0","68","-3120","0","35"
"la-chaux-de-fonds","240","0","0","0","75","-3113","0","39"
"la-chaux-de-fonds","245","0","0","0","84","-3104","0","43"
"la-chaux-de-fonds","250","0","0","0","94","-3094","0","49"
"la-chaux-de-fonds","255","0","0","0","105","-3083","0","54"
"la-chaux-de-fonds","260","0","0","0","118","-3070","0","61"
"la-chaux-de-fonds","265","0","0","0","131","-3057","0","68"
"la-chaux-de-fonds","270","0","0","0","147","-3041","0","76"
"la-chaux-de-fonds","275","0","0","0","164","-3024","0","85"
"la-chaux-de-fonds","280","0","0","0","183","-3005","0","95"
"la-chaux-de-fonds","285","0","0","0","204","-2984","0","106"
"la-chaux-de-fonds","290","0","445","0","227","-2961","0","118"
"la-chaux-de-fonds","295","0","445","0","254","-2934","0","132"
"la-chaux-de-fonds","300","0","480","0","283","-2905","0","147"
"la-chaux-de-fonds","305","5","558","0","315","-2873","-1","165"
"la-chaux-de-fonds","310","20","558","0","351","-2837","-5","184"
"la-chaux-de-fonds","315","45","407","0","391","-2797","-12","205"
"la-chaux-de-fonds","320","79","554","0","436","-2752","-21","228"
"la-chaux-de-fonds","325","120","561","0","485","-2703","-30","254"
"la-chaux-de-fonds","330","167","441","0","539","-2649","-40","283"
"la-chaux-de-fonds","335","219","685","0","599","-2589","-50","315"
"la-chaux-de-fonds","340","274","702","0","664","-2524","-58","350"
"la-chaux-de-fonds","345","332","712","0","737","-2451","-63","388"
"la-chaux-de-fonds","350","391","630","109","816","-2372","-66","431"
"la-chaux-de-fonds","355","452","460","109","903","-2285","-64","477"
"la-chaux-de-fonds","360","513","512","137","999","-2189","-59","528"
"la-chaux-de-fonds","365","575","725","157","1102","-2086","-49","583"
"la-chaux-de-fonds","370","637","678","183","1215","-1973","-35","643"
"la-chaux-de-fonds","375","699","673","217","1336","-1852","-17","708"
"la-chaux-de-fonds","380","762","645","343","1467","-1721","5","778"
"la-chaux-de-fonds","385","825","739","380","1608","-1580","32","854"
"la-chaux-de-fonds","390","888","749","548","1759","-1429","64","934"
"la-chaux-de-fonds","395","951","671","569","1919","-1269","100","1020"
"la-chaux-de-fonds","400","1014","496","624","2089","-1099","140","1111"
"la-chaux-de-fonds","405","1077","643","910","2268","-920","186","1207"
"la-chaux-de-fonds","410","1140","506","910","2456","-732","235","1307"
"la-chaux-de-fonds","415","1203","647","920","2652","-536","290","1412"
"la-chaux-de-fonds","420","1266","552","1001","2855","-333","349","1520"
"la-chaux-de-fonds","425","1329","555","1001","3064","-124","413","1632"
"la-chaux-de-fonds","430","1392","440","1032","3278","90","481","1746"
"la-chaux-de-fonds","435","1455","293","1271","3495","307","554","1862"
"la-chaux-de-fonds","440","1518","296","1571","3715","527","631","1979"
"la-chaux-de-fonds","445","1581","142","1472","3936","748","714","2097"
"la-chaux-de-fonds","450","1644","142","1488","4157","969","800","2214"
"la-chaux-de-fonds","455","1697","149","1508","4376","1188","894","2330"
"la-chaux-de-fonds","460","1730","181","1511","4592","1404","999","2444"
"la-chaux-de-fonds","465","1743","163","1313","4803","1615","1112","2555"
"la-chaux-de-fonds","470","1739","166","1134","5009","1821","1235","2664"
"la-chaux-de-fonds","475","1719","185","1003","5209","2021","1364","2769"
"la-chaux-de-fonds","480","1687","183","853","5401","2213","1499","2870"
"la-chaux-de-fonds","485","1647","164","948","5585","2397","1636","2966"
"la-chaux-de-fonds","490","1600","191","733","5761","2573","1776","3058"
"la-chaux-de-fonds","495","1547","196","761","5928","2740","1915","3145"
"la-chaux-de-fonds","500","1491","291","703","6086","2898","2053","3227"
"la-chaux-de-fonds","505","1433","296","715","6235","3047","2188","3304"
"la-chaux-de-fonds","510","1374","262","894","6374","3186","2319","3376"
"la-chaux-de-fonds","515","1313","273","841","6504","3316","2446","3443"
"la-chaux-de-fonds","520","1252","249","845","6625","3437","2569","3506"
"la-chaux-de-fonds","525","1190","232","829","6737","3549","2689","3564"
"la-chaux-de-fonds","530","1128","229","834","6841","3653","2805","3617"
"la-chaux-de-fonds","535","1065","229","609","6937","3749","2916","3666"
"la-chaux-de-fonds","540","1002","110","609","7025","3837","3023","3711"
"la-chaux-de-fonds","545","939","104","586","7106","3918","3125","3752"
"la-chaux-de-fonds","550","876","83","586","7180","3992","3223","3790"
"la-chaux-de-fonds","555","813","83","481","7247","4059","3316","3824"
"la-chaux-de-fonds","560","750","90","464","7309","4121","3404","3856"
"la-chaux-de-fonds","565","687","95","383","7365","4177","3488","3884"
"la-chaux-de-fonds","570","624","96","376","7416","4228","3567","3910"
"la-chaux-de-fonds","575","561","95","366","7463","4275","3642","3934"
"la-chaux-de-fonds","580","498","66","194","7505","4317","3712","3955"
"la-chaux-de-fonds","585","435","66","179","7543","4355","3777","3974"
"la-chaux-de-fonds","590","372","63","199","7577","4389","3838","3991"
"la-chaux-de-fonds","595","309","56","199","7608","4420","3894","4007"
"la-chaux-de-fonds","600","246","48","177","7636","4448","3945","4021"
"la-chaux-de-fonds","605","188","40","177","7661","4473","3991","4034"
"la-chaux-de-fonds","610","140","35","61","7684","4496","4029","4045"
"la-chaux-de-fonds","615","102","28","61","7704","4516","4060","4055"
"la-chaux-de-fonds","620","72","28","61","7723","4535","4085","4064"
"la-chaux-de-fonds","625","51","10","61","7739","4551","4103","4073"
"la-chaux-de-fonds","630","35","6","61","7754","4566","4117","4080"
"la-chaux-de-fonds","635","24","2","51","7767","4579","4127","4086"
"la-chaux-de-fonds","640","16","2","51","7779","4591","4134","4092"
"la-chaux-de-fonds","645","11","2","40","7789","4601","4138","4098"
"la-chaux-de-fonds","650","7","2","40","7799","4611","4141","4102"
"la-chaux-de-fonds","655","5","2","20","7807","4619","4143","4106"
"la-chaux-de-fonds","660","3","0","20","7814","4626","4145","4110"
"la-chaux-de-fonds","665","2","0","20","7821","4633","4146","4113"
"la-chaux-de-fonds","670","1","0","20","7826","4638","4147","4116"
"la-chaux-de-fonds","675","0","0","20","7831","4643","4148","4118"
"la-chaux-de-fonds","680","0","0","20","7835","4647","4148","4120"
"la-chaux-de-fonds","685","0","0","20","7839","4651","4148","4122"
"la-chaux-de-fonds","690","0","0","20","7842","4654","4148","4124"
"la-chaux-de-fonds","695","0","0","20","7845","4657","4148","4125"
"la-chaux-de-fonds","700","0","0","0","7847","4659","4148","4126"
"la-chaux-de-fonds","705","0","0","0","7848","4660","4148","4126"
"la-chaux-de-fonds","710","0","0","0","7849","4661","4148","4127"
"la-chaux-de-fonds","715","0","0","0","7850","4662","4148","4127"
"la-chaux-de-fonds","720","0","0","0","7850","4662","4148","4127"
"la-chaux-de-fonds","725","0","0","0","7850","4662","4148","4127"
"la-chaux-de-fonds","730","0","0","0","7849","4661","4148","4127"
"la-chaux-de-fonds","735","0","0","0","7848","4660","4148","4126"
"la-chaux-de-fonds","740","0","0","0","7847","4659","4148","4125"
"la-chaux-de-fonds","745","0","0","0","7845","4657","4148","4124"
"la-chaux-de-fonds","750","0","0","0","7842","4654","4148","4123"
"la-chaux-de-fonds","755","0","0","0","7840","4652","4148","4121"
"la-chaux-de-fonds","760","0","0","0","7836","4648","4148","4119"
"la-chaux-de-fonds","765","0","0","0","7832","4644","4148","4117"
"la-chaux-de-fonds","770","0","0","0","7828","4640","4148","4115"
"la-chaux-de-fonds","775","0","0","0","7823","4635","4148","4112"
"la-chaux-de-fonds","780","0","0","0","7818","4630","4148","4109"
"la-chaux-de-fonds","785","0","0","0","7811","4623","4148","4106"
"la-chaux-de-fonds","790","0","0","0","7804","4616","4148","4102"
"la-chaux-de-fonds","795","0","0","0","7797","4609","4148","4098"
"la-chaux-de-fonds","800","0","0","0","7788","4600","4148","4094"
"la-chaux-de-fonds","805","0","0","0","7779","4591","4148","4089"
"la-chaux-de-fonds","810","0","0","0","7768","4580","4148","4083"
"la-chaux-de-fonds","815","0","0","0","7757","4569","4148","4077"
"la-chaux-de-fonds","820","0","0","0","7744","4556","4148","4070"
"la-chaux-de-fonds","825","0","0","0","7730","4542","4148","4063"
"la-chaux-de-fonds","830","0","0","0","7715","4527","4148","4055"
"la-chaux-de-fonds","835","0","0","0","7698","4510","4148","4046"
"la-chaux-de-fonds","840","0","0","0","7680","4492","4148","4036"
"la-chaux-de-fonds","845","0","0","0","7660","4472","4148","4025"
"la-chaux-de-fonds","850","0","0","0","7637","4449","4148","4013"
"la-chaux-de-fonds","855","0","0","0","7613","4425","4148","4000"
"la-chaux-de-fonds","860","0","0","0","7587","4399","4148","3986"
"la-chaux-de-fonds","865","0","0","0","7558","4370","4148","3971"
"la-chaux-de-fonds","870","0","0","0","7526","4338","4148","3954"
"la-chaux-de-fonds","875","0","0","0","7491","4303","4148","3935"
"la-chaux-de-fonds","880","0","0","0","7453","4265","4148","3915"
"la-chaux-de-fonds","885","0","0","0","7412","4224","4148","3893"
"la-chaux-de-fonds","890","0","0","0","7367","4179","4148","3869"
"la-chaux-de-fonds","895","0","0","0","7319","4131","4148","3843"
"la-chaux-de-fonds","900","0","0","0","7266","4078","4148","3814"
"la-chaux-de-fonds","905","5","6","0","7208","4020","4144","3784"
"la-chaux-de-fonds","910","20","86","0","7146","3958","4133","3750"
"la-chaux-de-fonds","915","45","86","0","7079","3891","4115","3714"
"la-chaux-de-fonds","920","79","98","0","7006","3818","4090","3675"
"la-chaux-de-fonds","925","121","98","28","6928","3740","4059","3633"
"la-chaux-de-fonds","930","168","98","28","6844","3656","4022","3588"
"la-chaux-de-fonds","935","221","98","28","6753","3565","3980","3540"
"la-chaux-de-fonds","940","277","98","28","6656","3468","3933","3488"
"la-chaux-de-fonds","945","336","99","28","6552","3364","3882","3432"
"la-chaux-de-fonds","950","397","290","62","6442","3254","3825","3373"
"la-chaux-de-fonds","955","459","457","101","6324","3136","3764","3310"
"la-chaux-de-fonds","960","522","428","299","6200","3012","3697","3244"
"la-chaux-de-fonds","965","586","423","323","6068","2880","3627","3174"
"la-chaux-de-fonds","970","650","490","323","5930","2742","3551","3100"
"la-chaux-de-fonds","975","714","497","424","5784","2596","3471","3022"
"la-chaux-de-fonds","980","779","339","424","5632","2444","3387","2941"
"la-chaux-de-fonds","985","844","347","533","5473","2285","3297","2856"
"la-chaux-de-fonds","990","909","193","335","5308","2120","3203","2769"
"la-chaux-de-fonds","995","973","183","503","5138","1950","3105","2678"
"la-chaux-de-fonds","1000","1038","228","483","4963","1775","3002","2585"
"la-chaux-de-fonds","1005","1103","185","493","4783","1595","2894","2490"
"la-chaux-de-fonds","1010","1168","209","512","4600","1412","2782","2393"
"la-chaux-de-fonds","1015","1233","392","638","4414","1226","2665","2295"
"la-chaux-de-fonds","1020","1298","540","638","4226","1038","2543","2196"
"la-chaux-de-fonds","1025","1363","562","537","4037","849","2417","2096"
"la-chaux-de-fonds","1030","1428","575","693","3847","659","2287","1996"
"la-chaux-de-fonds","1035","1493","569","910","3658","470","2151","1896"
"la-chaux-de-fonds","1040","1558","658","926","3471","283","2011","1798"
"la-chaux-de-fonds","1045","1623","506","844","3286","98","1867","1700"
"la-chaux-de-fonds","1050","1688","711","1014","3103","-85","1718","1605"
"la-chaux-de-fonds","1055","1743","614","923","2925","-263","1571","1512"
"la-chaux-de-fonds","1060","1778","598","1096","2751","-437","1435","1421"
"la-chaux-de-fonds","1065","1793","594","1222","2583","-605","1308","1332"
"la-chaux-de-fonds","1070","1790","614","1289","2419","-769","1190","1247"
"la-chaux-de-fonds","1075","1772","598","1289","2262","-926","1081","1165"
"la-chaux-de-fonds","1080","1742","327","1295","2112","-1076","978","1087"
"la-chaux-de-fonds","1085","1702","282","1425","1967","-1221","880","1012"
"la-chaux-de-fonds","1090","1655","409","1425","1830","-1358","788","941"
"la-chaux-de-fonds","1095","1602","357","1320","1700","-1488","701","873"
"la-chaux-de-fonds","1100","1544","371","1337","1576","-1612","619","809"
"la-chaux-de-fonds","1105","1484","361","1265","1460","-1728","541","749"
"la-chaux-de-fonds","1110","1423","492","1162","1350","-1838","469","692"
"la-chaux-de-fonds","1115","1361","516","1070","1247","-1941","402","639"
"la-chaux-de-fonds","1120","1299","668","982","1151","-2037","339","589"
"la-chaux-de-fonds","1125","1235","483","725","1061","-2127","280","543"
"la-chaux-de-fonds","1130","1171","507","759","977","-2211","227","499"
"la-chaux-de-fonds","1135","1106","499","587","898","-2290","178","459"
"la-chaux-de-fonds","1140","1041","378","548","826","-2362","133","422"
"la-chaux-de-fonds","1145","976","518","472","758","-2430","94","387"
"la-chaux-de-fonds","1150","911","492","463","696","-2492","58","355"
"la-chaux-de-fonds","1155","846","592","463","638","-2550","28","325"
"la-chaux-de-fonds","1160","781","406","435","585","-2603","2","298"
"la-chaux-de-fonds","1165","716","399","435","535","-2653","-19","273"
"la-chaux-de-fonds","1170","651","382","347","490","-2698","-36","249"
"la-chaux-de-fonds","1175","586","349","382","448","-2740","-48","228"
"la-chaux-de-fonds","1180","521","180","299","410","-2778","-56","209"
"la-chaux-de-fonds","1185","456","180","240","375","-2813","-59","190"
"la-chaux-de-fonds","1190","391","178","240","343","-2845","-57","174"
"la-chaux-de-fonds","1195","326","176","116","313","-2875","-51","159"
"la-chaux-de-fonds","1200","261","152","116","286","-2902","-40","145"
"la-chaux-de-fonds","1205","201","31","93","261","-2927","-28","132"
"la-chaux-de-fonds","1210","151","29","73","238","-2950","-19","121"
"la-chaux-de-fonds","1215","111","27","73","217","-2971","-12","110"
"la-chaux-de-fonds","1220","80","10","73","198","-2990","-8","100"
"la-chaux-de-fonds","1225","57","10","50","181","-3007","-5","91"
"la-chaux-de-fonds","1230","39","10","50","165","-3023","-4","83"
"la-chaux-de-fonds","1235","27","10","39","150","-3038","-2","76"
"la-chaux-de-fonds","1240","18","10","15","137","-3051","-1","69"
"la-chaux-de-fonds","1245","12","2","15","125","-3063","-1","63"
"la-chaux-de-fonds","1250","8","0","15","114","-3074","0","57"
"la-chaux-de-fonds","1255","6","0","15","104","-3084","0","52"
"la-chaux-de-fonds","1260","4","0","15","94","-3094","0","48"
"la-chaux-de-fonds","1265","2","0","15","86","-3102","0","43"
"la-chaux-de-fonds","1270","1","0","15","78","-3110","0","40"
"la-chaux-de-fonds","1275","0","0","15","71","-3117","0","36"
"la-chaux-de-fonds","1280","0","0","15","65","-3123","0","33"
"la-chaux-de-fonds","1285","0","0","15","59","-3129","0","30"
"la-chaux-de-fonds","1290","0","0","15","54","-3134","0","27"
"la-chaux-de-fonds","1295","0","0","15","49","-3139","0","25"
"la-chaux-de-fonds","1300","0","0","15","45","-3143","0","23"
"la-chaux-de-fonds","1305","0","0","15","41","-3147","0","20"
"la-chaux-de-fonds","1310","0","0","15","37","-3151","0","19"
"la-chaux-de-fonds","1315","0","0","0","34","-3154","0","17"
"la-chaux-de-fonds","1320","0","0","0","31","-3157","0","15"
"la-chaux-de-fonds","1325","0","0","0","28","-3160","0","14"
"la-chaux-de-fonds","1330","0","0","0","26","-3162","0","13"
"la-chaux-de-fonds","1335","0","0","0","23","-3165","0","12"
"la-chaux-de-fonds","1340","0","0","0","21","-3167","0","11"
"la-chaux-de-fonds","1345","0","0","0","19","-3169","0","10"
"la-chaux-de-fonds","1350","0","0","0","18","-3170","0","9"
"la-chaux-de-fonds","1355","0","0","0","16","-3172","0","8"
"la-chaux-de-fonds","1360","0","0","0","15","-3173","0","7"
"la-chaux-de-fonds","1365","0","0","0","13","-3175","0","7"
"la-chaux-de-fonds","1370","0","0","0","12","-3176","0","6"
"la-chaux-de-fonds","1375","0","0","0","11","-3177","0","5"
"la-chaux-de-fonds","1380","0","0","0","10","-3178","0","5"
"la-chaux-de-fonds","1385","0","0","0","9","-3179","0","5"
"la-chaux-de-fonds","1390","0","0","0","8","-3180","0","4"
"la-chaux-de-fonds","1395","0","0","0","8","-3180","0","4"
"la-chaux-de-fonds","1400","0","0","0","7","-3181","0","3"
"la-chaux-de-fonds","1405","0","0","0","6","-3182","0","3"
"la-chaux-de-fonds","1410","0","0","0","6","-3182","0","3"
"la-chaux-de-fonds","1415","0","0","0","5","-3183","0","3"
"la-chaux-de-fonds","1420","0","0","0","5","-3183","0","2"
"la-chaux-de-fonds","1425","0","0","0","4","-3184","0","2"
"la-chaux-de-fonds","1430","0","0","0","4","-3184","0","2"
"la-chaux-de-fonds","1435","0","0","0","4","-3184","0","2"
"la-chaux-de-fonds","1440","0","0","0","3","-3185","0","2"
